col0_x,col1_x,col2_x,col3_x,col4_x,col5_x,col6_x,col7_x,col8_x,col9_x,col10_x,col11_x,col12_x,col13_x,col14_x,col15_x,col16,col17,col18,col19,col20,col21,col22,col23,col24,col25,col26,col27,col28,col29,col30,col31,col32,col33,col34,col35,col36,col37,col38,col39,col40,col41,col42,col43,col44,col45,col46,col47,col48,col49,col50,col51,col52,col53,col54,col55,col56,col57,col58,col59,col60,col61,col62,col63,col64,col65,col66,col67,col68,col69,col70,col71,col72,col73,col74,col75,col76,col77,col78,col79,col80,col81,col82,col83,col84,col85,col86,col87,col88,col89,col90,col91,col92,col93,col94,col95,col96,col97,col98,time,col0_y,col1_y,col2_y,col3_y,col4_y,col5_y,col6_y,col7_y,col8_y,col9_y,col10_y,col11_y,col12_y,col13_y,col14_y,col15_y,X,Y,Z,L
,0,14.9,0.1,0.4,0.8,1.1,1.4,1.8,2.1,2.5,2.8,3.1,3.5,3.8,4.1,4.5,4.8,5.1,5.5,5.0,6.4,7.1,7.8,8.5,9.2,9.9,10.6,11.3,12.0,13.4,14.1,15.5,17.0,18.4,19.8,21.2,22.6,24.7,26.8,29.0,31.1,33.9,36.7,39.5,43.1,46.6,50.1,54.4,58.6,63.5,69.2,74.8,80.5,87.5,94.6,102.4,110.8,120.0,129.2,140.5,151.8,163.8,177.2,192.0,207.5,225.2,243.5,263.3,284.5,308.5,333.2,360.7,390.4,422.1,456.7,494.1,535.1,578.8,626.1,677.7,733.4,793.4,858.4,929.0,1005.2,1087.8,1176.7,1273.5,1377.2,1490.2,1613.0,1745.0,1888.3,2042.9,2210.2,2391.6,2587.8,2799.6,0,999.9,999.9,999.9,999.9,999.9,999.9,999.9,999.9,999.9,999.9,999.9,999.9,999.9,999.9,999.9,999.9,-3000000.0,-2000000.0,-1000000.0,3741657.3867739416
,0,14.9,0.1,0.4,0.8,1.1,1.4,1.8,2.1,2.5,2.8,3.1,3.5,3.8,4.1,4.5,4.8,5.1,5.5,5.0,6.4,7.1,7.8,8.5,9.2,9.9,10.6,11.3,12.0,13.4,14.1,15.5,17.0,18.4,19.8,21.2,22.6,24.7,26.8,29.0,31.1,33.9,36.7,39.5,43.1,46.6,50.1,54.4,58.6,63.5,69.2,74.8,80.5,87.5,94.6,102.4,110.8,120.0,129.2,140.5,151.8,163.8,177.2,192.0,207.5,225.2,243.5,263.3,284.5,308.5,333.2,360.7,390.4,422.1,456.7,494.1,535.1,578.8,626.1,677.7,733.4,793.4,858.4,929.0,1005.2,1087.8,1176.7,1273.5,1377.2,1490.2,1613.0,1745.0,1888.3,2042.9,2210.2,2391.6,2587.8,2799.6,60,999.9,999.9,999.9,999.9,999.9,999.9,999.9,999.9,999.9,999.9,999.9,999.9,999.9,999.9,999.9,999.9,-2936842.1052631577,-1957894.7368421052,-978947.3684210526,3662885.6523155426
,0,14.9,0.1,0.4,0.8,1.1,1.4,1.8,2.1,2.5,2.8,3.1,3.5,3.8,4.1,4.5,4.8,5.1,5.5,5.0,6.4,7.1,7.8,8.5,9.2,9.9,10.6,11.3,12.0,13.4,14.1,15.5,17.0,18.4,19.8,21.2,22.6,24.7,26.8,29.0,31.1,33.9,36.7,39.5,43.1,46.6,50.1,54.4,58.6,63.5,69.2,74.8,80.5,87.5,94.6,102.4,110.8,120.0,129.2,140.5,151.8,163.8,177.2,192.0,207.5,225.2,243.5,263.3,284.5,308.5,333.2,360.7,390.4,422.1,456.7,494.1,535.1,578.8,626.1,677.7,733.4,793.4,858.4,929.0,1005.2,1087.8,1176.7,1273.5,1377.2,1490.2,1613.0,1745.0,1888.3,2042.9,2210.2,2391.6,2587.8,2799.6,120,999.9,999.9,999.9,999.9,999.9,999.9,999.9,999.9,999.9,999.9,999.9,999.9,999.9,999.9,999.9,999.9,-2873684.210526316,-1915789.4736842106,-957894.7368421053,3584113.917857144
,0,14.9,0.1,0.4,0.8,1.1,1.4,1.8,2.1,2.5,2.8,3.1,3.5,3.8,4.1,4.5,4.8,5.1,5.5,5.0,6.4,7.1,7.8,8.5,9.2,9.9,10.6,11.3,12.0,13.4,14.1,15.5,17.0,18.4,19.8,21.2,22.6,24.7,26.8,29.0,31.1,33.9,36.7,39.5,43.1,46.6,50.1,54.4,58.6,63.5,69.2,74.8,80.5,87.5,94.6,102.4,110.8,120.0,129.2,140.5,151.8,163.8,177.2,192.0,207.5,225.2,243.5,263.3,284.5,308.5,333.2,360.7,390.4,422.1,456.7,494.1,535.1,578.8,626.1,677.7,733.4,793.4,858.4,929.0,1005.2,1087.8,1176.7,1273.5,1377.2,1490.2,1613.0,1745.0,1888.3,2042.9,2210.2,2391.6,2587.8,2799.6,180,999.9,999.9,999.9,999.9,999.9,999.9,999.9,999.9,999.9,999.9,999.9,999.9,999.9,999.9,999.9,999.9,-2810526.3157894737,-1873684.2105263157,-936842.1052631579,3505342.183398745
,0,14.9,0.1,0.4,0.8,1.1,1.4,1.8,2.1,2.5,2.8,3.1,3.5,3.8,4.1,4.5,4.8,5.1,5.5,5.0,6.4,7.1,7.8,8.5,9.2,9.9,10.6,11.3,12.0,13.4,14.1,15.5,17.0,18.4,19.8,21.2,22.6,24.7,26.8,29.0,31.1,33.9,36.7,39.5,43.1,46.6,50.1,54.4,58.6,63.5,69.2,74.8,80.5,87.5,94.6,102.4,110.8,120.0,129.2,140.5,151.8,163.8,177.2,192.0,207.5,225.2,243.5,263.3,284.5,308.5,333.2,360.7,390.4,422.1,456.7,494.1,535.1,578.8,626.1,677.7,733.4,793.4,858.4,929.0,1005.2,1087.8,1176.7,1273.5,1377.2,1490.2,1613.0,1745.0,1888.3,2042.9,2210.2,2391.6,2587.8,2799.6,240,999.9,999.9,999.9,999.9,999.9,999.9,999.9,999.9,999.9,999.9,999.9,999.9,999.9,999.9,999.9,999.9,-2747368.4210526315,-1831578.9473684211,-915789.4736842106,3426570.4489403465
,0,14.9,0.1,0.4,0.8,1.1,1.4,1.8,2.1,2.5,2.8,3.1,3.5,3.8,4.1,4.5,4.8,5.1,5.5,5.0,6.4,7.1,7.8,8.5,9.2,9.9,10.6,11.3,12.0,13.4,14.1,15.5,17.0,18.4,19.8,21.2,22.6,24.7,26.8,29.0,31.1,33.9,36.7,39.5,43.1,46.6,50.1,54.4,58.6,63.5,69.2,74.8,80.5,87.5,94.6,102.4,110.8,120.0,129.2,140.5,151.8,163.8,177.2,192.0,207.5,225.2,243.5,263.3,284.5,308.5,333.2,360.7,390.4,422.1,456.7,494.1,535.1,578.8,626.1,677.7,733.4,793.4,858.4,929.0,1005.2,1087.8,1176.7,1273.5,1377.2,1490.2,1613.0,1745.0,1888.3,2042.9,2210.2,2391.6,2587.8,2799.6,300,999.9,999.9,999.9,999.9,999.9,999.9,999.9,999.9,999.9,999.9,999.9,999.9,999.9,999.9,999.9,999.9,-2684210.5263157897,-1789473.6842105263,-894736.8421052631,3347798.7144819475
,0,14.9,0.1,0.4,0.8,1.1,1.4,1.8,2.1,2.5,2.8,3.1,3.5,3.8,4.1,4.5,4.8,5.1,5.5,5.0,6.4,7.1,7.8,8.5,9.2,9.9,10.6,11.3,12.0,13.4,14.1,15.5,17.0,18.4,19.8,21.2,22.6,24.7,26.8,29.0,31.1,33.9,36.7,39.5,43.1,46.6,50.1,54.4,58.6,63.5,69.2,74.8,80.5,87.5,94.6,102.4,110.8,120.0,129.2,140.5,151.8,163.8,177.2,192.0,207.5,225.2,243.5,263.3,284.5,308.5,333.2,360.7,390.4,422.1,456.7,494.1,535.1,578.8,626.1,677.7,733.4,793.4,858.4,929.0,1005.2,1087.8,1176.7,1273.5,1377.2,1490.2,1613.0,1745.0,1888.3,2042.9,2210.2,2391.6,2587.8,2799.6,360,999.9,999.9,999.9,999.9,999.9,999.9,999.9,999.9,999.9,999.9,999.9,999.9,999.9,999.9,999.9,999.9,-2621052.6315789474,-1747368.4210526315,-873684.2105263157,3269026.980023549
,0,14.9,0.1,0.4,0.8,1.1,1.4,1.8,2.1,2.5,2.8,3.1,3.5,3.8,4.1,4.5,4.8,5.1,5.5,5.0,6.4,7.1,7.8,8.5,9.2,9.9,10.6,11.3,12.0,13.4,14.1,15.5,17.0,18.4,19.8,21.2,22.6,24.7,26.8,29.0,31.1,33.9,36.7,39.5,43.1,46.6,50.1,54.4,58.6,63.5,69.2,74.8,80.5,87.5,94.6,102.4,110.8,120.0,129.2,140.5,151.8,163.8,177.2,192.0,207.5,225.2,243.5,263.3,284.5,308.5,333.2,360.7,390.4,422.1,456.7,494.1,535.1,578.8,626.1,677.7,733.4,793.4,858.4,929.0,1005.2,1087.8,1176.7,1273.5,1377.2,1490.2,1613.0,1745.0,1888.3,2042.9,2210.2,2391.6,2587.8,2799.6,420,999.9,999.9,999.9,999.9,999.9,999.9,999.9,999.9,999.9,999.9,999.9,999.9,999.9,999.9,999.9,999.9,-2557894.736842105,-1705263.1578947369,-852631.5789473684,3190255.24556515
,0,14.9,0.1,0.4,0.8,1.1,1.4,1.8,2.1,2.5,2.8,3.1,3.5,3.8,4.1,4.5,4.8,5.1,5.5,5.0,6.4,7.1,7.8,8.5,9.2,9.9,10.6,11.3,12.0,13.4,14.1,15.5,17.0,18.4,19.8,21.2,22.6,24.7,26.8,29.0,31.1,33.9,36.7,39.5,43.1,46.6,50.1,54.4,58.6,63.5,69.2,74.8,80.5,87.5,94.6,102.4,110.8,120.0,129.2,140.5,151.8,163.8,177.2,192.0,207.5,225.2,243.5,263.3,284.5,308.5,333.2,360.7,390.4,422.1,456.7,494.1,535.1,578.8,626.1,677.7,733.4,793.4,858.4,929.0,1005.2,1087.8,1176.7,1273.5,1377.2,1490.2,1613.0,1745.0,1888.3,2042.9,2210.2,2391.6,2587.8,2799.6,480,999.9,999.9,999.9,999.9,999.9,999.9,999.9,999.9,999.9,999.9,999.9,999.9,999.9,999.9,999.9,999.9,-2494736.842105263,-1663157.894736842,-831578.947368421,3111483.511106751
,0,14.9,0.1,0.4,0.8,1.1,1.4,1.8,2.1,2.5,2.8,3.1,3.5,3.8,4.1,4.5,4.8,5.1,5.5,5.0,6.4,7.1,7.8,8.5,9.2,9.9,10.6,11.3,12.0,13.4,14.1,15.5,17.0,18.4,19.8,21.2,22.6,24.7,26.8,29.0,31.1,33.9,36.7,39.5,43.1,46.6,50.1,54.4,58.6,63.5,69.2,74.8,80.5,87.5,94.6,102.4,110.8,120.0,129.2,140.5,151.8,163.8,177.2,192.0,207.5,225.2,243.5,263.3,284.5,308.5,333.2,360.7,390.4,422.1,456.7,494.1,535.1,578.8,626.1,677.7,733.4,793.4,858.4,929.0,1005.2,1087.8,1176.7,1273.5,1377.2,1490.2,1613.0,1745.0,1888.3,2042.9,2210.2,2391.6,2587.8,2799.6,540,999.9,999.9,999.9,999.9,999.9,999.9,999.9,999.9,999.9,999.9,999.9,999.9,999.9,999.9,999.9,999.9,-2431578.947368421,-1621052.6315789474,-810526.3157894737,3032711.7766483524
,0,14.9,0.1,0.4,0.8,1.1,1.4,1.8,2.1,2.5,2.8,3.1,3.5,3.8,4.1,4.5,4.8,5.1,5.5,5.0,6.4,7.1,7.8,8.5,9.2,9.9,10.6,11.3,12.0,13.4,14.1,15.5,17.0,18.4,19.8,21.2,22.6,24.7,26.8,29.0,31.1,33.9,36.7,39.5,43.1,46.6,50.1,54.4,58.6,63.5,69.2,74.8,80.5,87.5,94.6,102.4,110.8,120.0,129.2,140.5,151.8,163.8,177.2,192.0,207.5,225.2,243.5,263.3,284.5,308.5,333.2,360.7,390.4,422.1,456.7,494.1,535.1,578.8,626.1,677.7,733.4,793.4,858.4,929.0,1005.2,1087.8,1176.7,1273.5,1377.2,1490.2,1613.0,1745.0,1888.3,2042.9,2210.2,2391.6,2587.8,2799.6,600,999.9,999.9,999.9,999.9,999.9,999.9,999.9,999.9,999.9,999.9,999.9,999.9,999.9,999.9,999.9,999.9,-2368421.052631579,-1578947.3684210526,-789473.6842105263,2953940.042189954
,0,14.9,0.1,0.4,0.8,1.1,1.4,1.8,2.1,2.5,2.8,3.1,3.5,3.8,4.1,4.5,4.8,5.1,5.5,5.0,6.4,7.1,7.8,8.5,9.2,9.9,10.6,11.3,12.0,13.4,14.1,15.5,17.0,18.4,19.8,21.2,22.6,24.7,26.8,29.0,31.1,33.9,36.7,39.5,43.1,46.6,50.1,54.4,58.6,63.5,69.2,74.8,80.5,87.5,94.6,102.4,110.8,120.0,129.2,140.5,151.8,163.8,177.2,192.0,207.5,225.2,243.5,263.3,284.5,308.5,333.2,360.7,390.4,422.1,456.7,494.1,535.1,578.8,626.1,677.7,733.4,793.4,858.4,929.0,1005.2,1087.8,1176.7,1273.5,1377.2,1490.2,1613.0,1745.0,1888.3,2042.9,2210.2,2391.6,2587.8,2799.6,660,999.9,999.9,999.9,999.9,999.9,999.9,999.9,999.9,999.9,999.9,999.9,999.9,999.9,999.9,999.9,999.9,-2305263.157894737,-1536842.1052631577,-768421.0526315789,2875168.307731555
,0,14.9,0.1,0.4,0.8,1.1,1.4,1.8,2.1,2.5,2.8,3.1,3.5,3.8,4.1,4.5,4.8,5.1,5.5,5.0,6.4,7.1,7.8,8.5,9.2,9.9,10.6,11.3,12.0,13.4,14.1,15.5,17.0,18.4,19.8,21.2,22.6,24.7,26.8,29.0,31.1,33.9,36.7,39.5,43.1,46.6,50.1,54.4,58.6,63.5,69.2,74.8,80.5,87.5,94.6,102.4,110.8,120.0,129.2,140.5,151.8,163.8,177.2,192.0,207.5,225.2,243.5,263.3,284.5,308.5,333.2,360.7,390.4,422.1,456.7,494.1,535.1,578.8,626.1,677.7,733.4,793.4,858.4,929.0,1005.2,1087.8,1176.7,1273.5,1377.2,1490.2,1613.0,1745.0,1888.3,2042.9,2210.2,2391.6,2587.8,2799.6,720,999.9,999.9,999.9,999.9,999.9,999.9,999.9,999.9,999.9,999.9,999.9,999.9,999.9,999.9,999.9,999.9,-2242105.263157895,-1494736.8421052631,-747368.4210526316,2796396.5732731563
,0,14.9,0.1,0.4,0.8,1.1,1.4,1.8,2.1,2.5,2.8,3.1,3.5,3.8,4.1,4.5,4.8,5.1,5.5,5.0,6.4,7.1,7.8,8.5,9.2,9.9,10.6,11.3,12.0,13.4,14.1,15.5,17.0,18.4,19.8,21.2,22.6,24.7,26.8,29.0,31.1,33.9,36.7,39.5,43.1,46.6,50.1,54.4,58.6,63.5,69.2,74.8,80.5,87.5,94.6,102.4,110.8,120.0,129.2,140.5,151.8,163.8,177.2,192.0,207.5,225.2,243.5,263.3,284.5,308.5,333.2,360.7,390.4,422.1,456.7,494.1,535.1,578.8,626.1,677.7,733.4,793.4,858.4,929.0,1005.2,1087.8,1176.7,1273.5,1377.2,1490.2,1613.0,1745.0,1888.3,2042.9,2210.2,2391.6,2587.8,2799.6,780,999.9,999.9,999.9,999.9,999.9,999.9,999.9,999.9,999.9,999.9,999.9,999.9,999.9,999.9,999.9,999.9,-2178947.3684210526,-1452631.5789473685,-726315.7894736843,2717624.8388147573
,0,14.9,0.1,0.4,0.8,1.1,1.4,1.8,2.1,2.5,2.8,3.1,3.5,3.8,4.1,4.5,4.8,5.1,5.5,5.0,6.4,7.1,7.8,8.5,9.2,9.9,10.6,11.3,12.0,13.4,14.1,15.5,17.0,18.4,19.8,21.2,22.6,24.7,26.8,29.0,31.1,33.9,36.7,39.5,43.1,46.6,50.1,54.4,58.6,63.5,69.2,74.8,80.5,87.5,94.6,102.4,110.8,120.0,129.2,140.5,151.8,163.8,177.2,192.0,207.5,225.2,243.5,263.3,284.5,308.5,333.2,360.7,390.4,422.1,456.7,494.1,535.1,578.8,626.1,677.7,733.4,793.4,858.4,929.0,1005.2,1087.8,1176.7,1273.5,1377.2,1490.2,1613.0,1745.0,1888.3,2042.9,2210.2,2391.6,2587.8,2799.6,840,999.9,999.9,999.9,999.9,999.9,999.9,999.9,999.9,999.9,999.9,999.9,999.9,999.9,999.9,999.9,999.9,-2115789.4736842103,-1410526.3157894737,-705263.1578947369,2638853.1043563588
,0,14.9,0.1,0.4,0.8,1.1,1.4,1.8,2.1,2.5,2.8,3.1,3.5,3.8,4.1,4.5,4.8,5.1,5.5,5.0,6.4,7.1,7.8,8.5,9.2,9.9,10.6,11.3,12.0,13.4,14.1,15.5,17.0,18.4,19.8,21.2,22.6,24.7,26.8,29.0,31.1,33.9,36.7,39.5,43.1,46.6,50.1,54.4,58.6,63.5,69.2,74.8,80.5,87.5,94.6,102.4,110.8,120.0,129.2,140.5,151.8,163.8,177.2,192.0,207.5,225.2,243.5,263.3,284.5,308.5,333.2,360.7,390.4,422.1,456.7,494.1,535.1,578.8,626.1,677.7,733.4,793.4,858.4,929.0,1005.2,1087.8,1176.7,1273.5,1377.2,1490.2,1613.0,1745.0,1888.3,2042.9,2210.2,2391.6,2587.8,2799.6,900,999.9,999.9,999.9,999.9,999.9,999.9,999.9,999.9,999.9,999.9,999.9,999.9,999.9,999.9,999.9,999.9,-2052631.5789473685,-1368421.0526315789,-684210.5263157894,2560081.3698979598
,0,14.9,0.1,0.4,0.8,1.1,1.4,1.8,2.1,2.5,2.8,3.1,3.5,3.8,4.1,4.5,4.8,5.1,5.5,5.0,6.4,7.1,7.8,8.5,9.2,9.9,10.6,11.3,12.0,13.4,14.1,15.5,17.0,18.4,19.8,21.2,22.6,24.7,26.8,29.0,31.1,33.9,36.7,39.5,43.1,46.6,50.1,54.4,58.6,63.5,69.2,74.8,80.5,87.5,94.6,102.4,110.8,120.0,129.2,140.5,151.8,163.8,177.2,192.0,207.5,225.2,243.5,263.3,284.5,308.5,333.2,360.7,390.4,422.1,456.7,494.1,535.1,578.8,626.1,677.7,733.4,793.4,858.4,929.0,1005.2,1087.8,1176.7,1273.5,1377.2,1490.2,1613.0,1745.0,1888.3,2042.9,2210.2,2391.6,2587.8,2799.6,960,999.9,999.9,999.9,999.9,999.9,999.9,999.9,999.9,999.9,999.9,999.9,999.9,999.9,999.9,999.9,999.9,-1989473.6842105263,-1326315.789473684,-663157.894736842,2481309.635439561
,0,14.9,0.1,0.4,0.8,1.1,1.4,1.8,2.1,2.5,2.8,3.1,3.5,3.8,4.1,4.5,4.8,5.1,5.5,5.0,6.4,7.1,7.8,8.5,9.2,9.9,10.6,11.3,12.0,13.4,14.1,15.5,17.0,18.4,19.8,21.2,22.6,24.7,26.8,29.0,31.1,33.9,36.7,39.5,43.1,46.6,50.1,54.4,58.6,63.5,69.2,74.8,80.5,87.5,94.6,102.4,110.8,120.0,129.2,140.5,151.8,163.8,177.2,192.0,207.5,225.2,243.5,263.3,284.5,308.5,333.2,360.7,390.4,422.1,456.7,494.1,535.1,578.8,626.1,677.7,733.4,793.4,858.4,929.0,1005.2,1087.8,1176.7,1273.5,1377.2,1490.2,1613.0,1745.0,1888.3,2042.9,2210.2,2391.6,2587.8,2799.6,1020,999.9,999.9,999.9,999.9,999.9,999.9,999.9,999.9,999.9,999.9,999.9,999.9,999.9,999.9,999.9,999.9,-1926315.7894736843,-1284210.5263157894,-642105.2631578947,2402537.900981162
,0,14.9,0.1,0.4,0.8,1.1,1.4,1.8,2.1,2.5,2.8,3.1,3.5,3.8,4.1,4.5,4.8,5.1,5.5,5.0,6.4,7.1,7.8,8.5,9.2,9.9,10.6,11.3,12.0,13.4,14.1,15.5,17.0,18.4,19.8,21.2,22.6,24.7,26.8,29.0,31.1,33.9,36.7,39.5,43.1,46.6,50.1,54.4,58.6,63.5,69.2,74.8,80.5,87.5,94.6,102.4,110.8,120.0,129.2,140.5,151.8,163.8,177.2,192.0,207.5,225.2,243.5,263.3,284.5,308.5,333.2,360.7,390.4,422.1,456.7,494.1,535.1,578.8,626.1,677.7,733.4,793.4,858.4,929.0,1005.2,1087.8,1176.7,1273.5,1377.2,1490.2,1613.0,1745.0,1888.3,2042.9,2210.2,2391.6,2587.8,2799.6,1080,999.9,999.9,999.9,999.9,999.9,999.9,999.9,999.9,999.9,999.9,999.9,999.9,999.9,999.9,999.9,999.9,-1863157.894736842,-1242105.2631578948,-621052.6315789474,2323766.1665227637
,0,14.9,0.1,0.4,0.8,1.1,1.4,1.8,2.1,2.5,2.8,3.1,3.5,3.8,4.1,4.5,4.8,5.1,5.5,5.0,6.4,7.1,7.8,8.5,9.2,9.9,10.6,11.3,12.0,13.4,14.1,15.5,17.0,18.4,19.8,21.2,22.6,24.7,26.8,29.0,31.1,33.9,36.7,39.5,43.1,46.6,50.1,54.4,58.6,63.5,69.2,74.8,80.5,87.5,94.6,102.4,110.8,120.0,129.2,140.5,151.8,163.8,177.2,192.0,207.5,225.2,243.5,263.3,284.5,308.5,333.2,360.7,390.4,422.1,456.7,494.1,535.1,578.8,626.1,677.7,733.4,793.4,858.4,929.0,1005.2,1087.8,1176.7,1273.5,1377.2,1490.2,1613.0,1745.0,1888.3,2042.9,2210.2,2391.6,2587.8,2799.6,1140,999.9,999.9,999.9,999.9,999.9,999.9,999.9,999.9,999.9,999.9,999.9,999.9,999.9,999.9,999.9,999.9,-1800000.0,-1200000.0,-600000.0,2244994.4320643647
,0,14.9,0.1,0.4,0.8,1.1,1.4,1.8,2.1,2.5,2.8,3.1,3.5,3.8,4.1,4.5,4.8,5.1,5.5,5.0,6.4,7.1,7.8,8.5,9.2,9.9,10.6,11.3,12.0,13.4,14.1,15.5,17.0,18.4,19.8,21.2,22.6,24.7,26.8,29.0,31.1,33.9,36.7,39.5,43.1,46.6,50.1,54.4,58.6,63.5,69.2,74.8,80.5,87.5,94.6,102.4,110.8,120.0,129.2,140.5,151.8,163.8,177.2,192.0,207.5,225.2,243.5,263.3,284.5,308.5,333.2,360.7,390.4,422.1,456.7,494.1,535.1,578.8,626.1,677.7,733.4,793.4,858.4,929.0,1005.2,1087.8,1176.7,1273.5,1377.2,1490.2,1613.0,1745.0,1888.3,2042.9,2210.2,2391.6,2587.8,2799.6,1200,999.9,999.9,999.9,999.9,999.9,999.9,999.9,999.9,999.9,999.9,999.9,999.9,999.9,999.9,999.9,999.9,-1736842.1052631577,-1157894.7368421052,-578947.3684210526,2166222.6976059657
,0,14.9,0.1,0.4,0.8,1.1,1.4,1.8,2.1,2.5,2.8,3.1,3.5,3.8,4.1,4.5,4.8,5.1,5.5,5.0,6.4,7.1,7.8,8.5,9.2,9.9,10.6,11.3,12.0,13.4,14.1,15.5,17.0,18.4,19.8,21.2,22.6,24.7,26.8,29.0,31.1,33.9,36.7,39.5,43.1,46.6,50.1,54.4,58.6,63.5,69.2,74.8,80.5,87.5,94.6,102.4,110.8,120.0,129.2,140.5,151.8,163.8,177.2,192.0,207.5,225.2,243.5,263.3,284.5,308.5,333.2,360.7,390.4,422.1,456.7,494.1,535.1,578.8,626.1,677.7,733.4,793.4,858.4,929.0,1005.2,1087.8,1176.7,1273.5,1377.2,1490.2,1613.0,1745.0,1888.3,2042.9,2210.2,2391.6,2587.8,2799.6,1260,999.9,999.9,999.9,999.9,999.9,999.9,999.9,999.9,999.9,999.9,999.9,999.9,999.9,999.9,999.9,999.9,-1673684.2105263157,-1115789.4736842103,-557894.7368421052,2087450.9631475671
,0,14.9,0.1,0.4,0.8,1.1,1.4,1.8,2.1,2.5,2.8,3.1,3.5,3.8,4.1,4.5,4.8,5.1,5.5,5.0,6.4,7.1,7.8,8.5,9.2,9.9,10.6,11.3,12.0,13.4,14.1,15.5,17.0,18.4,19.8,21.2,22.6,24.7,26.8,29.0,31.1,33.9,36.7,39.5,43.1,46.6,50.1,54.4,58.6,63.5,69.2,74.8,80.5,87.5,94.6,102.4,110.8,120.0,129.2,140.5,151.8,163.8,177.2,192.0,207.5,225.2,243.5,263.3,284.5,308.5,333.2,360.7,390.4,422.1,456.7,494.1,535.1,578.8,626.1,677.7,733.4,793.4,858.4,929.0,1005.2,1087.8,1176.7,1273.5,1377.2,1490.2,1613.0,1745.0,1888.3,2042.9,2210.2,2391.6,2587.8,2799.6,1320,999.9,999.9,999.9,999.9,999.9,999.9,999.9,999.9,999.9,999.9,999.9,999.9,999.9,999.9,999.9,999.9,-1610526.3157894737,-1073684.2105263157,-536842.1052631579,2008679.2286891686
,0,14.9,0.1,0.4,0.8,1.1,1.4,1.8,2.1,2.5,2.8,3.1,3.5,3.8,4.1,4.5,4.8,5.1,5.5,5.0,6.4,7.1,7.8,8.5,9.2,9.9,10.6,11.3,12.0,13.4,14.1,15.5,17.0,18.4,19.8,21.2,22.6,24.7,26.8,29.0,31.1,33.9,36.7,39.5,43.1,46.6,50.1,54.4,58.6,63.5,69.2,74.8,80.5,87.5,94.6,102.4,110.8,120.0,129.2,140.5,151.8,163.8,177.2,192.0,207.5,225.2,243.5,263.3,284.5,308.5,333.2,360.7,390.4,422.1,456.7,494.1,535.1,578.8,626.1,677.7,733.4,793.4,858.4,929.0,1005.2,1087.8,1176.7,1273.5,1377.2,1490.2,1613.0,1745.0,1888.3,2042.9,2210.2,2391.6,2587.8,2799.6,1380,999.9,999.9,999.9,999.9,999.9,999.9,999.9,999.9,999.9,999.9,999.9,999.9,999.9,999.9,999.9,999.9,-1547368.4210526315,-1031578.947368421,-515789.4736842105,1929907.4942307698
,0,14.9,0.1,0.4,0.8,1.1,1.4,1.8,2.1,2.5,2.8,3.1,3.5,3.8,4.1,4.5,4.8,5.1,5.5,5.0,6.4,7.1,7.8,8.5,9.2,9.9,10.6,11.3,12.0,13.4,14.1,15.5,17.0,18.4,19.8,21.2,22.6,24.7,26.8,29.0,31.1,33.9,36.7,39.5,43.1,46.6,50.1,54.4,58.6,63.5,69.2,74.8,80.5,87.5,94.6,102.4,110.8,120.0,129.2,140.5,151.8,163.8,177.2,192.0,207.5,225.2,243.5,263.3,284.5,308.5,333.2,360.7,390.4,422.1,456.7,494.1,535.1,578.8,626.1,677.7,733.4,793.4,858.4,929.0,1005.2,1087.8,1176.7,1273.5,1377.2,1490.2,1613.0,1745.0,1888.3,2042.9,2210.2,2391.6,2587.8,2799.6,1440,999.9,999.9,999.9,999.9,999.9,999.9,999.9,999.9,999.9,999.9,999.9,999.9,999.9,999.9,999.9,999.9,-1484210.5263157894,-989473.6842105263,-494736.84210526315,1851135.759772371
,0,14.9,0.1,0.4,0.8,1.1,1.4,1.8,2.1,2.5,2.8,3.1,3.5,3.8,4.1,4.5,4.8,5.1,5.5,5.0,6.4,7.1,7.8,8.5,9.2,9.9,10.6,11.3,12.0,13.4,14.1,15.5,17.0,18.4,19.8,21.2,22.6,24.7,26.8,29.0,31.1,33.9,36.7,39.5,43.1,46.6,50.1,54.4,58.6,63.5,69.2,74.8,80.5,87.5,94.6,102.4,110.8,120.0,129.2,140.5,151.8,163.8,177.2,192.0,207.5,225.2,243.5,263.3,284.5,308.5,333.2,360.7,390.4,422.1,456.7,494.1,535.1,578.8,626.1,677.7,733.4,793.4,858.4,929.0,1005.2,1087.8,1176.7,1273.5,1377.2,1490.2,1613.0,1745.0,1888.3,2042.9,2210.2,2391.6,2587.8,2799.6,1500,999.9,999.9,999.9,999.9,999.9,999.9,999.9,999.9,999.9,999.9,999.9,999.9,999.9,999.9,999.9,999.9,-1421052.6315789474,-947368.4210526315,-473684.2105263157,1772364.025313972
,0,14.9,0.1,0.4,0.8,1.1,1.4,1.8,2.1,2.5,2.8,3.1,3.5,3.8,4.1,4.5,4.8,5.1,5.5,5.0,6.4,7.1,7.8,8.5,9.2,9.9,10.6,11.3,12.0,13.4,14.1,15.5,17.0,18.4,19.8,21.2,22.6,24.7,26.8,29.0,31.1,33.9,36.7,39.5,43.1,46.6,50.1,54.4,58.6,63.5,69.2,74.8,80.5,87.5,94.6,102.4,110.8,120.0,129.2,140.5,151.8,163.8,177.2,192.0,207.5,225.2,243.5,263.3,284.5,308.5,333.2,360.7,390.4,422.1,456.7,494.1,535.1,578.8,626.1,677.7,733.4,793.4,858.4,929.0,1005.2,1087.8,1176.7,1273.5,1377.2,1490.2,1613.0,1745.0,1888.3,2042.9,2210.2,2391.6,2587.8,2799.6,1560,999.9,999.9,999.9,999.9,999.9,999.9,999.9,999.9,999.9,999.9,999.9,999.9,999.9,999.9,999.9,999.9,-1357894.7368421052,-905263.1578947369,-452631.5789473684,1693592.2908555733
,0,14.9,0.1,0.4,0.8,1.1,1.4,1.8,2.1,2.5,2.8,3.1,3.5,3.8,4.1,4.5,4.8,5.1,5.5,5.0,6.4,7.1,7.8,8.5,9.2,9.9,10.6,11.3,12.0,13.4,14.1,15.5,17.0,18.4,19.8,21.2,22.6,24.7,26.8,29.0,31.1,33.9,36.7,39.5,43.1,46.6,50.1,54.4,58.6,63.5,69.2,74.8,80.5,87.5,94.6,102.4,110.8,120.0,129.2,140.5,151.8,163.8,177.2,192.0,207.5,225.2,243.5,263.3,284.5,308.5,333.2,360.7,390.4,422.1,456.7,494.1,535.1,578.8,626.1,677.7,733.4,793.4,858.4,929.0,1005.2,1087.8,1176.7,1273.5,1377.2,1490.2,1613.0,1745.0,1888.3,2042.9,2210.2,2391.6,2587.8,2799.6,1620,999.9,999.9,999.9,999.9,999.9,999.9,999.9,999.9,999.9,999.9,999.9,999.9,999.9,999.9,999.9,999.9,-1294736.8421052631,-863157.894736842,-431578.947368421,1614820.5563971747
,0,14.9,0.1,0.4,0.8,1.1,1.4,1.8,2.1,2.5,2.8,3.1,3.5,3.8,4.1,4.5,4.8,5.1,5.5,5.0,6.4,7.1,7.8,8.5,9.2,9.9,10.6,11.3,12.0,13.4,14.1,15.5,17.0,18.4,19.8,21.2,22.6,24.7,26.8,29.0,31.1,33.9,36.7,39.5,43.1,46.6,50.1,54.4,58.6,63.5,69.2,74.8,80.5,87.5,94.6,102.4,110.8,120.0,129.2,140.5,151.8,163.8,177.2,192.0,207.5,225.2,243.5,263.3,284.5,308.5,333.2,360.7,390.4,422.1,456.7,494.1,535.1,578.8,626.1,677.7,733.4,793.4,858.4,929.0,1005.2,1087.8,1176.7,1273.5,1377.2,1490.2,1613.0,1745.0,1888.3,2042.9,2210.2,2391.6,2587.8,2799.6,1680,999.9,999.9,999.9,999.9,999.9,999.9,999.9,999.9,999.9,999.9,999.9,999.9,999.9,999.9,999.9,999.9,-1231578.9473684211,-821052.6315789472,-410526.3157894736,1536048.8219387757
,0,14.9,0.1,0.4,0.8,1.1,1.4,1.8,2.1,2.5,2.8,3.1,3.5,3.8,4.1,4.5,4.8,5.1,5.5,5.0,6.4,7.1,7.8,8.5,9.2,9.9,10.6,11.3,12.0,13.4,14.1,15.5,17.0,18.4,19.8,21.2,22.6,24.7,26.8,29.0,31.1,33.9,36.7,39.5,43.1,46.6,50.1,54.4,58.6,63.5,69.2,74.8,80.5,87.5,94.6,102.4,110.8,120.0,129.2,140.5,151.8,163.8,177.2,192.0,207.5,225.2,243.5,263.3,284.5,308.5,333.2,360.7,390.4,422.1,456.7,494.1,535.1,578.8,626.1,677.7,733.4,793.4,858.4,929.0,1005.2,1087.8,1176.7,1273.5,1377.2,1490.2,1613.0,1745.0,1888.3,2042.9,2210.2,2391.6,2587.8,2799.6,1740,999.9,999.9,999.9,999.9,999.9,999.9,999.9,999.9,999.9,999.9,999.9,999.9,999.9,999.9,999.9,999.9,-1168421.0526315789,-778947.3684210526,-389473.6842105263,1457277.0874803772
,0,14.9,0.1,0.4,0.8,1.1,1.4,1.8,2.1,2.5,2.8,3.1,3.5,3.8,4.1,4.5,4.8,5.1,5.5,5.0,6.4,7.1,7.8,8.5,9.2,9.9,10.6,11.3,12.0,13.4,14.1,15.5,17.0,18.4,19.8,21.2,22.6,24.7,26.8,29.0,31.1,33.9,36.7,39.5,43.1,46.6,50.1,54.4,58.6,63.5,69.2,74.8,80.5,87.5,94.6,102.4,110.8,120.0,129.2,140.5,151.8,163.8,177.2,192.0,207.5,225.2,243.5,263.3,284.5,308.5,333.2,360.7,390.4,422.1,456.7,494.1,535.1,578.8,626.1,677.7,733.4,793.4,858.4,929.0,1005.2,1087.8,1176.7,1273.5,1377.2,1490.2,1613.0,1745.0,1888.3,2042.9,2210.2,2391.6,2587.8,2799.6,1800,999.9,999.9,999.9,999.9,999.9,999.9,999.9,999.9,999.9,999.9,999.9,999.9,999.9,999.9,999.9,999.9,-1105263.1578947369,-736842.1052631577,-368421.0526315789,1378505.3530219784
,0,14.9,0.1,0.4,0.8,1.1,1.4,1.8,2.1,2.5,2.8,3.1,3.5,3.8,4.1,4.5,4.8,5.1,5.5,5.0,6.4,7.1,7.8,8.5,9.2,9.9,10.6,11.3,12.0,13.4,14.1,15.5,17.0,18.4,19.8,21.2,22.6,24.7,26.8,29.0,31.1,33.9,36.7,39.5,43.1,46.6,50.1,54.4,58.6,63.5,69.2,74.8,80.5,87.5,94.6,102.4,110.8,120.0,129.2,140.5,151.8,163.8,177.2,192.0,207.5,225.2,243.5,263.3,284.5,308.5,333.2,360.7,390.4,422.1,456.7,494.1,535.1,578.8,626.1,677.7,733.4,793.4,858.4,929.0,1005.2,1087.8,1176.7,1273.5,1377.2,1490.2,1613.0,1745.0,1888.3,2042.9,2210.2,2391.6,2587.8,2799.6,1860,999.9,999.9,999.9,999.9,999.9,999.9,999.9,999.9,999.9,999.9,999.9,999.9,999.9,999.9,999.9,999.9,-1042105.2631578946,-694736.8421052631,-347368.4210526316,1299733.6185635796
,0,14.9,0.1,0.4,0.8,1.1,1.4,1.8,2.1,2.5,2.8,3.1,3.5,3.8,4.1,4.5,4.8,5.1,5.5,5.0,6.4,7.1,7.8,8.5,9.2,9.9,10.6,11.3,12.0,13.4,14.1,15.5,17.0,18.4,19.8,21.2,22.6,24.7,26.8,29.0,31.1,33.9,36.7,39.5,43.1,46.6,50.1,54.4,58.6,63.5,69.2,74.8,80.5,87.5,94.6,102.4,110.8,120.0,129.2,140.5,151.8,163.8,177.2,192.0,207.5,225.2,243.5,263.3,284.5,308.5,333.2,360.7,390.4,422.1,456.7,494.1,535.1,578.8,626.1,677.7,733.4,793.4,858.4,929.0,1005.2,1087.8,1176.7,1273.5,1377.2,1490.2,1613.0,1745.0,1888.3,2042.9,2210.2,2391.6,2587.8,2799.6,1920,999.9,999.9,999.9,999.9,999.9,999.9,999.9,999.9,999.9,999.9,999.9,999.9,999.9,999.9,999.9,999.9,-978947.3684210526,-652631.5789473683,-326315.78947368416,1220961.8841051809
,0,14.9,0.1,0.4,0.8,1.1,1.4,1.8,2.1,2.5,2.8,3.1,3.5,3.8,4.1,4.5,4.8,5.1,5.5,5.0,6.4,7.1,7.8,8.5,9.2,9.9,10.6,11.3,12.0,13.4,14.1,15.5,17.0,18.4,19.8,21.2,22.6,24.7,26.8,29.0,31.1,33.9,36.7,39.5,43.1,46.6,50.1,54.4,58.6,63.5,69.2,74.8,80.5,87.5,94.6,102.4,110.8,120.0,129.2,140.5,151.8,163.8,177.2,192.0,207.5,225.2,243.5,263.3,284.5,308.5,333.2,360.7,390.4,422.1,456.7,494.1,535.1,578.8,626.1,677.7,733.4,793.4,858.4,929.0,1005.2,1087.8,1176.7,1273.5,1377.2,1490.2,1613.0,1745.0,1888.3,2042.9,2210.2,2391.6,2587.8,2799.6,1980,999.9,999.9,999.9,999.9,999.9,999.9,999.9,999.9,999.9,999.9,999.9,999.9,999.9,999.9,999.9,999.9,-915789.4736842106,-610526.3157894735,-305263.15789473674,1142190.1496467819
,0,14.9,0.1,0.4,0.8,1.1,1.4,1.8,2.1,2.5,2.8,3.1,3.5,3.8,4.1,4.5,4.8,5.1,5.5,5.0,6.4,7.1,7.8,8.5,9.2,9.9,10.6,11.3,12.0,13.4,14.1,15.5,17.0,18.4,19.8,21.2,22.6,24.7,26.8,29.0,31.1,33.9,36.7,39.5,43.1,46.6,50.1,54.4,58.6,63.5,69.2,74.8,80.5,87.5,94.6,102.4,110.8,120.0,129.2,140.5,151.8,163.8,177.2,192.0,207.5,225.2,243.5,263.3,284.5,308.5,333.2,360.7,390.4,422.1,456.7,494.1,535.1,578.8,626.1,677.7,733.4,793.4,858.4,929.0,1005.2,1087.8,1176.7,1273.5,1377.2,1490.2,1613.0,1745.0,1888.3,2042.9,2210.2,2391.6,2587.8,2799.6,2040,999.9,999.9,999.9,999.9,999.9,999.9,999.9,999.9,999.9,999.9,999.9,999.9,999.9,999.9,999.9,999.9,-852631.5789473685,-568421.0526315789,-284210.52631578944,1063418.4151883833
,0,14.9,0.1,0.4,0.8,1.1,1.4,1.8,2.1,2.5,2.8,3.1,3.5,3.8,4.1,4.5,4.8,5.1,5.5,5.0,6.4,7.1,7.8,8.5,9.2,9.9,10.6,11.3,12.0,13.4,14.1,15.5,17.0,18.4,19.8,21.2,22.6,24.7,26.8,29.0,31.1,33.9,36.7,39.5,43.1,46.6,50.1,54.4,58.6,63.5,69.2,74.8,80.5,87.5,94.6,102.4,110.8,120.0,129.2,140.5,151.8,163.8,177.2,192.0,207.5,225.2,243.5,263.3,284.5,308.5,333.2,360.7,390.4,422.1,456.7,494.1,535.1,578.8,626.1,677.7,733.4,793.4,858.4,929.0,1005.2,1087.8,1176.7,1273.5,1377.2,1490.2,1613.0,1745.0,1888.3,2042.9,2210.2,2391.6,2587.8,2799.6,2100,999.9,999.9,999.9,999.9,999.9,999.9,-33.3,11.9,999.9,999.9,999.9,999.9,999.9,999.9,999.9,999.9,-789473.6842105263,-526315.789473684,-263157.894736842,984646.6807299844
,0,14.9,0.1,0.4,0.8,1.1,1.4,1.8,2.1,2.5,2.8,3.1,3.5,3.8,4.1,4.5,4.8,5.1,5.5,5.0,6.4,7.1,7.8,8.5,9.2,9.9,10.6,11.3,12.0,13.4,14.1,15.5,17.0,18.4,19.8,21.2,22.6,24.7,26.8,29.0,31.1,33.9,36.7,39.5,43.1,46.6,50.1,54.4,58.6,63.5,69.2,74.8,80.5,87.5,94.6,102.4,110.8,120.0,129.2,140.5,151.8,163.8,177.2,192.0,207.5,225.2,243.5,263.3,284.5,308.5,333.2,360.7,390.4,422.1,456.7,494.1,535.1,578.8,626.1,677.7,733.4,793.4,858.4,929.0,1005.2,1087.8,1176.7,1273.5,1377.2,1490.2,1613.0,1745.0,1888.3,2042.9,2210.2,2391.6,2587.8,2799.6,2160,999.9,999.9,999.9,999.9,999.9,999.9,-20.1,5.9,41.2,999.9,999.9,999.9,999.9,999.9,999.9,999.9,-726315.789473684,-484210.52631578944,-242105.26315789472,905874.9462715856
,0,14.9,0.1,0.4,0.8,1.1,1.4,1.8,2.1,2.5,2.8,3.1,3.5,3.8,4.1,4.5,4.8,5.1,5.5,5.0,6.4,7.1,7.8,8.5,9.2,9.9,10.6,11.3,12.0,13.4,14.1,15.5,17.0,18.4,19.8,21.2,22.6,24.7,26.8,29.0,31.1,33.9,36.7,39.5,43.1,46.6,50.1,54.4,58.6,63.5,69.2,74.8,80.5,87.5,94.6,102.4,110.8,120.0,129.2,140.5,151.8,163.8,177.2,192.0,207.5,225.2,243.5,263.3,284.5,308.5,333.2,360.7,390.4,422.1,456.7,494.1,535.1,578.8,626.1,677.7,733.4,793.4,858.4,929.0,1005.2,1087.8,1176.7,1273.5,1377.2,1490.2,1613.0,1745.0,1888.3,2042.9,2210.2,2391.6,2587.8,2799.6,2220,999.9,999.9,999.9,999.9,999.9,-40.4,-18.0,2.9,24.5,999.9,999.9,999.9,999.9,999.9,999.9,999.9,-663157.8947368423,-442105.2631578946,-221052.6315789473,827103.211813187
,0,14.9,0.1,0.4,0.8,1.1,1.4,1.8,2.1,2.5,2.8,3.1,3.5,3.8,4.1,4.5,4.8,5.1,5.5,5.0,6.4,7.1,7.8,8.5,9.2,9.9,10.6,11.3,12.0,13.4,14.1,15.5,17.0,18.4,19.8,21.2,22.6,24.7,26.8,29.0,31.1,33.9,36.7,39.5,43.1,46.6,50.1,54.4,58.6,63.5,69.2,74.8,80.5,87.5,94.6,102.4,110.8,120.0,129.2,140.5,151.8,163.8,177.2,192.0,207.5,225.2,243.5,263.3,284.5,308.5,333.2,360.7,390.4,422.1,456.7,494.1,535.1,578.8,626.1,677.7,733.4,793.4,858.4,929.0,1005.2,1087.8,1176.7,1273.5,1377.2,1490.2,1613.0,1745.0,1888.3,2042.9,2210.2,2391.6,2587.8,2799.6,2280,999.9,999.9,999.9,999.9,999.9,-31.8,-14.7,1.8,22.1,40.9,999.9,999.9,999.9,999.9,999.9,999.9,-600000.0,-399999.99999999977,-199999.99999999988,748331.4773547881
,0,14.9,0.1,0.4,0.8,1.1,1.4,1.8,2.1,2.5,2.8,3.1,3.5,3.8,4.1,4.5,4.8,5.1,5.5,5.0,6.4,7.1,7.8,8.5,9.2,9.9,10.6,11.3,12.0,13.4,14.1,15.5,17.0,18.4,19.8,21.2,22.6,24.7,26.8,29.0,31.1,33.9,36.7,39.5,43.1,46.6,50.1,54.4,58.6,63.5,69.2,74.8,80.5,87.5,94.6,102.4,110.8,120.0,129.2,140.5,151.8,163.8,177.2,192.0,207.5,225.2,243.5,263.3,284.5,308.5,333.2,360.7,390.4,422.1,456.7,494.1,535.1,578.8,626.1,677.7,733.4,793.4,858.4,929.0,1005.2,1087.8,1176.7,1273.5,1377.2,1490.2,1613.0,1745.0,1888.3,2042.9,2210.2,2391.6,2587.8,2799.6,2340,999.9,999.9,999.9,999.9,999.9,-27.8,-12.0,0.8,16.5,33.4,999.9,999.9,999.9,999.9,999.9,999.9,-536842.1052631577,-357894.73684210517,-178947.36842105258,669559.7428963893
,0,14.9,0.1,0.4,0.8,1.1,1.4,1.8,2.1,2.5,2.8,3.1,3.5,3.8,4.1,4.5,4.8,5.1,5.5,5.0,6.4,7.1,7.8,8.5,9.2,9.9,10.6,11.3,12.0,13.4,14.1,15.5,17.0,18.4,19.8,21.2,22.6,24.7,26.8,29.0,31.1,33.9,36.7,39.5,43.1,46.6,50.1,54.4,58.6,63.5,69.2,74.8,80.5,87.5,94.6,102.4,110.8,120.0,129.2,140.5,151.8,163.8,177.2,192.0,207.5,225.2,243.5,263.3,284.5,308.5,333.2,360.7,390.4,422.1,456.7,494.1,535.1,578.8,626.1,677.7,733.4,793.4,858.4,929.0,1005.2,1087.8,1176.7,1273.5,1377.2,1490.2,1613.0,1745.0,1888.3,2042.9,2210.2,2391.6,2587.8,2799.6,2400,999.9,999.9,999.9,999.9,-39.1,-25.3,-12.4,0.2,15.2,28.8,43.7,999.9,999.9,999.9,999.9,999.9,-473684.2105263155,-315789.47368421033,-157894.73684210517,590788.0084379903
,0,14.9,0.1,0.4,0.8,1.1,1.4,1.8,2.1,2.5,2.8,3.1,3.5,3.8,4.1,4.5,4.8,5.1,5.5,5.0,6.4,7.1,7.8,8.5,9.2,9.9,10.6,11.3,12.0,13.4,14.1,15.5,17.0,18.4,19.8,21.2,22.6,24.7,26.8,29.0,31.1,33.9,36.7,39.5,43.1,46.6,50.1,54.4,58.6,63.5,69.2,74.8,80.5,87.5,94.6,102.4,110.8,120.0,129.2,140.5,151.8,163.8,177.2,192.0,207.5,225.2,243.5,263.3,284.5,308.5,333.2,360.7,390.4,422.1,456.7,494.1,535.1,578.8,626.1,677.7,733.4,793.4,858.4,929.0,1005.2,1087.8,1176.7,1273.5,1377.2,1490.2,1613.0,1745.0,1888.3,2042.9,2210.2,2391.6,2587.8,2799.6,2460,999.9,999.9,999.9,999.9,-35.7,-22.8,-10.5,1.4,11.9,24.6,38.3,999.9,999.9,999.9,999.9,999.9,-410526.3157894737,-273684.2105263157,-136842.10526315786,512016.2739795919
,0,14.9,0.1,0.4,0.8,1.1,1.4,1.8,2.1,2.5,2.8,3.1,3.5,3.8,4.1,4.5,4.8,5.1,5.5,5.0,6.4,7.1,7.8,8.5,9.2,9.9,10.6,11.3,12.0,13.4,14.1,15.5,17.0,18.4,19.8,21.2,22.6,24.7,26.8,29.0,31.1,33.9,36.7,39.5,43.1,46.6,50.1,54.4,58.6,63.5,69.2,74.8,80.5,87.5,94.6,102.4,110.8,120.0,129.2,140.5,151.8,163.8,177.2,192.0,207.5,225.2,243.5,263.3,284.5,308.5,333.2,360.7,390.4,422.1,456.7,494.1,535.1,578.8,626.1,677.7,733.4,793.4,858.4,929.0,1005.2,1087.8,1176.7,1273.5,1377.2,1490.2,1613.0,1745.0,1888.3,2042.9,2210.2,2391.6,2587.8,2799.6,2520,999.9,999.9,999.9,-43.2,-31.8,-21.0,-10.7,0.8,11.1,21.7,33.0,999.9,999.9,999.9,999.9,999.9,-347368.42105263146,-231578.9473684209,-115789.47368421045,433244.539521193
,0,14.9,0.1,0.4,0.8,1.1,1.4,1.8,2.1,2.5,2.8,3.1,3.5,3.8,4.1,4.5,4.8,5.1,5.5,5.0,6.4,7.1,7.8,8.5,9.2,9.9,10.6,11.3,12.0,13.4,14.1,15.5,17.0,18.4,19.8,21.2,22.6,24.7,26.8,29.0,31.1,33.9,36.7,39.5,43.1,46.6,50.1,54.4,58.6,63.5,69.2,74.8,80.5,87.5,94.6,102.4,110.8,120.0,129.2,140.5,151.8,163.8,177.2,192.0,207.5,225.2,243.5,263.3,284.5,308.5,333.2,360.7,390.4,422.1,456.7,494.1,535.1,578.8,626.1,677.7,733.4,793.4,858.4,929.0,1005.2,1087.8,1176.7,1273.5,1377.2,1490.2,1613.0,1745.0,1888.3,2042.9,2210.2,2391.6,2587.8,2799.6,2580,999.9,999.9,999.9,-41.5,-30.3,-19.8,-9.6,0.4,10.5,19.7,30.7,42.6,999.9,999.9,999.9,999.9,-284210.5263157892,-189473.68421052606,-94736.84210526303,354472.80506279407
,0,14.9,0.1,0.4,0.8,1.1,1.4,1.8,2.1,2.5,2.8,3.1,3.5,3.8,4.1,4.5,4.8,5.1,5.5,5.0,6.4,7.1,7.8,8.5,9.2,9.9,10.6,11.3,12.0,13.4,14.1,15.5,17.0,18.4,19.8,21.2,22.6,24.7,26.8,29.0,31.1,33.9,36.7,39.5,43.1,46.6,50.1,54.4,58.6,63.5,69.2,74.8,80.5,87.5,94.6,102.4,110.8,120.0,129.2,140.5,151.8,163.8,177.2,192.0,207.5,225.2,243.5,263.3,284.5,308.5,333.2,360.7,390.4,422.1,456.7,494.1,535.1,578.8,626.1,677.7,733.4,793.4,858.4,929.0,1005.2,1087.8,1176.7,1273.5,1377.2,1490.2,1613.0,1745.0,1888.3,2042.9,2210.2,2391.6,2587.8,2799.6,2640,999.9,999.9,999.9,-38.1,-28.6,-18.4,-9.7,-0.0,8.7,18.8,28.2,38.2,999.9,999.9,999.9,999.9,-221052.63157894742,-147368.42105263146,-73684.21052631573,275701.07060439565
,0,14.9,0.1,0.4,0.8,1.1,1.4,1.8,2.1,2.5,2.8,3.1,3.5,3.8,4.1,4.5,4.8,5.1,5.5,5.0,6.4,7.1,7.8,8.5,9.2,9.9,10.6,11.3,12.0,13.4,14.1,15.5,17.0,18.4,19.8,21.2,22.6,24.7,26.8,29.0,31.1,33.9,36.7,39.5,43.1,46.6,50.1,54.4,58.6,63.5,69.2,74.8,80.5,87.5,94.6,102.4,110.8,120.0,129.2,140.5,151.8,163.8,177.2,192.0,207.5,225.2,243.5,263.3,284.5,308.5,333.2,360.7,390.4,422.1,456.7,494.1,535.1,578.8,626.1,677.7,733.4,793.4,858.4,929.0,1005.2,1087.8,1176.7,1273.5,1377.2,1490.2,1613.0,1745.0,1888.3,2042.9,2210.2,2391.6,2587.8,2799.6,2700,999.9,999.9,999.9,-36.6,-27.3,-18.4,-8.8,-0.3,8.3,17.1,26.3,36.0,999.9,999.9,999.9,999.9,-157894.73684210517,-105263.15789473662,-52631.57894736831,196929.3361459967
,0,14.9,0.1,0.4,0.8,1.1,1.4,1.8,2.1,2.5,2.8,3.1,3.5,3.8,4.1,4.5,4.8,5.1,5.5,5.0,6.4,7.1,7.8,8.5,9.2,9.9,10.6,11.3,12.0,13.4,14.1,15.5,17.0,18.4,19.8,21.2,22.6,24.7,26.8,29.0,31.1,33.9,36.7,39.5,43.1,46.6,50.1,54.4,58.6,63.5,69.2,74.8,80.5,87.5,94.6,102.4,110.8,120.0,129.2,140.5,151.8,163.8,177.2,192.0,207.5,225.2,243.5,263.3,284.5,308.5,333.2,360.7,390.4,422.1,456.7,494.1,535.1,578.8,626.1,677.7,733.4,793.4,858.4,929.0,1005.2,1087.8,1176.7,1273.5,1377.2,1490.2,1613.0,1745.0,1888.3,2042.9,2210.2,2391.6,2587.8,2799.6,2760,999.9,999.9,-44.1,-34.5,-26.3,-17.5,-9.0,-0.5,8.0,16.7,24.8,34.4,43.5,999.9,999.9,999.9,-94736.84210526291,-63157.89473684202,-31578.94736842101,118157.6016875979
,0,14.9,0.1,0.4,0.8,1.1,1.4,1.8,2.1,2.5,2.8,3.1,3.5,3.8,4.1,4.5,4.8,5.1,5.5,5.0,6.4,7.1,7.8,8.5,9.2,9.9,10.6,11.3,12.0,13.4,14.1,15.5,17.0,18.4,19.8,21.2,22.6,24.7,26.8,29.0,31.1,33.9,36.7,39.5,43.1,46.6,50.1,54.4,58.6,63.5,69.2,74.8,80.5,87.5,94.6,102.4,110.8,120.0,129.2,140.5,151.8,163.8,177.2,192.0,207.5,225.2,243.5,263.3,284.5,308.5,333.2,360.7,390.4,422.1,456.7,494.1,535.1,578.8,626.1,677.7,733.4,793.4,858.4,929.0,1005.2,1087.8,1176.7,1273.5,1377.2,1490.2,1613.0,1745.0,1888.3,2042.9,2210.2,2391.6,2587.8,2799.6,2820,999.9,999.9,-41.8,-33.4,-24.7,-17.1,-8.9,-0.8,7.4,15.7,23.6,32.7,41.5,999.9,999.9,999.9,-31578.947368421126,-21052.631578947185,-10526.315789473592,39385.86722919932
,0,14.9,0.1,0.4,0.8,1.1,1.4,1.8,2.1,2.5,2.8,3.1,3.5,3.8,4.1,4.5,4.8,5.1,5.5,5.0,6.4,7.1,7.8,8.5,9.2,9.9,10.6,11.3,12.0,13.4,14.1,15.5,17.0,18.4,19.8,21.2,22.6,24.7,26.8,29.0,31.1,33.9,36.7,39.5,43.1,46.6,50.1,54.4,58.6,63.5,69.2,74.8,80.5,87.5,94.6,102.4,110.8,120.0,129.2,140.5,151.8,163.8,177.2,192.0,207.5,225.2,243.5,263.3,284.5,308.5,333.2,360.7,390.4,422.1,456.7,494.1,535.1,578.8,626.1,677.7,733.4,793.4,858.4,929.0,1005.2,1087.8,1176.7,1273.5,1377.2,1490.2,1613.0,1745.0,1888.3,2042.9,2210.2,2391.6,2587.8,2799.6,2880,999.9,999.9,-40.5,-32.3,-24.5,-16.3,-8.2,-0.9,7.1,14.6,23.0,31.2,39.8,999.9,999.9,999.9,31578.947368421126,21052.631578947417,10526.315789473709,39385.86722919947
,0,14.9,0.1,0.4,0.8,1.1,1.4,1.8,2.1,2.5,2.8,3.1,3.5,3.8,4.1,4.5,4.8,5.1,5.5,5.0,6.4,7.1,7.8,8.5,9.2,9.9,10.6,11.3,12.0,13.4,14.1,15.5,17.0,18.4,19.8,21.2,22.6,24.7,26.8,29.0,31.1,33.9,36.7,39.5,43.1,46.6,50.1,54.4,58.6,63.5,69.2,74.8,80.5,87.5,94.6,102.4,110.8,120.0,129.2,140.5,151.8,163.8,177.2,192.0,207.5,225.2,243.5,263.3,284.5,308.5,333.2,360.7,390.4,422.1,456.7,494.1,535.1,578.8,626.1,677.7,733.4,793.4,858.4,929.0,1005.2,1087.8,1176.7,1273.5,1377.2,1490.2,1613.0,1745.0,1888.3,2042.9,2210.2,2391.6,2587.8,2799.6,2940,999.9,999.9,-39.2,-31.3,-23.2,-15.9,-8.2,-1.1,6.6,14.4,21.9,29.7,37.9,999.9,999.9,999.9,94736.84210526338,63157.89473684225,31578.947368421126,118157.60168759842
,0,14.9,0.1,0.4,0.8,1.1,1.4,1.8,2.1,2.5,2.8,3.1,3.5,3.8,4.1,4.5,4.8,5.1,5.5,5.0,6.4,7.1,7.8,8.5,9.2,9.9,10.6,11.3,12.0,13.4,14.1,15.5,17.0,18.4,19.8,21.2,22.6,24.7,26.8,29.0,31.1,33.9,36.7,39.5,43.1,46.6,50.1,54.4,58.6,63.5,69.2,74.8,80.5,87.5,94.6,102.4,110.8,120.0,129.2,140.5,151.8,163.8,177.2,192.0,207.5,225.2,243.5,263.3,284.5,308.5,333.2,360.7,390.4,422.1,456.7,494.1,535.1,578.8,626.1,677.7,733.4,793.4,858.4,929.0,1005.2,1087.8,1176.7,1273.5,1377.2,1490.2,1613.0,1745.0,1888.3,2042.9,2210.2,2391.6,2587.8,2799.6,3000,999.9,999.9,-38.1,-30.5,-22.6,-15.6,-8.1,-0.7,6.2,13.8,21.0,28.5,36.5,44.2,999.9,999.9,157894.73684210517,105263.15789473709,52631.57894736854,196929.336145997
,0,14.9,0.1,0.4,0.8,1.1,1.4,1.8,2.1,2.5,2.8,3.1,3.5,3.8,4.1,4.5,4.8,5.1,5.5,5.0,6.4,7.1,7.8,8.5,9.2,9.9,10.6,11.3,12.0,13.4,14.1,15.5,17.0,18.4,19.8,21.2,22.6,24.7,26.8,29.0,31.1,33.9,36.7,39.5,43.1,46.6,50.1,54.4,58.6,63.5,69.2,74.8,80.5,87.5,94.6,102.4,110.8,120.0,129.2,140.5,151.8,163.8,177.2,192.0,207.5,225.2,243.5,263.3,284.5,308.5,333.2,360.7,390.4,422.1,456.7,494.1,535.1,578.8,626.1,677.7,733.4,793.4,858.4,929.0,1005.2,1087.8,1176.7,1273.5,1377.2,1490.2,1613.0,1745.0,1888.3,2042.9,2210.2,2391.6,2587.8,2799.6,3060,999.9,-44.5,-36.8,-29.5,-22.5,-15.2,-8.0,-0.9,5.8,13.0,20.5,27.8,35.4,42.9,999.9,999.9,221052.63157894742,147368.42105263192,73684.21052631596,275701.07060439594
,0,14.9,0.1,0.4,0.8,1.1,1.4,1.8,2.1,2.5,2.8,3.1,3.5,3.8,4.1,4.5,4.8,5.1,5.5,5.0,6.4,7.1,7.8,8.5,9.2,9.9,10.6,11.3,12.0,13.4,14.1,15.5,17.0,18.4,19.8,21.2,22.6,24.7,26.8,29.0,31.1,33.9,36.7,39.5,43.1,46.6,50.1,54.4,58.6,63.5,69.2,74.8,80.5,87.5,94.6,102.4,110.8,120.0,129.2,140.5,151.8,163.8,177.2,192.0,207.5,225.2,243.5,263.3,284.5,308.5,333.2,360.7,390.4,422.1,456.7,494.1,535.1,578.8,626.1,677.7,733.4,793.4,858.4,929.0,1005.2,1087.8,1176.7,1273.5,1377.2,1490.2,1613.0,1745.0,1888.3,2042.9,2210.2,2391.6,2587.8,2799.6,3120,999.9,-43.7,-36.3,-28.8,-21.9,-14.9,-7.9,-1.1,5.9,12.9,19.7,26.7,34.1,41.8,999.9,999.9,284210.52631578967,189473.6842105263,94736.84210526315,354472.8050627946
,0,14.9,0.1,0.4,0.8,1.1,1.4,1.8,2.1,2.5,2.8,3.1,3.5,3.8,4.1,4.5,4.8,5.1,5.5,5.0,6.4,7.1,7.8,8.5,9.2,9.9,10.6,11.3,12.0,13.4,14.1,15.5,17.0,18.4,19.8,21.2,22.6,24.7,26.8,29.0,31.1,33.9,36.7,39.5,43.1,46.6,50.1,54.4,58.6,63.5,69.2,74.8,80.5,87.5,94.6,102.4,110.8,120.0,129.2,140.5,151.8,163.8,177.2,192.0,207.5,225.2,243.5,263.3,284.5,308.5,333.2,360.7,390.4,422.1,456.7,494.1,535.1,578.8,626.1,677.7,733.4,793.4,858.4,929.0,1005.2,1087.8,1176.7,1273.5,1377.2,1490.2,1613.0,1745.0,1888.3,2042.9,2210.2,2391.6,2587.8,2799.6,3180,999.9,-42.3,-35.3,-28.5,-21.6,-14.8,-7.8,-1.2,5.4,12.6,19.1,26.2,33.2,40.6,999.9,999.9,347368.42105263146,231578.94736842113,115789.47368421056,433244.53952119313
,0,14.9,0.1,0.4,0.8,1.1,1.4,1.8,2.1,2.5,2.8,3.1,3.5,3.8,4.1,4.5,4.8,5.1,5.5,5.0,6.4,7.1,7.8,8.5,9.2,9.9,10.6,11.3,12.0,13.4,14.1,15.5,17.0,18.4,19.8,21.2,22.6,24.7,26.8,29.0,31.1,33.9,36.7,39.5,43.1,46.6,50.1,54.4,58.6,63.5,69.2,74.8,80.5,87.5,94.6,102.4,110.8,120.0,129.2,140.5,151.8,163.8,177.2,192.0,207.5,225.2,243.5,263.3,284.5,308.5,333.2,360.7,390.4,422.1,456.7,494.1,535.1,578.8,626.1,677.7,733.4,793.4,858.4,929.0,1005.2,1087.8,1176.7,1273.5,1377.2,1490.2,1613.0,1745.0,1888.3,2042.9,2210.2,2391.6,2587.8,2799.6,3240,999.9,-41.6,-34.8,-27.9,-21.2,-14.4,-7.6,-1.3,5.4,11.9,18.9,25.8,32.5,39.6,999.9,999.9,410526.3157894737,273684.21052631596,136842.10526315798,512016.27397959214
,0,14.9,0.1,0.4,0.8,1.1,1.4,1.8,2.1,2.5,2.8,3.1,3.5,3.8,4.1,4.5,4.8,5.1,5.5,5.0,6.4,7.1,7.8,8.5,9.2,9.9,10.6,11.3,12.0,13.4,14.1,15.5,17.0,18.4,19.8,21.2,22.6,24.7,26.8,29.0,31.1,33.9,36.7,39.5,43.1,46.6,50.1,54.4,58.6,63.5,69.2,74.8,80.5,87.5,94.6,102.4,110.8,120.0,129.2,140.5,151.8,163.8,177.2,192.0,207.5,225.2,243.5,263.3,284.5,308.5,333.2,360.7,390.4,422.1,456.7,494.1,535.1,578.8,626.1,677.7,733.4,793.4,858.4,929.0,1005.2,1087.8,1176.7,1273.5,1377.2,1490.2,1613.0,1745.0,1888.3,2042.9,2210.2,2391.6,2587.8,2799.6,3300,999.9,-40.8,-34.0,-27.4,-20.7,-14.2,-7.8,-1.4,5.3,11.8,18.5,25.0,31.8,38.5,999.9,999.9,473684.21052631596,315789.4736842108,157894.7368421054,590788.008437991
,0,14.9,0.1,0.4,0.8,1.1,1.4,1.8,2.1,2.5,2.8,3.1,3.5,3.8,4.1,4.5,4.8,5.1,5.5,5.0,6.4,7.1,7.8,8.5,9.2,9.9,10.6,11.3,12.0,13.4,14.1,15.5,17.0,18.4,19.8,21.2,22.6,24.7,26.8,29.0,31.1,33.9,36.7,39.5,43.1,46.6,50.1,54.4,58.6,63.5,69.2,74.8,80.5,87.5,94.6,102.4,110.8,120.0,129.2,140.5,151.8,163.8,177.2,192.0,207.5,225.2,243.5,263.3,284.5,308.5,333.2,360.7,390.4,422.1,456.7,494.1,535.1,578.8,626.1,677.7,733.4,793.4,858.4,929.0,1005.2,1087.8,1176.7,1273.5,1377.2,1490.2,1613.0,1745.0,1888.3,2042.9,2210.2,2391.6,2587.8,2799.6,3360,999.9,-40.1,-33.6,-27.0,-20.6,-14.1,-7.6,-1.2,5.2,11.4,18.1,24.7,31.2,38.0,44.8,999.9,536842.1052631577,357894.73684210563,178947.36842105282,669559.7428963896
,0,14.9,0.1,0.4,0.8,1.1,1.4,1.8,2.1,2.5,2.8,3.1,3.5,3.8,4.1,4.5,4.8,5.1,5.5,5.0,6.4,7.1,7.8,8.5,9.2,9.9,10.6,11.3,12.0,13.4,14.1,15.5,17.0,18.4,19.8,21.2,22.6,24.7,26.8,29.0,31.1,33.9,36.7,39.5,43.1,46.6,50.1,54.4,58.6,63.5,69.2,74.8,80.5,87.5,94.6,102.4,110.8,120.0,129.2,140.5,151.8,163.8,177.2,192.0,207.5,225.2,243.5,263.3,284.5,308.5,333.2,360.7,390.4,422.1,456.7,494.1,535.1,578.8,626.1,677.7,733.4,793.4,858.4,929.0,1005.2,1087.8,1176.7,1273.5,1377.2,1490.2,1613.0,1745.0,1888.3,2042.9,2210.2,2391.6,2587.8,2799.6,3420,999.9,-39.7,-33.2,-26.6,-20.3,-13.8,-7.7,-1.3,5.0,11.2,17.6,24.1,30.6,37.4,43.8,999.9,600000.0,400000.0,200000.0,748331.4773547882
,0,14.9,0.1,0.4,0.8,1.1,1.4,1.8,2.1,2.5,2.8,3.1,3.5,3.8,4.1,4.5,4.8,5.1,5.5,5.0,6.4,7.1,7.8,8.5,9.2,9.9,10.6,11.3,12.0,13.4,14.1,15.5,17.0,18.4,19.8,21.2,22.6,24.7,26.8,29.0,31.1,33.9,36.7,39.5,43.1,46.6,50.1,54.4,58.6,63.5,69.2,74.8,80.5,87.5,94.6,102.4,110.8,120.0,129.2,140.5,151.8,163.8,177.2,192.0,207.5,225.2,243.5,263.3,284.5,308.5,333.2,360.7,390.4,422.1,456.7,494.1,535.1,578.8,626.1,677.7,733.4,793.4,858.4,929.0,1005.2,1087.8,1176.7,1273.5,1377.2,1490.2,1613.0,1745.0,1888.3,2042.9,2210.2,2391.6,2587.8,2799.6,3480,999.9,-39.2,-32.7,-26.2,-19.9,-13.8,-7.5,-1.4,4.9,11.0,17.3,23.7,30.2,36.6,43.0,999.9,663157.8947368423,442105.26315789483,221052.63157894742,827103.2118131872
,0,14.9,0.1,0.4,0.8,1.1,1.4,1.8,2.1,2.5,2.8,3.1,3.5,3.8,4.1,4.5,4.8,5.1,5.5,5.0,6.4,7.1,7.8,8.5,9.2,9.9,10.6,11.3,12.0,13.4,14.1,15.5,17.0,18.4,19.8,21.2,22.6,24.7,26.8,29.0,31.1,33.9,36.7,39.5,43.1,46.6,50.1,54.4,58.6,63.5,69.2,74.8,80.5,87.5,94.6,102.4,110.8,120.0,129.2,140.5,151.8,163.8,177.2,192.0,207.5,225.2,243.5,263.3,284.5,308.5,333.2,360.7,390.4,422.1,456.7,494.1,535.1,578.8,626.1,677.7,733.4,793.4,858.4,929.0,1005.2,1087.8,1176.7,1273.5,1377.2,1490.2,1613.0,1745.0,1888.3,2042.9,2210.2,2391.6,2587.8,2799.6,3540,-44.9,-38.5,-32.4,-26.0,-19.8,-13.7,-7.5,-1.3,4.7,11.0,17.2,23.3,29.7,36.0,42.4,999.9,726315.7894736845,484210.52631578967,242105.26315789483,905874.9462715862
,0,14.9,0.1,0.4,0.8,1.1,1.4,1.8,2.1,2.5,2.8,3.1,3.5,3.8,4.1,4.5,4.8,5.1,5.5,5.0,6.4,7.1,7.8,8.5,9.2,9.9,10.6,11.3,12.0,13.4,14.1,15.5,17.0,18.4,19.8,21.2,22.6,24.7,26.8,29.0,31.1,33.9,36.7,39.5,43.1,46.6,50.1,54.4,58.6,63.5,69.2,74.8,80.5,87.5,94.6,102.4,110.8,120.0,129.2,140.5,151.8,163.8,177.2,192.0,207.5,225.2,243.5,263.3,284.5,308.5,333.2,360.7,390.4,422.1,456.7,494.1,535.1,578.8,626.1,677.7,733.4,793.4,858.4,929.0,1005.2,1087.8,1176.7,1273.5,1377.2,1490.2,1613.0,1745.0,1888.3,2042.9,2210.2,2391.6,2587.8,2799.6,3600,-44.4,-38.1,-31.8,-25.8,-19.7,-13.5,-7.5,-1.4,4.7,10.6,16.9,22.9,29.2,35.7,42.0,999.9,789473.6842105263,526315.7894736845,263157.89473684225,984646.6807299847
,0,14.9,0.1,0.4,0.8,1.1,1.4,1.8,2.1,2.5,2.8,3.1,3.5,3.8,4.1,4.5,4.8,5.1,5.5,5.0,6.4,7.1,7.8,8.5,9.2,9.9,10.6,11.3,12.0,13.4,14.1,15.5,17.0,18.4,19.8,21.2,22.6,24.7,26.8,29.0,31.1,33.9,36.7,39.5,43.1,46.6,50.1,54.4,58.6,63.5,69.2,74.8,80.5,87.5,94.6,102.4,110.8,120.0,129.2,140.5,151.8,163.8,177.2,192.0,207.5,225.2,243.5,263.3,284.5,308.5,333.2,360.7,390.4,422.1,456.7,494.1,535.1,578.8,626.1,677.7,733.4,793.4,858.4,929.0,1005.2,1087.8,1176.7,1273.5,1377.2,1490.2,1613.0,1745.0,1888.3,2042.9,2210.2,2391.6,2587.8,2799.6,3660,-44.0,-37.8,-31.7,-25.5,-19.4,-13.3,-7.4,-1.5,4.6,10.6,16.6,22.7,28.8,35.2,41.4,999.9,852631.5789473685,568421.0526315793,284210.52631578967,1063418.4151883838
,0,14.9,0.1,0.4,0.8,1.1,1.4,1.8,2.1,2.5,2.8,3.1,3.5,3.8,4.1,4.5,4.8,5.1,5.5,5.0,6.4,7.1,7.8,8.5,9.2,9.9,10.6,11.3,12.0,13.4,14.1,15.5,17.0,18.4,19.8,21.2,22.6,24.7,26.8,29.0,31.1,33.9,36.7,39.5,43.1,46.6,50.1,54.4,58.6,63.5,69.2,74.8,80.5,87.5,94.6,102.4,110.8,120.0,129.2,140.5,151.8,163.8,177.2,192.0,207.5,225.2,243.5,263.3,284.5,308.5,333.2,360.7,390.4,422.1,456.7,494.1,535.1,578.8,626.1,677.7,733.4,793.4,858.4,929.0,1005.2,1087.8,1176.7,1273.5,1377.2,1490.2,1613.0,1745.0,1888.3,2042.9,2210.2,2391.6,2587.8,2799.6,3720,-43.5,-37.5,-31.3,-25.3,-19.3,-13.3,-7.3,-1.4,4.4,10.4,16.4,22.5,28.7,34.7,41.0,999.9,915789.4736842108,610526.3157894737,305263.15789473685,1142190.1496467823
,0,14.9,0.1,0.4,0.8,1.1,1.4,1.8,2.1,2.5,2.8,3.1,3.5,3.8,4.1,4.5,4.8,5.1,5.5,5.0,6.4,7.1,7.8,8.5,9.2,9.9,10.6,11.3,12.0,13.4,14.1,15.5,17.0,18.4,19.8,21.2,22.6,24.7,26.8,29.0,31.1,33.9,36.7,39.5,43.1,46.6,50.1,54.4,58.6,63.5,69.2,74.8,80.5,87.5,94.6,102.4,110.8,120.0,129.2,140.5,151.8,163.8,177.2,192.0,207.5,225.2,243.5,263.3,284.5,308.5,333.2,360.7,390.4,422.1,456.7,494.1,535.1,578.8,626.1,677.7,733.4,793.4,858.4,929.0,1005.2,1087.8,1176.7,1273.5,1377.2,1490.2,1613.0,1745.0,1888.3,2042.9,2210.2,2391.6,2587.8,2799.6,3780,-43.2,-37.1,-31.1,-25.1,-19.2,-13.3,-7.4,-1.5,4.4,10.3,16.2,22.2,28.3,34.4,40.5,999.9,978947.3684210526,652631.5789473685,326315.7894736843,1220961.8841051809
,0,14.9,0.1,0.4,0.8,1.1,1.4,1.8,2.1,2.5,2.8,3.1,3.5,3.8,4.1,4.5,4.8,5.1,5.5,5.0,6.4,7.1,7.8,8.5,9.2,9.9,10.6,11.3,12.0,13.4,14.1,15.5,17.0,18.4,19.8,21.2,22.6,24.7,26.8,29.0,31.1,33.9,36.7,39.5,43.1,46.6,50.1,54.4,58.6,63.5,69.2,74.8,80.5,87.5,94.6,102.4,110.8,120.0,129.2,140.5,151.8,163.8,177.2,192.0,207.5,225.2,243.5,263.3,284.5,308.5,333.2,360.7,390.4,422.1,456.7,494.1,535.1,578.8,626.1,677.7,733.4,793.4,858.4,929.0,1005.2,1087.8,1176.7,1273.5,1377.2,1490.2,1613.0,1745.0,1888.3,2042.9,2210.2,2391.6,2587.8,2799.6,3840,-42.8,-36.9,-30.9,-25.0,-19.1,-13.1,-7.4,-1.6,4.3,10.2,16.1,22.0,28.0,34.0,40.1,999.9,1042105.2631578948,694736.8421052634,347368.4210526317,1299733.6185635799
,0,14.9,0.1,0.4,0.8,1.1,1.4,1.8,2.1,2.5,2.8,3.1,3.5,3.8,4.1,4.5,4.8,5.1,5.5,5.0,6.4,7.1,7.8,8.5,9.2,9.9,10.6,11.3,12.0,13.4,14.1,15.5,17.0,18.4,19.8,21.2,22.6,24.7,26.8,29.0,31.1,33.9,36.7,39.5,43.1,46.6,50.1,54.4,58.6,63.5,69.2,74.8,80.5,87.5,94.6,102.4,110.8,120.0,129.2,140.5,151.8,163.8,177.2,192.0,207.5,225.2,243.5,263.3,284.5,308.5,333.2,360.7,390.4,422.1,456.7,494.1,535.1,578.8,626.1,677.7,733.4,793.4,858.4,929.0,1005.2,1087.8,1176.7,1273.5,1377.2,1490.2,1613.0,1745.0,1888.3,2042.9,2210.2,2391.6,2587.8,2799.6,3900,-42.5,-36.6,-30.7,-24.8,-18.9,-13.1,-7.3,-1.5,4.2,10.1,15.9,21.8,27.7,33.7,39.7,999.9,1105263.157894737,736842.1052631582,368421.0526315791,1378505.3530219789
,0,14.9,0.1,0.4,0.8,1.1,1.4,1.8,2.1,2.5,2.8,3.1,3.5,3.8,4.1,4.5,4.8,5.1,5.5,5.0,6.4,7.1,7.8,8.5,9.2,9.9,10.6,11.3,12.0,13.4,14.1,15.5,17.0,18.4,19.8,21.2,22.6,24.7,26.8,29.0,31.1,33.9,36.7,39.5,43.1,46.6,50.1,54.4,58.6,63.5,69.2,74.8,80.5,87.5,94.6,102.4,110.8,120.0,129.2,140.5,151.8,163.8,177.2,192.0,207.5,225.2,243.5,263.3,284.5,308.5,333.2,360.7,390.4,422.1,456.7,494.1,535.1,578.8,626.1,677.7,733.4,793.4,858.4,929.0,1005.2,1087.8,1176.7,1273.5,1377.2,1490.2,1613.0,1745.0,1888.3,2042.9,2210.2,2391.6,2587.8,2799.6,3960,-42.2,-36.3,-30.5,-24.6,-18.8,-13.0,-7.2,-1.6,4.2,10.0,15.8,21.6,27.5,33.4,39.4,999.9,1168421.0526315789,778947.368421053,389473.6842105265,1457277.0874803774
,0,14.9,0.1,0.4,0.8,1.1,1.4,1.8,2.1,2.5,2.8,3.1,3.5,3.8,4.1,4.5,4.8,5.1,5.5,5.0,6.4,7.1,7.8,8.5,9.2,9.9,10.6,11.3,12.0,13.4,14.1,15.5,17.0,18.4,19.8,21.2,22.6,24.7,26.8,29.0,31.1,33.9,36.7,39.5,43.1,46.6,50.1,54.4,58.6,63.5,69.2,74.8,80.5,87.5,94.6,102.4,110.8,120.0,129.2,140.5,151.8,163.8,177.2,192.0,207.5,225.2,243.5,263.3,284.5,308.5,333.2,360.7,390.4,422.1,456.7,494.1,535.1,578.8,626.1,677.7,733.4,793.4,858.4,929.0,1005.2,1087.8,1176.7,1273.5,1377.2,1490.2,1613.0,1745.0,1888.3,2042.9,2210.2,2391.6,2587.8,2799.6,4020,-42.0,-36.1,-30.3,-24.5,-18.7,-12.9,-7.3,-1.6,4.2,9.9,15.6,21.5,27.3,33.2,39.0,44.9,1231578.9473684216,821052.6315789474,410526.3157894737,1536048.8219387764
,0,14.9,0.1,0.4,0.8,1.1,1.4,1.8,2.1,2.5,2.8,3.1,3.5,3.8,4.1,4.5,4.8,5.1,5.5,5.0,6.4,7.1,7.8,8.5,9.2,9.9,10.6,11.3,12.0,13.4,14.1,15.5,17.0,18.4,19.8,21.2,22.6,24.7,26.8,29.0,31.1,33.9,36.7,39.5,43.1,46.6,50.1,54.4,58.6,63.5,69.2,74.8,80.5,87.5,94.6,102.4,110.8,120.0,129.2,140.5,151.8,163.8,177.2,192.0,207.5,225.2,243.5,263.3,284.5,308.5,333.2,360.7,390.4,422.1,456.7,494.1,535.1,578.8,626.1,677.7,733.4,793.4,858.4,929.0,1005.2,1087.8,1176.7,1273.5,1377.2,1490.2,1613.0,1745.0,1888.3,2042.9,2210.2,2391.6,2587.8,2799.6,4080,-41.8,-35.9,-30.1,-24.4,-18.6,-12.9,-7.2,-1.5,4.1,9.8,15.5,21.3,27.1,33.0,38.8,44.6,1294736.842105263,863157.8947368423,431578.9473684211,1614820.5563971745
,0,14.9,0.1,0.4,0.8,1.1,1.4,1.8,2.1,2.5,2.8,3.1,3.5,3.8,4.1,4.5,4.8,5.1,5.5,5.0,6.4,7.1,7.8,8.5,9.2,9.9,10.6,11.3,12.0,13.4,14.1,15.5,17.0,18.4,19.8,21.2,22.6,24.7,26.8,29.0,31.1,33.9,36.7,39.5,43.1,46.6,50.1,54.4,58.6,63.5,69.2,74.8,80.5,87.5,94.6,102.4,110.8,120.0,129.2,140.5,151.8,163.8,177.2,192.0,207.5,225.2,243.5,263.3,284.5,308.5,333.2,360.7,390.4,422.1,456.7,494.1,535.1,578.8,626.1,677.7,733.4,793.4,858.4,929.0,1005.2,1087.8,1176.7,1273.5,1377.2,1490.2,1613.0,1745.0,1888.3,2042.9,2210.2,2391.6,2587.8,2799.6,4140,-41.6,-35.7,-30.0,-24.2,-18.5,-12.9,-7.2,-1.6,4.1,9.7,15.5,21.2,26.9,32.8,38.5,44.3,1357894.7368421052,905263.1578947371,452631.57894736854,1693592.2908555735
,0,14.9,0.1,0.4,0.8,1.1,1.4,1.8,2.1,2.5,2.8,3.1,3.5,3.8,4.1,4.5,4.8,5.1,5.5,5.0,6.4,7.1,7.8,8.5,9.2,9.9,10.6,11.3,12.0,13.4,14.1,15.5,17.0,18.4,19.8,21.2,22.6,24.7,26.8,29.0,31.1,33.9,36.7,39.5,43.1,46.6,50.1,54.4,58.6,63.5,69.2,74.8,80.5,87.5,94.6,102.4,110.8,120.0,129.2,140.5,151.8,163.8,177.2,192.0,207.5,225.2,243.5,263.3,284.5,308.5,333.2,360.7,390.4,422.1,456.7,494.1,535.1,578.8,626.1,677.7,733.4,793.4,858.4,929.0,1005.2,1087.8,1176.7,1273.5,1377.2,1490.2,1613.0,1745.0,1888.3,2042.9,2210.2,2391.6,2587.8,2799.6,4200,-41.3,-35.6,-29.8,-24.2,-18.5,-12.9,-7.2,-1.6,4.0,9.7,15.4,21.0,26.8,32.6,38.4,44.0,1421052.6315789474,947368.4210526319,473684.21052631596,1772364.0253139725
,0,14.9,0.1,0.4,0.8,1.1,1.4,1.8,2.1,2.5,2.8,3.1,3.5,3.8,4.1,4.5,4.8,5.1,5.5,5.0,6.4,7.1,7.8,8.5,9.2,9.9,10.6,11.3,12.0,13.4,14.1,15.5,17.0,18.4,19.8,21.2,22.6,24.7,26.8,29.0,31.1,33.9,36.7,39.5,43.1,46.6,50.1,54.4,58.6,63.5,69.2,74.8,80.5,87.5,94.6,102.4,110.8,120.0,129.2,140.5,151.8,163.8,177.2,192.0,207.5,225.2,243.5,263.3,284.5,308.5,333.2,360.7,390.4,422.1,456.7,494.1,535.1,578.8,626.1,677.7,733.4,793.4,858.4,929.0,1005.2,1087.8,1176.7,1273.5,1377.2,1490.2,1613.0,1745.0,1888.3,2042.9,2210.2,2391.6,2587.8,2799.6,4260,-41.1,-35.4,-29.7,-24.1,-18.4,-12.8,-7.2,-1.6,4.0,9.6,15.3,21.0,26.7,32.4,38.1,43.8,1484210.5263157897,989473.6842105268,494736.8421052634,1851135.7597723715
,0,14.9,0.1,0.4,0.8,1.1,1.4,1.8,2.1,2.5,2.8,3.1,3.5,3.8,4.1,4.5,4.8,5.1,5.5,5.0,6.4,7.1,7.8,8.5,9.2,9.9,10.6,11.3,12.0,13.4,14.1,15.5,17.0,18.4,19.8,21.2,22.6,24.7,26.8,29.0,31.1,33.9,36.7,39.5,43.1,46.6,50.1,54.4,58.6,63.5,69.2,74.8,80.5,87.5,94.6,102.4,110.8,120.0,129.2,140.5,151.8,163.8,177.2,192.0,207.5,225.2,243.5,263.3,284.5,308.5,333.2,360.7,390.4,422.1,456.7,494.1,535.1,578.8,626.1,677.7,733.4,793.4,858.4,929.0,1005.2,1087.8,1176.7,1273.5,1377.2,1490.2,1613.0,1745.0,1888.3,2042.9,2210.2,2391.6,2587.8,2799.6,4320,-41.0,-35.3,-29.6,-24.0,-18.4,-12.7,-7.2,-1.6,4.0,9.5,15.2,20.8,26.5,32.2,38.0,43.6,1547368.421052632,1031578.9473684211,515789.47368421056,1929907.49423077
,0,14.9,0.1,0.4,0.8,1.1,1.4,1.8,2.1,2.5,2.8,3.1,3.5,3.8,4.1,4.5,4.8,5.1,5.5,5.0,6.4,7.1,7.8,8.5,9.2,9.9,10.6,11.3,12.0,13.4,14.1,15.5,17.0,18.4,19.8,21.2,22.6,24.7,26.8,29.0,31.1,33.9,36.7,39.5,43.1,46.6,50.1,54.4,58.6,63.5,69.2,74.8,80.5,87.5,94.6,102.4,110.8,120.0,129.2,140.5,151.8,163.8,177.2,192.0,207.5,225.2,243.5,263.3,284.5,308.5,333.2,360.7,390.4,422.1,456.7,494.1,535.1,578.8,626.1,677.7,733.4,793.4,858.4,929.0,1005.2,1087.8,1176.7,1273.5,1377.2,1490.2,1613.0,1745.0,1888.3,2042.9,2210.2,2391.6,2587.8,2799.6,4380,-40.8,-35.2,-29.5,-23.9,-18.3,-12.8,-7.2,-1.6,4.0,9.5,15.1,20.7,26.4,32.1,37.7,43.4,1610526.3157894742,1073684.210526316,536842.105263158,2008679.228689169
,0,14.9,0.1,0.4,0.8,1.1,1.4,1.8,2.1,2.5,2.8,3.1,3.5,3.8,4.1,4.5,4.8,5.1,5.5,5.0,6.4,7.1,7.8,8.5,9.2,9.9,10.6,11.3,12.0,13.4,14.1,15.5,17.0,18.4,19.8,21.2,22.6,24.7,26.8,29.0,31.1,33.9,36.7,39.5,43.1,46.6,50.1,54.4,58.6,63.5,69.2,74.8,80.5,87.5,94.6,102.4,110.8,120.0,129.2,140.5,151.8,163.8,177.2,192.0,207.5,225.2,243.5,263.3,284.5,308.5,333.2,360.7,390.4,422.1,456.7,494.1,535.1,578.8,626.1,677.7,733.4,793.4,858.4,929.0,1005.2,1087.8,1176.7,1273.5,1377.2,1490.2,1613.0,1745.0,1888.3,2042.9,2210.2,2391.6,2587.8,2799.6,4440,-40.7,-35.1,-29.5,-23.8,-18.2,-12.7,-7.2,-1.6,4.0,9.5,15.0,20.7,26.3,31.9,37.6,43.2,1673684.2105263155,1115789.4736842108,557894.7368421054,2087450.9631475671
,0,14.9,0.1,0.4,0.8,1.1,1.4,1.8,2.1,2.5,2.8,3.1,3.5,3.8,4.1,4.5,4.8,5.1,5.5,5.0,6.4,7.1,7.8,8.5,9.2,9.9,10.6,11.3,12.0,13.4,14.1,15.5,17.0,18.4,19.8,21.2,22.6,24.7,26.8,29.0,31.1,33.9,36.7,39.5,43.1,46.6,50.1,54.4,58.6,63.5,69.2,74.8,80.5,87.5,94.6,102.4,110.8,120.0,129.2,140.5,151.8,163.8,177.2,192.0,207.5,225.2,243.5,263.3,284.5,308.5,333.2,360.7,390.4,422.1,456.7,494.1,535.1,578.8,626.1,677.7,733.4,793.4,858.4,929.0,1005.2,1087.8,1176.7,1273.5,1377.2,1490.2,1613.0,1745.0,1888.3,2042.9,2210.2,2391.6,2587.8,2799.6,4500,-40.6,-34.9,-29.4,-23.8,-18.2,-12.7,-7.1,-1.6,3.9,9.4,15.0,20.6,26.2,31.8,37.4,43.0,1736842.1052631577,1157894.7368421056,578947.3684210528,2166222.697605966
,0,14.9,0.1,0.4,0.8,1.1,1.4,1.8,2.1,2.5,2.8,3.1,3.5,3.8,4.1,4.5,4.8,5.1,5.5,5.0,6.4,7.1,7.8,8.5,9.2,9.9,10.6,11.3,12.0,13.4,14.1,15.5,17.0,18.4,19.8,21.2,22.6,24.7,26.8,29.0,31.1,33.9,36.7,39.5,43.1,46.6,50.1,54.4,58.6,63.5,69.2,74.8,80.5,87.5,94.6,102.4,110.8,120.0,129.2,140.5,151.8,163.8,177.2,192.0,207.5,225.2,243.5,263.3,284.5,308.5,333.2,360.7,390.4,422.1,456.7,494.1,535.1,578.8,626.1,677.7,733.4,793.4,858.4,929.0,1005.2,1087.8,1176.7,1273.5,1377.2,1490.2,1613.0,1745.0,1888.3,2042.9,2210.2,2391.6,2587.8,2799.6,4560,-40.5,-34.8,-29.3,-23.7,-18.2,-12.7,-7.1,-1.6,3.9,9.4,14.9,20.5,26.1,31.7,37.3,42.8,1800000.0,1200000.0000000005,600000.0000000002,2244994.432064365
,0,14.9,0.1,0.4,0.8,1.1,1.4,1.8,2.1,2.5,2.8,3.1,3.5,3.8,4.1,4.5,4.8,5.1,5.5,5.0,6.4,7.1,7.8,8.5,9.2,9.9,10.6,11.3,12.0,13.4,14.1,15.5,17.0,18.4,19.8,21.2,22.6,24.7,26.8,29.0,31.1,33.9,36.7,39.5,43.1,46.6,50.1,54.4,58.6,63.5,69.2,74.8,80.5,87.5,94.6,102.4,110.8,120.0,129.2,140.5,151.8,163.8,177.2,192.0,207.5,225.2,243.5,263.3,284.5,308.5,333.2,360.7,390.4,422.1,456.7,494.1,535.1,578.8,626.1,677.7,733.4,793.4,858.4,929.0,1005.2,1087.8,1176.7,1273.5,1377.2,1490.2,1613.0,1745.0,1888.3,2042.9,2210.2,2391.6,2587.8,2799.6,4620,-40.4,-34.8,-29.2,-23.7,-18.1,-12.6,-7.1,-1.6,3.8,9.4,14.9,20.4,26.0,31.6,37.2,42.7,1863157.8947368423,1242105.2631578948,621052.6315789474,2323766.1665227637
,0,14.9,0.1,0.4,0.8,1.1,1.4,1.8,2.1,2.5,2.8,3.1,3.5,3.8,4.1,4.5,4.8,5.1,5.5,5.0,6.4,7.1,7.8,8.5,9.2,9.9,10.6,11.3,12.0,13.4,14.1,15.5,17.0,18.4,19.8,21.2,22.6,24.7,26.8,29.0,31.1,33.9,36.7,39.5,43.1,46.6,50.1,54.4,58.6,63.5,69.2,74.8,80.5,87.5,94.6,102.4,110.8,120.0,129.2,140.5,151.8,163.8,177.2,192.0,207.5,225.2,243.5,263.3,284.5,308.5,333.2,360.7,390.4,422.1,456.7,494.1,535.1,578.8,626.1,677.7,733.4,793.4,858.4,929.0,1005.2,1087.8,1176.7,1273.5,1377.2,1490.2,1613.0,1745.0,1888.3,2042.9,2210.2,2391.6,2587.8,2799.6,4680,-40.2,-34.7,-29.1,-23.6,-18.1,-12.6,-7.1,-1.6,3.8,9.3,14.8,20.4,25.9,31.5,37.0,42.6,1926315.7894736845,1284210.5263157897,642105.2631578948,2402537.9009811627
,0,14.9,0.1,0.4,0.8,1.1,1.4,1.8,2.1,2.5,2.8,3.1,3.5,3.8,4.1,4.5,4.8,5.1,5.5,5.0,6.4,7.1,7.8,8.5,9.2,9.9,10.6,11.3,12.0,13.4,14.1,15.5,17.0,18.4,19.8,21.2,22.6,24.7,26.8,29.0,31.1,33.9,36.7,39.5,43.1,46.6,50.1,54.4,58.6,63.5,69.2,74.8,80.5,87.5,94.6,102.4,110.8,120.0,129.2,140.5,151.8,163.8,177.2,192.0,207.5,225.2,243.5,263.3,284.5,308.5,333.2,360.7,390.4,422.1,456.7,494.1,535.1,578.8,626.1,677.7,733.4,793.4,858.4,929.0,1005.2,1087.8,1176.7,1273.5,1377.2,1490.2,1613.0,1745.0,1888.3,2042.9,2210.2,2391.6,2587.8,2799.6,4740,-40.1,-34.6,-29.1,-23.5,-18.1,-12.6,-7.1,-1.6,3.8,9.3,14.8,20.3,25.9,31.4,37.0,42.4,1989473.6842105268,1326315.7894736845,663157.8947368423,2481309.6354395617
,0,14.9,0.1,0.4,0.8,1.1,1.4,1.8,2.1,2.5,2.8,3.1,3.5,3.8,4.1,4.5,4.8,5.1,5.5,5.0,6.4,7.1,7.8,8.5,9.2,9.9,10.6,11.3,12.0,13.4,14.1,15.5,17.0,18.4,19.8,21.2,22.6,24.7,26.8,29.0,31.1,33.9,36.7,39.5,43.1,46.6,50.1,54.4,58.6,63.5,69.2,74.8,80.5,87.5,94.6,102.4,110.8,120.0,129.2,140.5,151.8,163.8,177.2,192.0,207.5,225.2,243.5,263.3,284.5,308.5,333.2,360.7,390.4,422.1,456.7,494.1,535.1,578.8,626.1,677.7,733.4,793.4,858.4,929.0,1005.2,1087.8,1176.7,1273.5,1377.2,1490.2,1613.0,1745.0,1888.3,2042.9,2210.2,2391.6,2587.8,2799.6,4800,-40.1,-34.5,-29.0,-23.5,-18.0,-12.5,-7.1,-1.7,3.8,9.3,14.7,20.3,25.8,31.3,36.9,42.3,2052631.578947369,1368421.0526315793,684210.5263157897,2560081.3698979607
,0,14.9,0.1,0.4,0.8,1.1,1.4,1.8,2.1,2.5,2.8,3.1,3.5,3.8,4.1,4.5,4.8,5.1,5.5,5.0,6.4,7.1,7.8,8.5,9.2,9.9,10.6,11.3,12.0,13.4,14.1,15.5,17.0,18.4,19.8,21.2,22.6,24.7,26.8,29.0,31.1,33.9,36.7,39.5,43.1,46.6,50.1,54.4,58.6,63.5,69.2,74.8,80.5,87.5,94.6,102.4,110.8,120.0,129.2,140.5,151.8,163.8,177.2,192.0,207.5,225.2,243.5,263.3,284.5,308.5,333.2,360.7,390.4,422.1,456.7,494.1,535.1,578.8,626.1,677.7,733.4,793.4,858.4,929.0,1005.2,1087.8,1176.7,1273.5,1377.2,1490.2,1613.0,1745.0,1888.3,2042.9,2210.2,2391.6,2587.8,2799.6,4860,-40.0,-34.5,-29.0,-23.5,-18.0,-12.6,-7.1,-1.6,3.8,9.2,14.7,20.2,25.7,31.2,36.8,42.2,2115789.4736842103,1410526.3157894742,705263.1578947371,2638853.1043563588
,0,14.9,0.1,0.4,0.8,1.1,1.4,1.8,2.1,2.5,2.8,3.1,3.5,3.8,4.1,4.5,4.8,5.1,5.5,5.0,6.4,7.1,7.8,8.5,9.2,9.9,10.6,11.3,12.0,13.4,14.1,15.5,17.0,18.4,19.8,21.2,22.6,24.7,26.8,29.0,31.1,33.9,36.7,39.5,43.1,46.6,50.1,54.4,58.6,63.5,69.2,74.8,80.5,87.5,94.6,102.4,110.8,120.0,129.2,140.5,151.8,163.8,177.2,192.0,207.5,225.2,243.5,263.3,284.5,308.5,333.2,360.7,390.4,422.1,456.7,494.1,535.1,578.8,626.1,677.7,733.4,793.4,858.4,929.0,1005.2,1087.8,1176.7,1273.5,1377.2,1490.2,1613.0,1745.0,1888.3,2042.9,2210.2,2391.6,2587.8,2799.6,4920,-39.9,-34.4,-28.9,-23.4,-18.0,-12.5,-7.1,-1.6,3.7,9.2,14.7,20.2,25.7,31.2,36.7,36.7,2178947.3684210526,1452631.5789473685,726315.7894736843,2717624.8388147573
,0,14.9,0.1,0.4,0.8,1.1,1.4,1.8,2.1,2.5,2.8,3.1,3.5,3.8,4.1,4.5,4.8,5.1,5.5,5.0,6.4,7.1,7.8,8.5,9.2,9.9,10.6,11.3,12.0,13.4,14.1,15.5,17.0,18.4,19.8,21.2,22.6,24.7,26.8,29.0,31.1,33.9,36.7,39.5,43.1,46.6,50.1,54.4,58.6,63.5,69.2,74.8,80.5,87.5,94.6,102.4,110.8,120.0,129.2,140.5,151.8,163.8,177.2,192.0,207.5,225.2,243.5,263.3,284.5,308.5,333.2,360.7,390.4,422.1,456.7,494.1,535.1,578.8,626.1,677.7,733.4,793.4,858.4,929.0,1005.2,1087.8,1176.7,1273.5,1377.2,1490.2,1613.0,1745.0,1888.3,2042.9,2210.2,2391.6,2587.8,2799.6,4980,-39.8,-34.4,-28.9,-23.4,-17.9,-12.5,-7.1,-1.6,3.8,9.2,14.6,20.1,25.6,31.1,31.1,31.1,2242105.263157895,1494736.8421052634,747368.4210526317,2796396.573273157
,0,14.9,0.1,0.4,0.8,1.1,1.4,1.8,2.1,2.5,2.8,3.1,3.5,3.8,4.1,4.5,4.8,5.1,5.5,5.0,6.4,7.1,7.8,8.5,9.2,9.9,10.6,11.3,12.0,13.4,14.1,15.5,17.0,18.4,19.8,21.2,22.6,24.7,26.8,29.0,31.1,33.9,36.7,39.5,43.1,46.6,50.1,54.4,58.6,63.5,69.2,74.8,80.5,87.5,94.6,102.4,110.8,120.0,129.2,140.5,151.8,163.8,177.2,192.0,207.5,225.2,243.5,263.3,284.5,308.5,333.2,360.7,390.4,422.1,456.7,494.1,535.1,578.8,626.1,677.7,733.4,793.4,858.4,929.0,1005.2,1087.8,1176.7,1273.5,1377.2,1490.2,1613.0,1745.0,1888.3,2042.9,2210.2,2391.6,2587.8,2799.6,5040,-34.3,-34.3,-28.8,-23.4,-17.9,-12.5,-7.1,-1.6,3.7,9.2,14.6,20.1,25.6,31.1,31.1,31.1,2305263.157894737,1536842.1052631582,768421.0526315791,2875168.3077315553
,0,14.9,0.1,0.4,0.8,1.1,1.4,1.8,2.1,2.5,2.8,3.1,3.5,3.8,4.1,4.5,4.8,5.1,5.5,5.0,6.4,7.1,7.8,8.5,9.2,9.9,10.6,11.3,12.0,13.4,14.1,15.5,17.0,18.4,19.8,21.2,22.6,24.7,26.8,29.0,31.1,33.9,36.7,39.5,43.1,46.6,50.1,54.4,58.6,63.5,69.2,74.8,80.5,87.5,94.6,102.4,110.8,120.0,129.2,140.5,151.8,163.8,177.2,192.0,207.5,225.2,243.5,263.3,284.5,308.5,333.2,360.7,390.4,422.1,456.7,494.1,535.1,578.8,626.1,677.7,733.4,793.4,858.4,929.0,1005.2,1087.8,1176.7,1273.5,1377.2,1490.2,1613.0,1745.0,1888.3,2042.9,2210.2,2391.6,2587.8,2799.6,5100,-34.3,-34.3,-28.8,-23.3,-17.9,-12.5,-7.1,-1.7,3.7,9.2,14.6,20.1,25.5,25.5,25.5,25.5,2368421.0526315793,1578947.368421053,789473.6842105265,2953940.0421899543
,0,14.9,0.1,0.4,0.8,1.1,1.4,1.8,2.1,2.5,2.8,3.1,3.5,3.8,4.1,4.5,4.8,5.1,5.5,5.0,6.4,7.1,7.8,8.5,9.2,9.9,10.6,11.3,12.0,13.4,14.1,15.5,17.0,18.4,19.8,21.2,22.6,24.7,26.8,29.0,31.1,33.9,36.7,39.5,43.1,46.6,50.1,54.4,58.6,63.5,69.2,74.8,80.5,87.5,94.6,102.4,110.8,120.0,129.2,140.5,151.8,163.8,177.2,192.0,207.5,225.2,243.5,263.3,284.5,308.5,333.2,360.7,390.4,422.1,456.7,494.1,535.1,578.8,626.1,677.7,733.4,793.4,858.4,929.0,1005.2,1087.8,1176.7,1273.5,1377.2,1490.2,1613.0,1745.0,1888.3,2042.9,2210.2,2391.6,2587.8,2799.6,5160,-28.8,-28.8,-28.8,-23.3,-17.9,-12.5,-7.1,-1.7,3.7,9.1,14.6,20.0,25.5,25.5,25.5,25.5,2431578.9473684216,1621052.6315789479,810526.3157894739,3032711.7766483533
,0,14.9,0.1,0.4,0.8,1.1,1.4,1.8,2.1,2.5,2.8,3.1,3.5,3.8,4.1,4.5,4.8,5.1,5.5,5.0,6.4,7.1,7.8,8.5,9.2,9.9,10.6,11.3,12.0,13.4,14.1,15.5,17.0,18.4,19.8,21.2,22.6,24.7,26.8,29.0,31.1,33.9,36.7,39.5,43.1,46.6,50.1,54.4,58.6,63.5,69.2,74.8,80.5,87.5,94.6,102.4,110.8,120.0,129.2,140.5,151.8,163.8,177.2,192.0,207.5,225.2,243.5,263.3,284.5,308.5,333.2,360.7,390.4,422.1,456.7,494.1,535.1,578.8,626.1,677.7,733.4,793.4,858.4,929.0,1005.2,1087.8,1176.7,1273.5,1377.2,1490.2,1613.0,1745.0,1888.3,2042.9,2210.2,2391.6,2587.8,2799.6,5220,-28.7,-28.7,-28.7,-23.3,-17.9,-12.4,-7.1,-1.7,3.7,9.1,14.5,20.0,20.0,20.0,20.0,20.0,2494736.842105263,1663157.8947368423,831578.9473684211,3111483.511106751
,0,14.9,0.1,0.4,0.8,1.1,1.4,1.8,2.1,2.5,2.8,3.1,3.5,3.8,4.1,4.5,4.8,5.1,5.5,5.0,6.4,7.1,7.8,8.5,9.2,9.9,10.6,11.3,12.0,13.4,14.1,15.5,17.0,18.4,19.8,21.2,22.6,24.7,26.8,29.0,31.1,33.9,36.7,39.5,43.1,46.6,50.1,54.4,58.6,63.5,69.2,74.8,80.5,87.5,94.6,102.4,110.8,120.0,129.2,140.5,151.8,163.8,177.2,192.0,207.5,225.2,243.5,263.3,284.5,308.5,333.2,360.7,390.4,422.1,456.7,494.1,535.1,578.8,626.1,677.7,733.4,793.4,858.4,929.0,1005.2,1087.8,1176.7,1273.5,1377.2,1490.2,1613.0,1745.0,1888.3,2042.9,2210.2,2391.6,2587.8,2799.6,5280,-23.2,-23.2,-23.2,-23.2,-17.8,-12.4,-7.1,-1.7,3.7,9.1,14.5,20.0,20.0,20.0,20.0,20.0,2557894.736842105,1705263.157894737,852631.5789473685,3190255.24556515
,0,14.9,0.1,0.4,0.8,1.1,1.4,1.8,2.1,2.5,2.8,3.1,3.5,3.8,4.1,4.5,4.8,5.1,5.5,5.0,6.4,7.1,7.8,8.5,9.2,9.9,10.6,11.3,12.0,13.4,14.1,15.5,17.0,18.4,19.8,21.2,22.6,24.7,26.8,29.0,31.1,33.9,36.7,39.5,43.1,46.6,50.1,54.4,58.6,63.5,69.2,74.8,80.5,87.5,94.6,102.4,110.8,120.0,129.2,140.5,151.8,163.8,177.2,192.0,207.5,225.2,243.5,263.3,284.5,308.5,333.2,360.7,390.4,422.1,456.7,494.1,535.1,578.8,626.1,677.7,733.4,793.4,858.4,929.0,1005.2,1087.8,1176.7,1273.5,1377.2,1490.2,1613.0,1745.0,1888.3,2042.9,2210.2,2391.6,2587.8,2799.6,5340,-23.2,-23.2,-23.2,-23.2,-17.8,-12.4,-7.1,-1.7,3.7,9.1,14.5,19.9,19.9,19.9,19.9,19.9,2621052.6315789474,1747368.421052632,873684.210526316,3269026.9800235494
,0,14.9,0.1,0.4,0.8,1.1,1.4,1.8,2.1,2.5,2.8,3.1,3.5,3.8,4.1,4.5,4.8,5.1,5.5,5.0,6.4,7.1,7.8,8.5,9.2,9.9,10.6,11.3,12.0,13.4,14.1,15.5,17.0,18.4,19.8,21.2,22.6,24.7,26.8,29.0,31.1,33.9,36.7,39.5,43.1,46.6,50.1,54.4,58.6,63.5,69.2,74.8,80.5,87.5,94.6,102.4,110.8,120.0,129.2,140.5,151.8,163.8,177.2,192.0,207.5,225.2,243.5,263.3,284.5,308.5,333.2,360.7,390.4,422.1,456.7,494.1,535.1,578.8,626.1,677.7,733.4,793.4,858.4,929.0,1005.2,1087.8,1176.7,1273.5,1377.2,1490.2,1613.0,1745.0,1888.3,2042.9,2210.2,2391.6,2587.8,2799.6,5400,-23.2,-23.2,-23.2,-23.2,-17.8,-12.4,-7.1,-1.7,3.7,9.1,14.5,14.5,14.5,14.5,14.5,14.5,2684210.5263157897,1789473.6842105268,894736.8421052634,3347798.714481948
,0,14.9,0.1,0.4,0.8,1.1,1.4,1.8,2.1,2.5,2.8,3.1,3.5,3.8,4.1,4.5,4.8,5.1,5.5,5.0,6.4,7.1,7.8,8.5,9.2,9.9,10.6,11.3,12.0,13.4,14.1,15.5,17.0,18.4,19.8,21.2,22.6,24.7,26.8,29.0,31.1,33.9,36.7,39.5,43.1,46.6,50.1,54.4,58.6,63.5,69.2,74.8,80.5,87.5,94.6,102.4,110.8,120.0,129.2,140.5,151.8,163.8,177.2,192.0,207.5,225.2,243.5,263.3,284.5,308.5,333.2,360.7,390.4,422.1,456.7,494.1,535.1,578.8,626.1,677.7,733.4,793.4,858.4,929.0,1005.2,1087.8,1176.7,1273.5,1377.2,1490.2,1613.0,1745.0,1888.3,2042.9,2210.2,2391.6,2587.8,2799.6,5460,-17.8,-17.8,-17.8,-17.8,-17.8,-12.4,-7.1,-1.7,3.7,9.1,14.5,14.5,14.5,14.5,14.5,14.5,2747368.421052632,1831578.9473684216,915789.4736842108,3426570.448940347
,0,14.9,0.1,0.4,0.8,1.1,1.4,1.8,2.1,2.5,2.8,3.1,3.5,3.8,4.1,4.5,4.8,5.1,5.5,5.0,6.4,7.1,7.8,8.5,9.2,9.9,10.6,11.3,12.0,13.4,14.1,15.5,17.0,18.4,19.8,21.2,22.6,24.7,26.8,29.0,31.1,33.9,36.7,39.5,43.1,46.6,50.1,54.4,58.6,63.5,69.2,74.8,80.5,87.5,94.6,102.4,110.8,120.0,129.2,140.5,151.8,163.8,177.2,192.0,207.5,225.2,243.5,263.3,284.5,308.5,333.2,360.7,390.4,422.1,456.7,494.1,535.1,578.8,626.1,677.7,733.4,793.4,858.4,929.0,1005.2,1087.8,1176.7,1273.5,1377.2,1490.2,1613.0,1745.0,1888.3,2042.9,2210.2,2391.6,2587.8,2799.6,5520,-17.8,-17.8,-17.8,-17.8,-17.8,-12.4,-7.0,-1.7,3.7,9.1,14.5,14.5,14.5,14.5,14.5,14.5,2810526.315789474,1873684.210526316,936842.105263158,3505342.1833987455
,0,14.9,0.1,0.4,0.8,1.1,1.4,1.8,2.1,2.5,2.8,3.1,3.5,3.8,4.1,4.5,4.8,5.1,5.5,5.0,6.4,7.1,7.8,8.5,9.2,9.9,10.6,11.3,12.0,13.4,14.1,15.5,17.0,18.4,19.8,21.2,22.6,24.7,26.8,29.0,31.1,33.9,36.7,39.5,43.1,46.6,50.1,54.4,58.6,63.5,69.2,74.8,80.5,87.5,94.6,102.4,110.8,120.0,129.2,140.5,151.8,163.8,177.2,192.0,207.5,225.2,243.5,263.3,284.5,308.5,333.2,360.7,390.4,422.1,456.7,494.1,535.1,578.8,626.1,677.7,733.4,793.4,858.4,929.0,1005.2,1087.8,1176.7,1273.5,1377.2,1490.2,1613.0,1745.0,1888.3,2042.9,2210.2,2391.6,2587.8,2799.6,5580,-17.8,-17.8,-17.8,-17.8,-17.8,-12.4,-7.0,-1.7,3.7,9.1,9.1,9.1,9.1,9.1,9.1,9.1,2873684.2105263155,1915789.4736842108,957894.7368421054,3584113.917857144
,0,14.9,0.1,0.4,0.8,1.1,1.4,1.8,2.1,2.5,2.8,3.1,3.5,3.8,4.1,4.5,4.8,5.1,5.5,5.0,6.4,7.1,7.8,8.5,9.2,9.9,10.6,11.3,12.0,13.4,14.1,15.5,17.0,18.4,19.8,21.2,22.6,24.7,26.8,29.0,31.1,33.9,36.7,39.5,43.1,46.6,50.1,54.4,58.6,63.5,69.2,74.8,80.5,87.5,94.6,102.4,110.8,120.0,129.2,140.5,151.8,163.8,177.2,192.0,207.5,225.2,243.5,263.3,284.5,308.5,333.2,360.7,390.4,422.1,456.7,494.1,535.1,578.8,626.1,677.7,733.4,793.4,858.4,929.0,1005.2,1087.8,1176.7,1273.5,1377.2,1490.2,1613.0,1745.0,1888.3,2042.9,2210.2,2391.6,2587.8,2799.6,5640,-12.4,-12.4,-12.4,-12.4,-12.4,-12.4,-7.0,-1.7,3.7,9.0,9.0,9.0,9.0,9.0,9.0,9.0,2936842.1052631577,1957894.7368421056,978947.3684210528,3662885.6523155426
,0,14.9,0.1,0.4,0.8,1.1,1.4,1.8,2.1,2.5,2.8,3.1,3.5,3.8,4.1,4.5,4.8,5.1,5.5,5.0,6.4,7.1,7.8,8.5,9.2,9.9,10.6,11.3,12.0,13.4,14.1,15.5,17.0,18.4,19.8,21.2,22.6,24.7,26.8,29.0,31.1,33.9,36.7,39.5,43.1,46.6,50.1,54.4,58.6,63.5,69.2,74.8,80.5,87.5,94.6,102.4,110.8,120.0,129.2,140.5,151.8,163.8,177.2,192.0,207.5,225.2,243.5,263.3,284.5,308.5,333.2,360.7,390.4,422.1,456.7,494.1,535.1,578.8,626.1,677.7,733.4,793.4,858.4,929.0,1005.2,1087.8,1176.7,1273.5,1377.2,1490.2,1613.0,1745.0,1888.3,2042.9,2210.2,2391.6,2587.8,2799.6,5700,-12.4,-12.4,-12.4,-12.4,-12.4,-12.4,-7.0,-1.7,3.7,9.0,9.0,9.0,9.0,9.0,9.0,9.0,3000000.0,2000000.0,1000000.0,3741657.3867739416
,0,14.9,0.1,0.4,0.8,1.1,1.4,1.8,2.1,2.5,2.8,3.1,3.5,3.8,4.1,4.5,4.8,5.1,5.5,5.0,6.4,7.1,7.8,8.5,9.2,9.9,10.6,11.3,12.0,13.4,14.1,15.5,17.0,18.4,19.8,21.2,22.6,24.7,26.8,29.0,31.1,33.9,36.7,39.5,43.1,46.6,50.1,54.4,58.6,63.5,69.2,74.8,80.5,87.5,94.6,102.4,110.8,120.0,129.2,140.5,151.8,163.8,177.2,192.0,207.5,225.2,243.5,263.3,284.5,308.5,333.2,360.7,390.4,422.1,456.7,494.1,535.1,578.8,626.1,677.7,733.4,793.4,858.4,929.0,1005.2,1087.8,1176.7,1273.5,1377.2,1490.2,1613.0,1745.0,1888.3,2042.9,2210.2,2391.6,2587.8,2799.6,5760,-12.4,-12.4,-12.4,-12.4,-12.4,-12.4,-7.0,-1.7,3.7,9.0,9.0,9.0,9.0,9.0,9.0,9.0,3000000.0,2000000.0,1000000.0,3741657.3867739416
,0,14.9,0.1,0.4,0.8,1.1,1.4,1.8,2.1,2.5,2.8,3.1,3.5,3.8,4.1,4.5,4.8,5.1,5.5,5.0,6.4,7.1,7.8,8.5,9.2,9.9,10.6,11.3,12.0,13.4,14.1,15.5,17.0,18.4,19.8,21.2,22.6,24.7,26.8,29.0,31.1,33.9,36.7,39.5,43.1,46.6,50.1,54.4,58.6,63.5,69.2,74.8,80.5,87.5,94.6,102.4,110.8,120.0,129.2,140.5,151.8,163.8,177.2,192.0,207.5,225.2,243.5,263.3,284.5,308.5,333.2,360.7,390.4,422.1,456.7,494.1,535.1,578.8,626.1,677.7,733.4,793.4,858.4,929.0,1005.2,1087.8,1176.7,1273.5,1377.2,1490.2,1613.0,1745.0,1888.3,2042.9,2210.2,2391.6,2587.8,2799.6,5820,-12.4,-12.4,-12.4,-12.4,-12.4,-12.4,-7.0,-1.7,3.7,9.0,9.0,9.0,9.0,9.0,9.0,9.0,3000000.0,2000000.0,1000000.0,3741657.3867739416
,0,14.9,0.1,0.4,0.8,1.1,1.4,1.8,2.1,2.5,2.8,3.1,3.5,3.8,4.1,4.5,4.8,5.1,5.5,5.0,6.4,7.1,7.8,8.5,9.2,9.9,10.6,11.3,12.0,13.4,14.1,15.5,17.0,18.4,19.8,21.2,22.6,24.7,26.8,29.0,31.1,33.9,36.7,39.5,43.1,46.6,50.1,54.4,58.6,63.5,69.2,74.8,80.5,87.5,94.6,102.4,110.8,120.0,129.2,140.5,151.8,163.8,177.2,192.0,207.5,225.2,243.5,263.3,284.5,308.5,333.2,360.7,390.4,422.1,456.7,494.1,535.1,578.8,626.1,677.7,733.4,793.4,858.4,929.0,1005.2,1087.8,1176.7,1273.5,1377.2,1490.2,1613.0,1745.0,1888.3,2042.9,2210.2,2391.6,2587.8,2799.6,5880,-12.4,-12.4,-12.4,-12.4,-12.4,-12.4,-7.0,-1.7,3.7,9.0,9.0,9.0,9.0,9.0,9.0,9.0,3000000.0,2000000.0,1000000.0,3741657.3867739416
,0,14.9,0.1,0.4,0.8,1.1,1.4,1.8,2.1,2.5,2.8,3.1,3.5,3.8,4.1,4.5,4.8,5.1,5.5,5.0,6.4,7.1,7.8,8.5,9.2,9.9,10.6,11.3,12.0,13.4,14.1,15.5,17.0,18.4,19.8,21.2,22.6,24.7,26.8,29.0,31.1,33.9,36.7,39.5,43.1,46.6,50.1,54.4,58.6,63.5,69.2,74.8,80.5,87.5,94.6,102.4,110.8,120.0,129.2,140.5,151.8,163.8,177.2,192.0,207.5,225.2,243.5,263.3,284.5,308.5,333.2,360.7,390.4,422.1,456.7,494.1,535.1,578.8,626.1,677.7,733.4,793.4,858.4,929.0,1005.2,1087.8,1176.7,1273.5,1377.2,1490.2,1613.0,1745.0,1888.3,2042.9,2210.2,2391.6,2587.8,2799.6,5940,-12.4,-12.4,-12.4,-12.4,-12.4,-12.4,-7.0,-1.7,3.7,9.0,9.0,9.0,9.0,9.0,9.0,9.0,3000000.0,2000000.0,1000000.0,3741657.3867739416
,0,14.9,0.1,0.4,0.8,1.1,1.4,1.8,2.1,2.5,2.8,3.1,3.5,3.8,4.1,4.5,4.8,5.1,5.5,5.0,6.4,7.1,7.8,8.5,9.2,9.9,10.6,11.3,12.0,13.4,14.1,15.5,17.0,18.4,19.8,21.2,22.6,24.7,26.8,29.0,31.1,33.9,36.7,39.5,43.1,46.6,50.1,54.4,58.6,63.5,69.2,74.8,80.5,87.5,94.6,102.4,110.8,120.0,129.2,140.5,151.8,163.8,177.2,192.0,207.5,225.2,243.5,263.3,284.5,308.5,333.2,360.7,390.4,422.1,456.7,494.1,535.1,578.8,626.1,677.7,733.4,793.4,858.4,929.0,1005.2,1087.8,1176.7,1273.5,1377.2,1490.2,1613.0,1745.0,1888.3,2042.9,2210.2,2391.6,2587.8,2799.6,6000,-12.4,-12.4,-12.4,-12.4,-12.4,-12.4,-7.0,-1.7,3.7,9.0,9.0,9.0,9.0,9.0,9.0,9.0,3000000.0,2000000.0,1000000.0,3741657.3867739416
,0,14.9,0.1,0.4,0.8,1.1,1.4,1.8,2.1,2.5,2.8,3.1,3.5,3.8,4.1,4.5,4.8,5.1,5.5,5.0,6.4,7.1,7.8,8.5,9.2,9.9,10.6,11.3,12.0,13.4,14.1,15.5,17.0,18.4,19.8,21.2,22.6,24.7,26.8,29.0,31.1,33.9,36.7,39.5,43.1,46.6,50.1,54.4,58.6,63.5,69.2,74.8,80.5,87.5,94.6,102.4,110.8,120.0,129.2,140.5,151.8,163.8,177.2,192.0,207.5,225.2,243.5,263.3,284.5,308.5,333.2,360.7,390.4,422.1,456.7,494.1,535.1,578.8,626.1,677.7,733.4,793.4,858.4,929.0,1005.2,1087.8,1176.7,1273.5,1377.2,1490.2,1613.0,1745.0,1888.3,2042.9,2210.2,2391.6,2587.8,2799.6,6060,-12.4,-12.4,-12.4,-12.4,-12.4,-12.4,-7.0,-1.7,3.7,9.0,9.0,9.0,9.0,9.0,9.0,9.0,3000000.0,2000000.0,1000000.0,3741657.3867739416
,0,14.9,0.1,0.4,0.8,1.1,1.4,1.8,2.1,2.5,2.8,3.1,3.5,3.8,4.1,4.5,4.8,5.1,5.5,5.0,6.4,7.1,7.8,8.5,9.2,9.9,10.6,11.3,12.0,13.4,14.1,15.5,17.0,18.4,19.8,21.2,22.6,24.7,26.8,29.0,31.1,33.9,36.7,39.5,43.1,46.6,50.1,54.4,58.6,63.5,69.2,74.8,80.5,87.5,94.6,102.4,110.8,120.0,129.2,140.5,151.8,163.8,177.2,192.0,207.5,225.2,243.5,263.3,284.5,308.5,333.2,360.7,390.4,422.1,456.7,494.1,535.1,578.8,626.1,677.7,733.4,793.4,858.4,929.0,1005.2,1087.8,1176.7,1273.5,1377.2,1490.2,1613.0,1745.0,1888.3,2042.9,2210.2,2391.6,2587.8,2799.6,6120,-12.4,-12.4,-12.4,-12.4,-12.4,-12.4,-7.0,-1.7,3.7,9.0,9.0,9.0,9.0,9.0,9.0,9.0,3000000.0,2000000.0,1000000.0,3741657.3867739416
,0,14.9,0.1,0.4,0.8,1.1,1.4,1.8,2.1,2.5,2.8,3.1,3.5,3.8,4.1,4.5,4.8,5.1,5.5,5.0,6.4,7.1,7.8,8.5,9.2,9.9,10.6,11.3,12.0,13.4,14.1,15.5,17.0,18.4,19.8,21.2,22.6,24.7,26.8,29.0,31.1,33.9,36.7,39.5,43.1,46.6,50.1,54.4,58.6,63.5,69.2,74.8,80.5,87.5,94.6,102.4,110.8,120.0,129.2,140.5,151.8,163.8,177.2,192.0,207.5,225.2,243.5,263.3,284.5,308.5,333.2,360.7,390.4,422.1,456.7,494.1,535.1,578.8,626.1,677.7,733.4,793.4,858.4,929.0,1005.2,1087.8,1176.7,1273.5,1377.2,1490.2,1613.0,1745.0,1888.3,2042.9,2210.2,2391.6,2587.8,2799.6,6180,-12.4,-12.4,-12.4,-12.4,-12.4,-12.4,-7.0,-1.7,3.7,9.0,9.0,9.0,9.0,9.0,9.0,9.0,3000000.0,2000000.0,1000000.0,3741657.3867739416
,0,14.9,0.1,0.4,0.8,1.1,1.4,1.8,2.1,2.5,2.8,3.1,3.5,3.8,4.1,4.5,4.8,5.1,5.5,5.0,6.4,7.1,7.8,8.5,9.2,9.9,10.6,11.3,12.0,13.4,14.1,15.5,17.0,18.4,19.8,21.2,22.6,24.7,26.8,29.0,31.1,33.9,36.7,39.5,43.1,46.6,50.1,54.4,58.6,63.5,69.2,74.8,80.5,87.5,94.6,102.4,110.8,120.0,129.2,140.5,151.8,163.8,177.2,192.0,207.5,225.2,243.5,263.3,284.5,308.5,333.2,360.7,390.4,422.1,456.7,494.1,535.1,578.8,626.1,677.7,733.4,793.4,858.4,929.0,1005.2,1087.8,1176.7,1273.5,1377.2,1490.2,1613.0,1745.0,1888.3,2042.9,2210.2,2391.6,2587.8,2799.6,6240,-12.4,-12.4,-12.4,-12.4,-12.4,-12.4,-7.0,-1.7,3.7,9.0,9.0,9.0,9.0,9.0,9.0,9.0,3000000.0,2000000.0,1000000.0,3741657.3867739416
,0,14.9,0.1,0.4,0.8,1.1,1.4,1.8,2.1,2.5,2.8,3.1,3.5,3.8,4.1,4.5,4.8,5.1,5.5,5.0,6.4,7.1,7.8,8.5,9.2,9.9,10.6,11.3,12.0,13.4,14.1,15.5,17.0,18.4,19.8,21.2,22.6,24.7,26.8,29.0,31.1,33.9,36.7,39.5,43.1,46.6,50.1,54.4,58.6,63.5,69.2,74.8,80.5,87.5,94.6,102.4,110.8,120.0,129.2,140.5,151.8,163.8,177.2,192.0,207.5,225.2,243.5,263.3,284.5,308.5,333.2,360.7,390.4,422.1,456.7,494.1,535.1,578.8,626.1,677.7,733.4,793.4,858.4,929.0,1005.2,1087.8,1176.7,1273.5,1377.2,1490.2,1613.0,1745.0,1888.3,2042.9,2210.2,2391.6,2587.8,2799.6,6300,-12.4,-12.4,-12.4,-12.4,-12.4,-12.4,-7.0,-1.7,3.7,9.0,9.0,9.0,9.0,9.0,9.0,9.0,3000000.0,2000000.0,1000000.0,3741657.3867739416
