time,sat,elev_deg,az_deg,slant_total_m,expected_slant_m,residual_m,station
2025-10-27T00:00:00Z,G16,76.582,206.953,2.134,,,ANK2
2025-10-27T00:00:00Z,G30,57.261,310.653,2.4663,,,ANK2
2025-10-27T00:00:00Z,G13,49.073,104.778,2.7446,,,ANK2
2025-10-27T00:00:00Z,Q19,42.144,317.382,3.0887,,,ANK2
2025-10-27T00:00:00Z,G08,44.83,262.588,2.9404,,,ANK2
2025-10-27T00:00:00Z,G06,25.696,287.55,4.7634,,,ANK2
2025-10-27T00:00:00Z,G16,71.72,239.249,2.1858,,,ANK2
2025-10-27T00:00:00Z,G19,24.879,304.683,4.9076,,,ANK2
2025-10-27T00:00:00Z,G26,63.747,357.516,2.3137,,,ANK2
2025-10-27T00:00:00Z,G13,66.999,151.259,2.2545,,,ANK2
2025-10-27T01:00:00Z,G24,15.259,122.896,7.7687,,,ANK2
2025-10-27T01:00:00Z,Q26,53.112,288.208,2.5927,,,ANK2
2025-10-27T01:00:00Z,Q18,45.046,307.314,2.9287,,,ANK2
2025-10-27T01:00:00Z,Q23,56.071,55.257,2.4995,,,ANK2
2025-10-27T01:00:00Z,G01,43.546,209.766,3.008,,,ANK2
2025-10-27T01:00:00Z,G15,39.898,102.712,3.2296,,,ANK2
2025-10-27T01:00:00Z,G17,45.391,266.102,2.9113,,,ANK2
2025-10-27T01:00:00Z,G29,53.65,85.963,2.5747,,,ANK2
2025-10-27T01:00:00Z,Q10,47.574,241.705,2.8083,,,ANK2
2025-10-27T01:00:00Z,G08,45.411,91.845,2.9103,,,ANK2
2025-10-27T01:00:00Z,G12,71.338,184.012,2.1901,,,ANK2
2025-10-27T01:00:00Z,G06,65.924,341.513,2.2724,,,ANK2
2025-10-27T02:00:00Z,G21,82.9,184.424,2.0908,,,ANK2
2025-10-27T02:00:00Z,G32,28.544,290.681,4.3243,,,ANK2
2025-10-27T02:00:00Z,G03,28.725,127.901,4.2996,,,ANK2
2025-10-27T02:00:00Z,G10,20.462,147.723,5.8861,,,ANK2
2025-10-27T02:00:00Z,G28,74.542,60.458,2.1523,,,ANK2
2025-10-27T02:00:00Z,G18,26.98,266.693,4.5522,,,ANK2
2025-10-27T02:00:00Z,G06,47.738,282.495,2.8001,,,ANK2
2025-10-27T02:00:00Z,G07,84.315,49.199,2.0851,,,ANK2
2025-10-27T02:00:00Z,G25,10.911,141.645,10.6443,,,ANK2
2025-10-27T02:00:00Z,G28,51.736,321.446,2.6399,,,ANK2
2025-10-27T03:00:00Z,G08,68.707,317.548,2.2279,,,ANK2
2025-10-27T03:00:00Z,G29,25.47,287.106,4.8034,,,ANK2
2025-10-27T03:00:00Z,Q05,24.0,313.086,5.0752,,,ANK2
2025-10-27T03:00:00Z,G02,47.277,251.434,2.823,,,ANK2
2025-10-27T03:00:00Z,G08,12.47,242.695,9.4022,,,ANK2
2025-10-27T03:00:00Z,G25,26.897,189.034,4.5687,,,ANK2
2025-10-27T03:00:00Z,Q20,64.301,235.003,2.3034,,,ANK2
2025-10-27T03:00:00Z,G12,72.804,330.879,2.1732,,,ANK2
2025-10-27T03:00:00Z,G21,16.059,36.188,7.4055,,,ANK2
2025-10-27T04:00:00Z,G01,48.554,336.585,2.7696,,,ANK2
2025-10-27T04:00:00Z,Q02,29.481,138.749,4.2072,,,ANK2
2025-10-27T04:00:00Z,G07,20.142,300.911,5.9846,,,ANK2
2025-10-27T04:00:00Z,G28,18.771,27.05,6.3956,,,ANK2
2025-10-27T04:00:00Z,G07,17.749,266.339,6.7428,,,ANK2
2025-10-27T04:00:00Z,G23,57.834,355.841,2.4536,,,ANK2
2025-10-27T04:00:00Z,G14,36.356,304.775,3.4977,,,ANK2
2025-10-27T04:00:00Z,G02,26.248,208.679,4.6766,,,ANK2
2025-10-27T04:00:00Z,G15,61.891,225.636,2.3551,,,ANK2
2025-10-27T04:00:00Z,G01,61.514,127.184,2.3634,,,ANK2
2025-10-27T04:00:00Z,G16,50.438,244.615,2.6932,,,ANK2
2025-10-27T05:00:00Z,G29,31.19,167.476,4.0029,,,ANK2
2025-10-27T05:00:00Z,G08,54.754,79.198,2.5448,,,ANK2
2025-10-27T05:00:00Z,G19,42.595,292.506,3.0682,,,ANK2
2025-10-27T05:00:00Z,G03,79.248,265.087,2.117,,,ANK2
2025-10-27T05:00:00Z,G03,31.586,79.903,3.9582,,,ANK2
2025-10-27T05:00:00Z,G25,60.936,162.438,2.3783,,,ANK2
2025-10-27T05:00:00Z,G24,14.054,166.608,8.4149,,,ANK2
2025-10-27T05:00:00Z,G13,81.69,297.508,2.102,,,ANK2
2025-10-27T05:00:00Z,G20,83.557,246.184,2.0933,,,ANK2
2025-10-27T05:00:00Z,G13,65.431,231.54,2.2861,,,ANK2
2025-10-27T06:00:00Z,G14,71.128,189.102,2.1988,,,ANK2
2025-10-27T06:00:00Z,G18,34.063,114.38,3.7053,,,ANK2
2025-10-27T06:00:00Z,G01,66.853,37.53,2.2625,,,ANK2
2025-10-27T06:00:00Z,G04,80.466,149.347,2.1102,,,ANK2
2025-10-27T06:00:00Z,G06,59.565,44.588,2.4122,,,ANK2
2025-10-27T06:00:00Z,G07,42.376,147.759,3.0826,,,ANK2
2025-10-27T06:00:00Z,G03,66.084,200.496,2.2757,,,ANK2
2025-10-27T06:00:00Z,G11,44.342,335.056,2.9731,,,ANK2
2025-10-27T06:00:00Z,G18,41.082,13.04,3.1613,,,ANK2
2025-10-27T07:00:00Z,G11,51.13,219.704,2.6735,,,ANK2
2025-10-27T07:00:00Z,Q28,26.637,355.211,4.6255,,,ANK2
2025-10-27T07:00:00Z,G05,11.817,31.838,9.9228,,,ANK2
2025-10-27T07:00:00Z,G17,80.603,350.82,2.1119,,,ANK2
2025-10-27T07:00:00Z,Q18,18.123,73.445,6.6279,,,ANK2
2025-10-27T07:00:00Z,G05,19.514,224.306,6.181,,,ANK2
2025-10-27T07:00:00Z,Q22,20.991,151.23,5.7712,,,ANK2
2025-10-27T07:00:00Z,G04,83.596,138.223,2.0967,,,ANK2
2025-10-27T07:00:00Z,G15,56.325,335.248,2.5019,,,ANK2
2025-10-27T08:00:00Z,G05,28.309,212.324,4.3801,,,ANK2
2025-10-27T08:00:00Z,G32,74.079,246.24,2.1686,,,ANK2
2025-10-27T08:00:00Z,G06,12.585,211.733,9.3636,,,ANK2
2025-10-27T08:00:00Z,G22,63.165,131.466,2.3364,,,ANK2
2025-10-27T08:00:00Z,G10,84.954,251.022,2.094,,,ANK2
2025-10-27T08:00:00Z,G24,10.561,213.946,11.0299,,,ANK2
2025-10-27T08:00:00Z,Q14,22.078,74.749,5.5103,,,ANK2
2025-10-27T08:00:00Z,G05,60.561,202.729,2.3937,,,ANK2
2025-10-27T08:00:00Z,G11,14.499,317.487,8.1936,,,ANK2
2025-10-27T09:00:00Z,G26,81.827,89.261,2.1068,,,ANK2
2025-10-27T09:00:00Z,G07,75.647,329.047,2.1523,,,ANK2
2025-10-27T09:00:00Z,G23,21.518,287.014,5.6433,,,ANK2
2025-10-27T09:00:00Z,G20,68.252,349.126,2.2445,,,ANK2
2025-10-27T09:00:00Z,G29,21.096,36.274,5.7492,,,ANK2
2025-10-27T09:00:00Z,Q06,78.504,213.184,2.1279,,,ANK2
2025-10-27T09:00:00Z,G20,48.841,92.574,2.7667,,,ANK2
2025-10-27T09:00:00Z,G27,35.229,195.459,3.606,,,ANK2
2025-10-27T09:00:00Z,G09,21.777,115.364,5.5806,,,ANK2
2025-10-27T09:00:00Z,G24,10.886,102.048,10.7223,,,ANK2
2025-10-27T10:00:00Z,G18,55.469,295.877,2.5277,,,ANK2
2025-10-27T10:00:00Z,G04,14.976,111.436,7.9397,,,ANK2
2025-10-27T10:00:00Z,G11,28.097,197.624,4.4063,,,ANK2
2025-10-27T10:00:00Z,G03,14.553,202.684,8.1579,,,ANK2
2025-10-27T10:00:00Z,G25,51.167,170.239,2.6727,,,ANK2
2025-10-27T10:00:00Z,G25,22.025,235.841,5.5179,,,ANK2
2025-10-27T10:00:00Z,G09,55.781,75.631,2.5184,,,ANK2
2025-10-27T10:00:00Z,G10,69.315,352.528,2.2269,,,ANK2
2025-10-27T11:00:00Z,G29,67.155,267.24,2.2587,,,ANK2
2025-10-27T11:00:00Z,G19,62.364,170.727,2.3493,,,ANK2
2025-10-27T11:00:00Z,G21,30.895,205.463,4.0414,,,ANK2
2025-10-27T11:00:00Z,G29,63.171,113.096,2.3324,,,ANK2
2025-10-27T11:00:00Z,Q13,81.111,50.864,2.1075,,,ANK2
2025-10-27T11:00:00Z,G08,16.867,96.096,7.0892,,,ANK2
2025-10-27T11:00:00Z,G30,34.462,309.485,3.67,,,ANK2
2025-10-27T11:00:00Z,G22,27.6,216.87,4.4748,,,ANK2
2025-10-27T11:00:00Z,G25,39.494,136.076,3.2677,,,ANK2
2025-10-27T12:00:00Z,G15,66.214,221.258,2.2711,,,ANK2
2025-10-27T12:00:00Z,G04,83.155,178.393,2.0939,,,ANK2
2025-10-27T12:00:00Z,G28,44.574,222.245,2.958,,,ANK2
2025-10-27T12:00:00Z,G01,58.189,54.599,2.4448,,,ANK2
2025-10-27T12:00:00Z,G30,78.9,77.605,2.1185,,,ANK2
2025-10-27T12:00:00Z,G22,28.651,97.164,4.3185,,,ANK2
2025-10-27T12:00:00Z,G11,76.492,215.201,2.1379,,,ANK2
2025-10-27T12:00:00Z,Q01,17.316,159.084,6.9042,,,ANK2
2025-10-27T12:00:00Z,G20,58.634,88.011,2.4333,,,ANK2
2025-10-27T12:00:00Z,G03,68.713,317.811,2.2305,,,ANK2
2025-10-27T13:00:00Z,G13,30.047,314.936,4.1526,,,ANK2
2025-10-27T13:00:00Z,Q23,26.646,329.781,4.6313,,,ANK2
2025-10-27T13:00:00Z,G20,18.543,306.094,6.4964,,,ANK2
2025-10-27T13:00:00Z,G22,59.449,347.249,2.4218,,,ANK2
2025-10-27T13:00:00Z,G01,68.569,167.58,2.2412,,,ANK2
2025-10-27T13:00:00Z,G15,67.071,17.09,2.2651,,,ANK2
2025-10-27T13:00:00Z,G16,33.721,30.082,3.7486,,,ANK2
2025-10-27T13:00:00Z,G21,25.394,140.499,4.8408,,,ANK2
2025-10-27T13:00:00Z,Q05,44.021,92.767,2.9986,,,ANK2
2025-10-27T13:00:00Z,G06,51.011,61.179,2.6822,,,ANK2
2025-10-27T13:00:00Z,G25,78.932,343.153,2.1263,,,ANK2
2025-10-27T14:00:00Z,G06,30.296,339.821,4.1151,,,ANK2
2025-10-27T14:00:00Z,G20,30.463,153.646,4.0949,,,ANK2
2025-10-27T14:00:00Z,Q10,22.163,324.398,5.4841,,,ANK2
2025-10-27T14:00:00Z,G12,34.928,35.394,3.6293,,,ANK2
2025-10-27T14:00:00Z,G26,34.844,15.465,3.6369,,,ANK2
2025-10-27T14:00:00Z,G04,44.063,259.693,2.9913,,,ANK2
2025-10-27T14:00:00Z,G13,24.281,273.968,5.0372,,,ANK2
2025-10-27T14:00:00Z,G06,24.476,303.501,5.0002,,,ANK2
2025-10-27T14:00:00Z,Q16,50.63,20.454,2.6922,,,ANK2
2025-10-27T14:00:00Z,G11,19.666,279.687,6.1356,,,ANK2
2025-10-27T14:00:00Z,G02,61.667,135.554,2.3657,,,ANK2
2025-10-27T15:00:00Z,Q25,14.268,248.633,8.283,,,ANK2
2025-10-27T15:00:00Z,G09,78.702,34.629,2.1178,,,ANK2
2025-10-27T15:00:00Z,G27,33.408,67.882,3.7612,,,ANK2
2025-10-27T15:00:00Z,Q16,83.667,27.59,2.0897,,,ANK2
2025-10-27T15:00:00Z,G27,82.328,217.488,2.0956,,,ANK2
2025-10-27T15:00:00Z,G06,20.693,355.173,5.8304,,,ANK2
2025-10-27T15:00:00Z,G01,63.619,241.914,2.3172,,,ANK2
2025-10-27T15:00:00Z,Q02,55.06,255.874,2.5315,,,ANK2
2025-10-27T16:00:00Z,G03,64.526,55.549,2.3053,,,ANK2
2025-10-27T16:00:00Z,G02,74.806,335.446,2.1572,,,ANK2
2025-10-27T16:00:00Z,G25,20.747,274.143,5.8306,,,ANK2
2025-10-27T16:00:00Z,G10,31.624,332.186,3.9579,,,ANK2
2025-10-27T16:00:00Z,G23,24.627,330.005,4.9686,,,ANK2
2025-10-27T16:00:00Z,G07,12.014,233.781,9.7632,,,ANK2
2025-10-27T16:00:00Z,G05,51.507,334.166,2.6576,,,ANK2
2025-10-27T16:00:00Z,G26,62.494,150.013,2.3463,,,ANK2
2025-10-27T16:00:00Z,G26,58.591,1.302,2.438,,,ANK2
2025-10-27T16:00:00Z,G32,39.104,22.526,3.2945,,,ANK2
2025-10-27T16:00:00Z,G22,51.626,39.415,2.6533,,,ANK2
2025-10-27T16:00:00Z,G15,17.057,34.327,7.0136,,,ANK2
2025-10-27T17:00:00Z,G14,58.607,343.479,2.4265,,,ANK2
2025-10-27T17:00:00Z,G09,46.263,102.551,2.8648,,,ANK2
2025-10-27T17:00:00Z,G31,42.951,127.874,3.0369,,,ANK2
2025-10-27T17:00:00Z,G16,18.409,115.949,6.4959,,,ANK2
2025-10-27T17:00:00Z,Q22,48.873,323.37,2.7484,,,ANK2
2025-10-27T17:00:00Z,G02,17.495,202.668,6.8162,,,ANK2
2025-10-27T17:00:00Z,Q09,22.319,330.898,5.4201,,,ANK2
2025-10-27T17:00:00Z,G26,19.941,107.973,6.0243,,,ANK2
2025-10-27T18:00:00Z,G04,33.156,82.109,3.7892,,,ANK2
2025-10-27T18:00:00Z,G16,52.399,67.96,2.621,,,ANK2
2025-10-27T18:00:00Z,G02,13.223,274.828,8.9064,,,ANK2
2025-10-27T18:00:00Z,G02,15.949,342.555,7.4611,,,ANK2
2025-10-27T18:00:00Z,G09,62.209,50.465,2.3483,,,ANK2
2025-10-27T18:00:00Z,G04,15.383,345.485,7.7203,,,ANK2
2025-10-27T18:00:00Z,G04,45.781,214.115,2.8962,,,ANK2
2025-10-27T18:00:00Z,G06,35.402,230.998,3.5788,,,ANK2
2025-10-27T19:00:00Z,G11,57.905,176.964,2.448,,,ANK2
2025-10-27T19:00:00Z,G03,57.136,175.314,2.469,,,ANK2
2025-10-27T19:00:00Z,Q04,41.579,347.867,3.1217,,,ANK2
2025-10-27T19:00:00Z,G30,16.763,272.266,7.1067,,,ANK2
2025-10-27T19:00:00Z,G26,42.503,178.913,3.0666,,,ANK2
2025-10-27T19:00:00Z,G30,36.456,172.52,3.4843,,,ANK2
2025-10-27T19:00:00Z,G17,64.034,9.532,2.3073,,,ANK2
2025-10-27T19:00:00Z,G18,53.427,339.303,2.5818,,,ANK2
2025-10-27T20:00:00Z,G20,31.892,304.875,3.9108,,,ANK2
2025-10-27T20:00:00Z,Q05,14.798,146.341,7.9867,,,ANK2
2025-10-27T20:00:00Z,G19,65.31,305.558,2.2804,,,ANK2
2025-10-27T20:00:00Z,G29,17.634,182.33,6.766,,,ANK2
2025-10-27T20:00:00Z,G25,16.417,80.293,7.2396,,,ANK2
2025-10-27T20:00:00Z,G11,33.342,339.892,3.7603,,,ANK2
2025-10-27T20:00:00Z,G13,10.935,98.99,10.6118,,,ANK2
2025-10-27T20:00:00Z,G29,42.553,9.433,3.06,,,ANK2
2025-10-27T20:00:00Z,G02,63.076,87.363,2.3237,,,ANK2
2025-10-27T20:00:00Z,G17,70.101,132.008,2.2038,,,ANK2
2025-10-27T20:00:00Z,G04,55.323,126.486,2.5185,,,ANK2
2025-10-27T21:00:00Z,Q02,34.671,118.914,3.6327,,,ANK2
2025-10-27T21:00:00Z,G05,47.162,249.856,2.8221,,,ANK2
2025-10-27T21:00:00Z,Q09,36.724,233.068,3.4571,,,ANK2
2025-10-27T21:00:00Z,G29,52.045,48.618,2.6253,,,ANK2
2025-10-27T21:00:00Z,Q05,46.046,158.775,2.8744,,,ANK2
2025-10-27T21:00:00Z,Q13,60.846,321.374,2.3712,,,ANK2
2025-10-27T21:00:00Z,G23,60.022,13.07,2.3906,,,ANK2
2025-10-27T21:00:00Z,G08,33.855,307.859,3.7089,,,ANK2
2025-10-27T21:00:00Z,G32,35.966,58.744,3.5193,,,ANK2
2025-10-27T21:00:00Z,G21,53.886,182.61,2.5626,,,ANK2
2025-10-27T21:00:00Z,Q01,54.732,152.761,2.5357,,,ANK2
2025-10-27T21:00:00Z,G08,33.602,3.647,3.7333,,,ANK2
2025-10-27T22:00:00Z,G23,79.52,185.724,2.1178,,,ANK2
2025-10-27T22:00:00Z,G30,15.609,90.616,7.63,,,ANK2
2025-10-27T22:00:00Z,Q14,18.263,182.151,6.5768,,,ANK2
2025-10-27T22:00:00Z,Q27,61.897,36.292,2.3597,,,ANK2
2025-10-27T22:00:00Z,G24,58.597,237.185,2.4384,,,ANK2
2025-10-27T22:00:00Z,G19,15.162,48.232,7.8424,,,ANK2
2025-10-27T22:00:00Z,G06,72.582,184.022,2.1822,,,ANK2
2025-10-27T22:00:00Z,G18,49.257,19.578,2.7457,,,ANK2
2025-10-27T22:00:00Z,G29,78.04,107.824,2.1286,,,ANK2
2025-10-27T22:00:00Z,G32,75.849,83.549,2.1475,,,ANK2
2025-10-27T22:00:00Z,Q15,70.938,223.211,2.2028,,,ANK2
2025-10-27T23:00:00Z,G16,15.696,131.17,7.6099,,,ANK2
2025-10-27T23:00:00Z,G26,52.146,316.429,2.6421,,,ANK2
2025-10-27T23:00:00Z,Q12,34.659,121.201,3.662,,,ANK2
2025-10-27T23:00:00Z,G01,34.175,244.467,3.7071,,,ANK2
2025-10-27T23:00:00Z,Q13,10.531,272.357,11.0712,,,ANK2
2025-10-27T23:00:00Z,Q10,54.718,118.116,2.5559,,,ANK2
2025-10-27T23:00:00Z,G24,29.803,295.791,4.1857,,,ANK2
2025-10-27T23:00:00Z,G25,24.089,249.077,5.086,,,ANK2
2025-10-27T23:00:00Z,G03,13.032,201.327,9.0713,,,ANK2
2025-10-28T00:00:00Z,G14,56.479,327.258,2.5236,,,ANK2
2025-10-28T00:00:00Z,G28,32.594,335.56,3.8965,,,ANK2
2025-10-28T00:00:00Z,G29,33.277,203.147,3.826,,,ANK2
2025-10-28T00:00:00Z,G14,82.507,159.173,2.1235,,,ANK2
2025-10-28T00:00:00Z,Q32,42.941,253.886,3.0856,,,ANK2
2025-10-28T00:00:00Z,G19,43.534,301.796,3.052,,,ANK2
2025-10-28T00:00:00Z,G13,51.425,202.674,2.6904,,,ANK2
2025-10-28T00:00:00Z,G01,40.713,251.993,3.222,,,ANK2
2025-10-28T00:00:00Z,G20,51.45,269.903,2.6895,,,ANK2
2025-10-28T00:00:00Z,G21,42.425,243.502,3.1157,,,ANK2
2025-10-28T00:00:00Z,G31,72.004,268.608,2.2132,,,ANK2
2025-10-31T00:00:00Z,G26,52.533,219.395,2.5538,,,ANK2
2025-10-31T00:00:00Z,G05,47.242,61.981,2.7598,,,ANK2
2025-10-31T00:00:00Z,G08,70.745,195.607,2.1485,,,ANK2
2025-10-31T00:00:00Z,G10,61.103,275.536,2.3161,,,ANK2
2025-10-31T00:00:00Z,G11,30.856,187.509,3.942,,,ANK2
2025-10-31T00:00:00Z,G29,81.931,312.566,2.0492,,,ANK2
2025-10-31T00:00:00Z,G24,63.045,39.476,2.275,,,ANK2
2025-10-31T00:00:00Z,G18,84.095,137.139,2.0398,,,ANK2
2025-10-31T00:00:00Z,G18,82.845,182.147,2.0448,,,ANK2
2025-10-31T00:00:00Z,G29,78.918,155.637,2.0673,,,ANK2
2025-10-31T00:00:00Z,G15,66.653,39.091,2.209,,,ANK2
2025-10-31T00:00:00Z,Q32,34.752,186.921,3.5497,,,ANK2
2025-10-31T00:00:00Z,G05,45.321,105.288,2.8493,,,ANK2
2025-10-31T00:00:00Z,Q08,46.006,287.679,2.8164,,,ANK2
2025-10-31T00:00:00Z,G10,84.824,179.38,2.0373,,,ANK2
2025-10-31T00:00:00Z,Q29,18.583,333.303,6.3014,,,ANK2
2025-10-31T00:00:00Z,G15,73.897,224.169,2.1113,,,ANK2
2025-10-31T00:00:00Z,G10,74.776,185.155,2.1023,,,ANK2
2025-10-31T00:00:00Z,G11,51.49,255.985,2.5903,,,ANK2
2025-10-31T00:00:00Z,G20,35.803,181.416,3.4595,,,ANK2
2025-10-31T01:00:00Z,G32,71.508,288.257,2.1314,,,ANK2
2025-10-31T01:00:00Z,Q08,29.251,140.561,4.1215,,,ANK2
2025-10-31T01:00:00Z,Q15,65.896,174.317,2.2141,,,ANK2
2025-10-31T01:00:00Z,Q30,15.528,280.569,7.4412,,,ANK2
2025-10-31T01:00:00Z,Q25,67.43,105.334,2.1888,,,ANK2
2025-10-31T01:00:00Z,G01,69.402,289.398,2.1593,,,ANK2
2025-10-31T01:00:00Z,G17,40.127,118.106,3.1312,,,ANK2
2025-10-31T01:00:00Z,G05,64.186,290.157,2.245,,,ANK2
2025-10-31T01:00:00Z,G08,78.635,31.248,2.0622,,,ANK2
2025-10-31T01:00:00Z,Q10,24.922,57.506,4.7715,,,ANK2
2025-10-31T01:00:00Z,G02,26.933,115.41,4.4427,,,ANK2
2025-10-31T01:00:00Z,G19,59.204,347.142,2.3523,,,ANK2
2025-10-31T01:00:00Z,G27,34.563,223.852,3.5542,,,ANK2
2025-10-31T01:00:00Z,G03,56.127,99.904,2.4334,,,ANK2
2025-10-31T01:00:00Z,Q07,76.769,162.329,2.0768,,,ANK2
2025-10-31T01:00:00Z,G09,55.192,300.785,2.4605,,,ANK2
2025-10-31T01:00:00Z,G26,62.09,240.64,2.2868,,,ANK2
2025-10-31T01:00:00Z,G17,37.413,201.835,3.3204,,,ANK2
2025-10-31T02:00:00Z,G29,30.743,107.039,3.9536,,,ANK2
2025-10-31T02:00:00Z,Q12,12.266,75.669,9.3227,,,ANK2
2025-10-31T02:00:00Z,Q28,71.188,111.33,2.1421,,,ANK2
2025-10-31T02:00:00Z,G20,23.235,73.134,5.1081,,,ANK2
2025-10-31T02:00:00Z,G24,13.885,114.356,8.2962,,,ANK2
2025-10-31T02:00:00Z,G10,66.691,29.857,2.2076,,,ANK2
2025-10-31T02:00:00Z,G02,36.253,57.071,3.4214,,,ANK2
2025-10-31T02:00:00Z,G12,39.2,150.139,3.2025,,,ANK2
2025-10-31T02:00:00Z,G30,28.53,316.608,4.2288,,,ANK2
2025-10-31T02:00:00Z,G26,74.438,20.625,2.105,,,ANK2
2025-10-31T02:00:00Z,G29,34.153,342.823,3.6026,,,ANK2
2025-10-31T02:00:00Z,G29,52.864,221.449,2.5418,,,ANK2
2025-10-31T02:00:00Z,Q24,30.862,137.308,3.9399,,,ANK2
2025-10-31T02:00:00Z,G23,14.0,14.008,8.2321,,,ANK2
2025-10-31T02:00:00Z,G28,65.339,216.098,2.2308,,,ANK2
2025-10-31T02:00:00Z,G06,22.825,33.213,5.1934,,,ANK2
2025-10-31T02:00:00Z,G25,41.928,195.316,3.0301,,,ANK2
2025-10-31T02:00:00Z,G31,46.528,270.702,2.7911,,,ANK2
2025-10-31T02:00:00Z,G32,23.835,152.491,4.9882,,,ANK2
2025-10-31T02:00:00Z,G19,17.092,107.788,6.8174,,,ANK2
2025-10-31T02:00:00Z,G25,36.101,17.058,3.4337,,,ANK2
2025-10-31T03:00:00Z,G28,72.427,89.611,2.1235,,,ANK2
2025-10-31T03:00:00Z,G24,64.77,255.463,2.2375,,,ANK2
2025-10-31T03:00:00Z,G17,70.135,272.491,2.1524,,,ANK2
2025-10-31T03:00:00Z,Q25,80.101,337.06,2.0554,,,ANK2
2025-10-31T03:00:00Z,G15,45.641,326.485,2.8282,,,ANK2
2025-10-31T03:00:00Z,G06,57.872,206.469,2.3894,,,ANK2
2025-10-31T03:00:00Z,G25,48.62,208.495,2.6954,,,ANK2
2025-10-31T03:00:00Z,G21,73.828,60.225,2.1079,,,ANK2
2025-10-31T03:00:00Z,Q15,42.352,350.987,3.0006,,,ANK2
2025-10-31T03:00:00Z,G12,71.48,91.806,2.135,,,ANK2
2025-10-31T03:00:00Z,G12,69.952,260.905,2.1549,,,ANK2
2025-10-31T03:00:00Z,G16,82.141,286.486,2.0441,,,ANK2
2025-10-31T03:00:00Z,G12,30.861,184.519,3.9336,,,ANK2
2025-10-31T03:00:00Z,G17,79.589,121.315,2.0587,,,ANK2
2025-10-31T03:00:00Z,G23,22.381,238.338,5.2809,,,ANK2
2025-10-31T03:00:00Z,G30,84.113,227.033,2.0357,,,ANK2
2025-10-31T03:00:00Z,Q07,34.519,338.354,3.5635,,,ANK2
2025-10-31T03:00:00Z,G31,16.629,346.054,6.985,,,ANK2
2025-10-31T03:00:00Z,G17,28.652,245.046,4.2056,,,ANK2
2025-10-31T03:00:00Z,Q05,14.381,294.414,8.0129,,,ANK2
2025-10-31T03:00:00Z,G30,69.252,285.273,2.1647,,,ANK2
2025-10-31T04:00:00Z,G32,62.361,149.501,2.2798,,,ANK2
2025-10-31T04:00:00Z,Q14,26.617,98.457,4.4884,,,ANK2
2025-10-31T04:00:00Z,G03,34.358,5.609,3.5706,,,ANK2
2025-10-31T04:00:00Z,G09,11.747,74.387,9.6712,,,ANK2
2025-10-31T04:00:00Z,G05,21.514,112.46,5.4682,,,ANK2
2025-10-31T04:00:00Z,G22,52.175,64.154,2.5558,,,ANK2
2025-10-31T04:00:00Z,G26,58.982,7.252,2.3563,,,ANK2
2025-10-31T04:00:00Z,G27,58.668,56.681,2.3641,,,ANK2
2025-10-31T04:00:00Z,G21,68.377,239.796,2.1729,,,ANK2
2025-10-31T04:00:00Z,G15,57.081,148.947,2.4054,,,ANK2
2025-10-31T04:00:00Z,Q20,50.376,169.266,2.6207,,,ANK2
2025-10-31T04:00:00Z,G09,12.331,104.511,9.2415,,,ANK2
2025-10-31T04:00:00Z,G08,64.22,158.347,2.243,,,ANK2
2025-10-31T04:00:00Z,G13,50.874,246.813,2.6021,,,ANK2
2025-10-31T04:00:00Z,G26,30.306,14.379,3.9898,,,ANK2
2025-10-31T04:00:00Z,G05,34.588,286.21,3.5499,,,ANK2
2025-10-31T04:00:00Z,G15,80.171,101.873,2.0507,,,ANK2
2025-10-31T04:00:00Z,G22,56.827,245.722,2.4124,,,ANK2
2025-10-31T04:00:00Z,G23,45.693,231.381,2.8198,,,ANK2
2025-10-31T04:00:00Z,G14,56.569,234.946,2.4195,,,ANK2
2025-10-31T05:00:00Z,G10,45.247,223.241,2.8571,,,ANK2
2025-10-31T05:00:00Z,Q32,12.116,168.135,9.4477,,,ANK2
2025-10-31T05:00:00Z,G08,60.693,133.426,2.3288,,,ANK2
2025-10-31T05:00:00Z,G02,35.778,73.328,3.4667,,,ANK2
2025-10-31T05:00:00Z,G19,81.194,40.148,2.0561,,,ANK2
2025-10-31T05:00:00Z,Q32,34.309,43.156,3.5948,,,ANK2
2025-10-31T05:00:00Z,G03,52.285,359.654,2.5661,,,ANK2
2025-10-31T05:00:00Z,G28,29.304,148.432,4.1351,,,ANK2
2025-10-31T05:00:00Z,G30,29.108,291.705,4.1603,,,ANK2
2025-10-31T05:00:00Z,G11,20.684,253.754,5.7053,,,ANK2
2025-10-31T05:00:00Z,G18,59.749,190.924,2.3508,,,ANK2
2025-10-31T05:00:00Z,G08,48.689,134.772,2.7019,,,ANK2
2025-10-31T05:00:00Z,G18,49.238,240.658,2.6796,,,ANK2
2025-10-31T05:00:00Z,G24,79.346,292.646,2.0674,,,ANK2
2025-10-31T05:00:00Z,G27,56.506,317.244,2.4347,,,ANK2
2025-10-31T05:00:00Z,G04,33.33,196.926,3.6871,,,ANK2
2025-10-31T05:00:00Z,Q05,40.005,295.159,3.1546,,,ANK2
2025-10-31T05:00:00Z,G04,20.012,184.07,5.8853,,,ANK2
2025-10-31T05:00:00Z,Q30,24.424,170.831,4.8856,,,ANK2
2025-10-31T05:00:00Z,G21,20.751,311.555,5.6881,,,ANK2
2025-10-31T06:00:00Z,Q17,53.958,66.837,2.507,,,ANK2
2025-10-31T06:00:00Z,Q05,48.262,68.719,2.7157,,,ANK2
2025-10-31T06:00:00Z,G05,12.702,218.988,9.0252,,,ANK2
2025-10-31T06:00:00Z,G23,47.282,64.013,2.758,,,ANK2
2025-10-31T06:00:00Z,G32,29.766,317.419,4.0712,,,ANK2
2025-10-31T06:00:00Z,Q09,35.702,75.514,3.4679,,,ANK2
2025-10-31T06:00:00Z,Q30,58.683,32.807,2.3734,,,ANK2
2025-10-31T06:00:00Z,G12,47.327,315.269,2.756,,,ANK2
2025-10-31T06:00:00Z,G11,16.991,106.318,6.8578,,,ANK2
2025-10-31T06:00:00Z,G03,15.478,153.152,7.4901,,,ANK2
2025-10-31T06:00:00Z,G16,21.863,50.183,5.4086,,,ANK2
2025-10-31T06:00:00Z,Q28,42.407,177.654,3.0034,,,ANK2
2025-10-31T06:00:00Z,Q15,20.751,234.654,5.6798,,,ANK2
2025-10-31T06:00:00Z,Q23,81.539,31.442,2.0512,,,ANK2
2025-10-31T06:00:00Z,G11,20.874,158.767,5.6483,,,ANK2
2025-10-31T06:00:00Z,G05,49.142,209.249,2.6795,,,ANK2
2025-10-31T06:00:00Z,G06,24.773,84.321,4.8146,,,ANK2
2025-10-31T06:00:00Z,G21,15.727,133.948,7.3779,,,ANK2
2025-10-31T06:00:00Z,G23,25.173,25.861,4.7439,,,ANK2
2025-10-31T06:00:00Z,G09,14.108,79.247,8.1755,,,ANK2
2025-10-31T07:00:00Z,G21,73.89,62.052,2.1068,,,ANK2
2025-10-31T07:00:00Z,G29,28.073,334.717,4.2833,,,ANK2
2025-10-31T07:00:00Z,G13,50.38,15.481,2.6254,,,ANK2
2025-10-31T07:00:00Z,Q17,23.81,203.453,4.984,,,ANK2
2025-10-31T07:00:00Z,G06,47.148,197.375,2.758,,,ANK2
2025-10-31T07:00:00Z,Q12,21.435,90.219,5.4975,,,ANK2
2025-10-31T07:00:00Z,G25,22.118,162.998,5.3384,,,ANK2
2025-10-31T07:00:00Z,G21,55.917,31.586,2.4425,,,ANK2
2025-10-31T07:00:00Z,G07,29.784,259.657,4.0601,,,ANK2
2025-10-31T07:00:00Z,G07,19.301,173.002,6.0668,,,ANK2
2025-10-31T07:00:00Z,G04,39.454,93.527,3.1795,,,ANK2
2025-10-31T07:00:00Z,G05,33.499,86.936,3.6573,,,ANK2
2025-10-31T07:00:00Z,Q26,73.513,95.428,2.1109,,,ANK2
2025-10-31T07:00:00Z,G22,38.413,132.021,3.2514,,,ANK2
2025-10-31T07:00:00Z,G10,71.617,258.307,2.1328,,,ANK2
2025-10-31T07:00:00Z,Q24,43.179,341.857,2.9538,,,ANK2
2025-10-31T07:00:00Z,G23,66.513,240.853,2.2065,,,ANK2
2025-10-31T07:00:00Z,G27,20.146,196.98,5.8271,,,ANK2
2025-10-31T07:00:00Z,G30,79.349,161.495,2.0599,,,ANK2
2025-10-31T08:00:00Z,G06,39.464,262.538,3.1823,,,ANK2
2025-10-31T08:00:00Z,G31,58.534,111.475,2.3745,,,ANK2
2025-10-31T08:00:00Z,G23,41.474,194.451,3.0547,,,ANK2
2025-10-31T08:00:00Z,G02,23.111,332.36,5.1296,,,ANK2
2025-10-31T08:00:00Z,G24,12.18,194.139,9.3769,,,ANK2
2025-10-31T08:00:00Z,Q19,40.495,222.128,3.1151,,,ANK2
2025-10-31T08:00:00Z,G30,58.691,26.369,2.3706,,,ANK2
2025-10-31T08:00:00Z,G16,53.049,64.128,2.5338,,,ANK2
2025-10-31T08:00:00Z,G17,21.718,36.342,5.4363,,,ANK2
2025-10-31T08:00:00Z,G11,43.802,275.333,2.9235,,,ANK2
2025-10-31T08:00:00Z,Q11,37.71,300.932,3.306,,,ANK2
2025-10-31T08:00:00Z,G20,30.565,67.124,3.9712,,,ANK2
2025-10-31T08:00:00Z,G26,67.811,358.742,2.188,,,ANK2
2025-10-31T08:00:00Z,Q14,47.524,54.924,2.7444,,,ANK2
2025-10-31T08:00:00Z,G03,67.589,186.757,2.1915,,,ANK2
2025-10-31T08:00:00Z,G14,30.091,172.538,4.0273,,,ANK2
2025-10-31T08:00:00Z,G32,54.213,287.436,2.4963,,,ANK2
2025-10-31T08:00:00Z,G08,74.889,327.102,2.0989,,,ANK2
2025-10-31T08:00:00Z,G16,33.849,263.21,3.6282,,,ANK2
2025-10-31T08:00:00Z,G18,46.266,225.654,2.8011,,,ANK2
2025-10-31T08:00:00Z,G11,81.328,153.875,2.0501,,,ANK2
2025-10-31T08:00:00Z,G15,69.866,183.717,2.158,,,ANK2
2025-10-31T08:00:00Z,G16,76.528,183.348,2.0838,,,ANK2
2025-10-31T08:00:00Z,G16,38.894,7.333,3.2212,,,ANK2
2025-10-31T09:00:00Z,Q19,10.474,6.986,10.8015,,,ANK2
2025-10-31T09:00:00Z,G06,78.077,145.496,2.073,,,ANK2
2025-10-31T09:00:00Z,Q03,15.332,193.135,7.5563,,,ANK2
2025-10-31T09:00:00Z,G31,43.819,165.437,2.9252,,,ANK2
2025-10-31T09:00:00Z,G16,25.553,346.325,4.6779,,,ANK2
2025-10-31T09:00:00Z,G08,49.284,254.462,2.6733,,,ANK2
2025-10-31T09:00:00Z,G03,31.017,358.441,3.9229,,,ANK2
2025-10-31T09:00:00Z,Q14,74.5,106.222,2.1047,,,ANK2
2025-10-31T09:00:00Z,G24,39.727,284.059,3.1676,,,ANK2
2025-10-31T09:00:00Z,G32,57.907,200.001,2.3928,,,ANK2
2025-10-31T09:00:00Z,G18,28.666,220.234,4.2112,,,ANK2
2025-10-31T09:00:00Z,G27,30.985,270.389,3.9266,,,ANK2
2025-10-31T09:00:00Z,G29,48.936,68.422,2.6873,,,ANK2
2025-10-31T09:00:00Z,Q06,18.811,22.185,6.2282,,,ANK2
2025-10-31T09:00:00Z,G31,76.346,161.57,2.0872,,,ANK2
2025-10-31T09:00:00Z,G18,23.125,72.895,5.1313,,,ANK2
2025-10-31T09:00:00Z,G14,17.677,251.737,6.6047,,,ANK2
2025-10-31T09:00:00Z,G09,25.379,128.409,4.7075,,,ANK2
2025-10-31T09:00:00Z,G24,70.467,161.767,2.1518,,,ANK2
2025-10-31T09:00:00Z,G32,17.936,40.855,6.5146,,,ANK2
2025-10-31T09:00:00Z,Q23,56.082,204.318,2.4426,,,ANK2
2025-10-31T09:00:00Z,G02,65.964,66.789,2.2202,,,ANK2
2025-10-31T10:00:00Z,G24,67.975,183.166,2.1883,,,ANK2
2025-10-31T10:00:00Z,G17,15.037,258.482,7.6991,,,ANK2
2025-10-31T10:00:00Z,G27,22.89,94.803,5.1825,,,ANK2
2025-10-31T10:00:00Z,G30,38.823,307.616,3.2302,,,ANK2
2025-10-31T10:00:00Z,G22,75.112,7.483,2.0995,,,ANK2
2025-10-31T10:00:00Z,Q23,50.275,70.478,2.6356,,,ANK2
2025-10-31T10:00:00Z,G17,59.148,288.072,2.3623,,,ANK2
2025-10-31T10:00:00Z,Q11,68.726,122.493,2.177,,,ANK2
2025-10-31T10:00:00Z,Q14,72.109,53.94,2.1319,,,ANK2
2025-10-31T10:00:00Z,G16,45.721,67.232,2.8305,,,ANK2
2025-10-31T10:00:00Z,G24,69.481,2.645,2.1661,,,ANK2
2025-10-31T10:00:00Z,G01,66.77,127.931,2.2075,,,ANK2
2025-10-31T10:00:00Z,G07,84.869,221.586,2.0376,,,ANK2
2025-10-31T10:00:00Z,G05,45.888,46.713,2.8225,,,ANK2
2025-10-31T10:00:00Z,G13,70.519,322.778,2.1519,,,ANK2
2025-10-31T10:00:00Z,G18,74.686,56.259,2.1036,,,ANK2
2025-10-31T10:00:00Z,G06,25.87,327.526,4.6269,,,ANK2
2025-10-31T10:00:00Z,G12,13.155,77.9,8.7343,,,ANK2
2025-10-31T10:00:00Z,G25,40.356,357.94,3.1279,,,ANK2
2025-10-31T10:00:00Z,G31,74.255,217.71,2.108,,,ANK2
2025-10-31T10:00:00Z,Q01,31.683,30.364,3.8509,,,ANK2
2025-10-31T10:00:00Z,G21,62.501,23.5,2.2866,,,ANK2
2025-10-31T11:00:00Z,G17,69.853,142.904,2.1612,,,ANK2
2025-10-31T11:00:00Z,G22,29.394,296.726,4.119,,,ANK2
2025-10-31T11:00:00Z,Q03,71.48,198.299,2.1399,,,ANK2
2025-10-31T11:00:00Z,G09,10.23,222.674,11.0461,,,ANK2
2025-10-31T11:00:00Z,Q01,56.476,21.21,2.4328,,,ANK2
2025-10-31T11:00:00Z,G31,80.107,72.559,2.0601,,,ANK2
2025-10-31T11:00:00Z,G01,69.089,198.347,2.172,,,ANK2
2025-10-31T11:00:00Z,G26,74.023,21.168,2.1108,,,ANK2
2025-10-31T11:00:00Z,G23,70.87,299.635,2.1477,,,ANK2
2025-10-31T11:00:00Z,G14,19.557,65.845,6.0073,,,ANK2
2025-10-31T11:00:00Z,G02,19.346,24.605,6.0691,,,ANK2
2025-10-31T11:00:00Z,G10,52.641,236.143,2.5511,,,ANK2
2025-10-31T11:00:00Z,Q29,27.572,18.703,4.3652,,,ANK2
2025-10-31T11:00:00Z,G04,64.766,321.293,2.2427,,,ANK2
2025-10-31T11:00:00Z,G13,81.223,248.959,2.0536,,,ANK2
2025-10-31T11:00:00Z,G17,67.453,342.792,2.1968,,,ANK2
2025-10-31T11:00:00Z,G03,75.788,112.999,2.0934,,,ANK2
2025-10-31T11:00:00Z,G06,48.969,175.017,2.6874,,,ANK2
2025-10-31T12:00:00Z,G19,22.727,55.528,5.2344,,,ANK2
2025-10-31T12:00:00Z,G21,64.27,259.251,2.2591,,,ANK2
2025-10-31T12:00:00Z,G02,24.643,209.52,4.8551,,,ANK2
2025-10-31T12:00:00Z,G23,77.221,72.366,2.0875,,,ANK2
2025-10-31T12:00:00Z,G24,11.966,273.706,9.5787,,,ANK2
2025-10-31T12:00:00Z,G08,49.15,186.815,2.6886,,,ANK2
2025-10-31T12:00:00Z,G05,34.008,235.222,3.6299,,,ANK2
2025-10-31T12:00:00Z,Q21,26.881,129.362,4.4818,,,ANK2
2025-10-31T12:00:00Z,G09,45.37,158.075,2.8569,,,ANK2
2025-10-31T12:00:00Z,Q31,73.151,64.923,2.1269,,,ANK2
2025-10-31T12:00:00Z,G25,78.646,272.346,2.0765,,,ANK2
2025-10-31T12:00:00Z,G31,32.744,56.524,3.7526,,,ANK2
2025-10-31T12:00:00Z,G16,11.048,49.718,10.3191,,,ANK2
2025-10-31T12:00:00Z,G16,10.168,85.27,11.1438,,,ANK2
2025-10-31T12:00:00Z,G10,48.3,10.74,2.7236,,,ANK2
2025-10-31T12:00:00Z,G18,32.872,110.926,3.7398,,,ANK2
2025-10-31T12:00:00Z,G24,23.523,324.704,5.0692,,,ANK2
2025-10-31T12:00:00Z,Q01,56.02,299.29,2.4534,,,ANK2
2025-10-31T12:00:00Z,Q05,27.133,133.921,4.4437,,,ANK2
2025-10-31T12:00:00Z,G27,54.416,207.3,2.5014,,,ANK2
2025-10-31T12:00:00Z,G19,38.445,204.25,3.2676,,,ANK2
2025-10-31T12:00:00Z,G32,24.006,298.346,4.9744,,,ANK2
2025-10-31T13:00:00Z,G21,59.534,62.97,2.359,,,ANK2
2025-10-31T13:00:00Z,G11,49.598,54.471,2.6688,,,ANK2
2025-10-31T13:00:00Z,G25,35.071,59.591,3.5317,,,ANK2
2025-10-31T13:00:00Z,G06,21.173,237.07,5.589,,,ANK2
2025-10-31T13:00:00Z,Q04,53.805,357.082,2.519,,,ANK2
2025-10-31T13:00:00Z,G25,13.371,84.771,8.6244,,,ANK2
2025-10-31T13:00:00Z,G10,71.838,326.022,2.1408,,,ANK2
2025-10-31T13:00:00Z,G25,41.568,100.302,3.061,,,ANK2
2025-10-31T13:00:00Z,G18,41.107,233.244,3.089,,,ANK2
2025-10-31T13:00:00Z,Q32,34.538,14.58,3.5789,,,ANK2
2025-10-31T13:00:00Z,G17,82.702,178.435,2.0512,,,ANK2
2025-10-31T13:00:00Z,G28,84.71,47.032,2.0434,,,ANK2
2025-10-31T13:00:00Z,G27,18.041,143.091,6.4985,,,ANK2
2025-10-31T13:00:00Z,G08,30.354,148.196,4.0115,,,ANK2
2025-10-31T13:00:00Z,G32,36.82,67.578,3.387,,,ANK2
2025-10-31T13:00:00Z,G18,45.919,272.271,2.8284,,,ANK2
2025-10-31T13:00:00Z,G22,47.043,115.704,2.7764,,,ANK2
2025-10-31T13:00:00Z,G25,74.215,212.035,2.1139,,,ANK2
2025-10-31T13:00:00Z,Q21,67.792,185.663,2.1969,,,ANK2
2025-10-31T13:00:00Z,G11,11.414,315.874,10.0037,,,ANK2
2025-10-31T13:00:00Z,G20,44.127,43.925,2.9178,,,ANK2
2025-10-31T13:00:00Z,G21,56.356,41.135,2.4421,,,ANK2
2025-10-31T13:00:00Z,G28,44.53,108.115,2.897,,,ANK2
2025-10-31T14:00:00Z,G04,47.737,127.987,2.7339,,,ANK2
2025-10-31T14:00:00Z,G06,16.754,98.956,6.9389,,,ANK2
2025-10-31T14:00:00Z,G19,59.966,352.805,2.3386,,,ANK2
2025-10-31T14:00:00Z,G22,74.927,90.81,2.0976,,,ANK2
2025-10-31T14:00:00Z,G32,20.607,261.255,5.7081,,,ANK2
2025-10-31T14:00:00Z,G25,37.458,102.153,3.3234,,,ANK2
2025-10-31T14:00:00Z,Q07,13.65,25.376,8.4209,,,ANK2
2025-10-31T14:00:00Z,G02,12.222,245.98,9.3425,,,ANK2
2025-10-31T14:00:00Z,G21,84.224,0.587,2.0362,,,ANK2
2025-10-31T14:00:00Z,G18,47.01,243.269,2.7659,,,ANK2
2025-10-31T15:00:00Z,G19,32.758,305.949,3.7242,,,ANK2
2025-10-31T15:00:00Z,Q31,75.726,353.254,2.0855,,,ANK2
2025-10-31T15:00:00Z,G28,22.206,241.926,5.3105,,,ANK2
2025-10-31T15:00:00Z,G29,37.315,276.862,3.3269,,,ANK2
2025-10-31T15:00:00Z,G07,73.65,182.073,2.1062,,,ANK2
2025-10-31T15:00:00Z,G23,24.298,328.585,4.8835,,,ANK2
2025-10-31T15:00:00Z,G04,71.603,231.753,2.1297,,,ANK2
2025-10-31T15:00:00Z,Q04,15.93,318.079,7.2618,,,ANK2
2025-10-31T15:00:00Z,Q32,46.692,84.763,2.7742,,,ANK2
2025-10-31T15:00:00Z,G05,15.65,178.826,7.3848,,,ANK2
2025-10-31T15:00:00Z,G28,60.843,262.735,2.3134,,,ANK2
2025-10-31T15:00:00Z,G14,69.295,72.98,2.1603,,,ANK2
2025-10-31T16:00:00Z,G32,60.638,337.9,2.3227,,,ANK2
2025-10-31T16:00:00Z,G08,45.026,229.893,2.859,,,ANK2
2025-10-31T16:00:00Z,G18,34.235,323.856,3.5903,,,ANK2
2025-10-31T16:00:00Z,G07,31.508,39.338,3.8627,,,ANK2
2025-10-31T16:00:00Z,G04,20.202,224.226,5.8148,,,ANK2
2025-10-31T16:00:00Z,G01,51.199,305.806,2.5964,,,ANK2
2025-10-31T16:00:00Z,G01,43.495,119.131,2.9382,,,ANK2
2025-10-31T16:00:00Z,G16,48.414,70.252,2.7048,,,ANK2
2025-10-31T16:00:00Z,G14,26.152,95.408,4.5724,,,ANK2
2025-10-31T17:00:00Z,G13,30.47,45.447,3.9641,,,ANK2
2025-10-31T17:00:00Z,Q28,84.61,44.802,2.0265,,,ANK2
2025-10-31T17:00:00Z,G23,78.88,150.024,2.0559,,,ANK2
2025-10-31T17:00:00Z,G09,26.131,313.234,4.5577,,,ANK2
2025-10-31T17:00:00Z,G22,33.25,317.551,3.6686,,,ANK2
2025-10-31T17:00:00Z,G06,44.778,38.652,2.8601,,,ANK2
2025-10-31T17:00:00Z,G15,73.331,206.747,2.1056,,,ANK2
2025-10-31T17:00:00Z,G10,70.198,56.043,2.1437,,,ANK2
2025-10-31T18:00:00Z,G02,31.093,125.233,3.9037,,,ANK2
2025-10-31T18:00:00Z,G03,59.509,102.783,2.3462,,,ANK2
2025-10-31T18:00:00Z,G12,20.671,163.11,5.6836,,,ANK2
2025-10-31T18:00:00Z,Q16,18.352,308.367,6.3576,,,ANK2
2025-10-31T18:00:00Z,G26,19.929,262.294,5.8824,,,ANK2
2025-10-31T18:00:00Z,G15,15.816,169.785,7.3171,,,ANK2
2025-10-31T18:00:00Z,G08,75.598,88.043,2.0883,,,ANK2
2025-10-31T18:00:00Z,G09,80.809,261.726,2.0492,,,ANK2
2025-10-31T18:00:00Z,G20,13.492,307.63,8.5019,,,ANK2
2025-10-31T18:00:00Z,G14,67.005,143.982,2.1968,,,ANK2
2025-10-31T18:00:00Z,G29,65.286,240.691,2.226,,,ANK2
2025-10-31T18:00:00Z,G15,84.768,144.076,2.0316,,,ANK2
2025-10-31T19:00:00Z,G08,24.534,121.179,4.8589,,,ANK2
2025-10-31T19:00:00Z,G02,35.857,289.54,3.4556,,,ANK2
2025-10-31T19:00:00Z,G17,54.278,93.343,2.4975,,,ANK2
2025-10-31T19:00:00Z,G15,47.996,217.864,2.7275,,,ANK2
2025-10-31T19:00:00Z,G19,21.146,147.611,5.5811,,,ANK2
2025-10-31T19:00:00Z,G20,43.51,113.926,2.9429,,,ANK2
2025-10-31T19:00:00Z,G13,50.73,329.807,2.6185,,,ANK2
2025-10-31T19:00:00Z,G28,30.05,123.574,4.0374,,,ANK2
2025-10-31T19:00:00Z,G30,55.933,85.203,2.4478,,,ANK2
2025-10-31T19:00:00Z,G04,15.262,327.348,7.5919,,,ANK2
2025-10-31T20:00:00Z,G07,49.735,182.637,2.6514,,,ANK2
2025-10-31T20:00:00Z,G23,37.308,157.827,3.334,,,ANK2
2025-10-31T20:00:00Z,G24,46.19,98.096,2.8029,,,ANK2
2025-10-31T20:00:00Z,G12,79.309,237.174,2.061,,,ANK2
2025-10-31T20:00:00Z,G05,50.867,205.072,2.6084,,,ANK2
2025-10-31T20:00:00Z,G05,41.134,77.164,3.0734,,,ANK2
2025-10-31T20:00:00Z,Q22,84.208,255.389,2.0359,,,ANK2
2025-10-31T20:00:00Z,Q15,14.891,231.871,7.7554,,,ANK2
2025-10-31T20:00:00Z,G16,79.909,143.04,2.0571,,,ANK2
2025-10-31T20:00:00Z,Q27,47.625,1.584,2.7383,,,ANK2
2025-10-31T20:00:00Z,Q01,47.782,160.769,2.7315,,,ANK2
2025-10-31T20:00:00Z,G25,79.147,2.181,2.0621,,,ANK2
2025-10-31T21:00:00Z,G12,81.654,16.583,2.0475,,,ANK2
2025-10-31T21:00:00Z,G23,33.687,166.547,3.6419,,,ANK2
2025-10-31T21:00:00Z,Q15,23.609,293.319,5.0269,,,ANK2
2025-10-31T21:00:00Z,G09,24.065,262.686,4.9384,,,ANK2
2025-10-31T21:00:00Z,G16,45.941,147.096,2.8153,,,ANK2
2025-10-31T21:00:00Z,G22,73.199,214.093,2.1158,,,ANK2
2025-10-31T21:00:00Z,G13,66.85,157.049,2.2025,,,ANK2
2025-10-31T21:00:00Z,G23,42.764,208.446,2.9788,,,ANK2
2025-10-31T21:00:00Z,G32,25.655,186.302,4.6548,,,ANK2
2025-10-31T22:00:00Z,G05,40.163,297.557,3.1444,,,ANK2
2025-10-31T22:00:00Z,G31,23.419,26.53,5.0798,,,ANK2
2025-10-31T22:00:00Z,G17,41.049,3.871,3.0885,,,ANK2
2025-10-31T22:00:00Z,G15,69.011,44.269,2.1756,,,ANK2
2025-10-31T22:00:00Z,G22,78.173,56.163,2.0758,,,ANK2
2025-10-31T22:00:00Z,G21,54.521,316.414,2.4931,,,ANK2
2025-10-31T22:00:00Z,G20,32.453,152.993,3.7747,,,ANK2
2025-10-31T22:00:00Z,G01,61.172,98.975,2.318,,,ANK2
2025-10-31T22:00:00Z,G18,65.511,154.467,2.2318,,,ANK2
2025-10-31T22:00:00Z,G09,34.916,142.143,3.5405,,,ANK2
