Om0,n_TF,Omega_TF0,H0,chi2_SN,chi2_BAO,chi2_tot,dof_tot,chi2_red,C_best
0.2,-0.6,0.7999,70.0,1218.923674113249,36.31924816954362,1255.2429222827927,1059,1.1853096527693983,-19.441969341188138
0.2,-0.575,0.7999,70.0,1211.6143215173286,35.7850626186999,1247.3993841360284,1059,1.1779031011671657,-19.4399464391885
0.2,-0.5499999999999999,0.7999,70.0,1204.4247013784448,35.25213448091549,1239.6768358593602,1059,1.170610798734051,-19.43791958256131
0.2,-0.5249999999999999,0.7999,70.0,1197.3567992827627,34.72058969695249,1232.0773889797151,1059,1.1634347393576159,-19.435888776169566
0.2,-0.5,0.7999,70.0,1190.4126154384853,34.190559339783356,1224.6031747782686,1059,1.1563769355791016,-19.43385402509395
0.2,-0.475,0.7999,70.0,1183.5941645109292,33.662179794081425,1217.2563443050105,1059,1.1494394186071866,-19.431815334634514
0.2,-0.44999999999999996,0.7999,70.0,1176.9034754495203,33.13559294134108,1210.0390683908613,1059,1.1426242383294252,-19.429772710312218
0.2,-0.42499999999999993,0.7999,70.0,1170.3425913067908,32.61094635077662,1202.9535376575675,1059,1.1359334633215934,-19.42772615787054
0.2,-0.39999999999999997,0.7999,70.0,1163.9135690491423,32.088393476151055,1196.0019625252935,1059,1.129369180854857,-19.42567568327698
0.2,-0.375,0.7999,70.0,1157.618479359405,31.568093858688865,1189.1865732180938,1059,1.1229334969009384,-19.42362129272457
0.2,-0.35,0.7999,70.0,1151.4594064311054,31.050213336228666,1182.509619767334,1059,1.1166285361353485,-19.421562992633262
0.2,-0.32499999999999996,0.7999,70.0,1145.4384477543435,30.534924258774776,1175.9733720131183,1059,1.110456441938733,-19.41950078965138
0.2,-0.29999999999999993,0.7999,70.0,1139.55771389328,30.022405710607906,1169.5801196038879,1059,1.1044193763964947,-19.417434690656926
0.2,-0.27499999999999997,0.7999,70.0,1133.8193282551288,29.512843739119297,1163.332171994248,1059,1.0985195202967404,-19.41536470275889
0.2,-0.24999999999999994,0.7999,70.0,1128.2254268506567,29.00643159053245,1157.2318584411892,1059,1.0927590731267132,-19.41329083329851
0.2,-0.22499999999999998,0.7999,70.0,1122.7781580461237,28.503369952681183,1151.281527998805,1059,1.0871402530678045,-19.411213089850474
0.2,-0.19999999999999996,0.7999,70.0,1117.4796823066235,28.003867205013055,1145.4835495116365,1059,1.0816652969892695,-19.40913148022403
0.2,-0.17499999999999993,0.7999,70.0,1112.332171930832,27.508139675990133,1139.840311606822,1059,1.076336460440814,-19.40704601246412
0.2,-0.14999999999999997,0.7999,70.0,1107.3378107771255,27.016411908061148,1134.3542226851866,1059,1.0711560176441801,-19.4049566948524
0.2,-0.12499999999999994,0.7999,70.0,1102.4987939810214,26.528916930380472,1129.027710911402,1059,1.0661262614838545,-19.40286353590822
0.2,-0.09999999999999998,0.7999,70.0,1097.817327664015,26.045896539451608,1123.8632242034666,1059,1.0612495034971356,-19.400766544389526
0.2,-0.07499999999999996,0.7999,70.0,1093.295628633739,25.56760158787471,1118.8632302216135,1059,1.0565280738636578,-19.398665729293757
0.2,-0.04999999999999993,0.7999,70.0,1088.9359240754843,25.094292281379143,1114.0302163568635,1059,1.051964321394583,-19.396561099858612
0.2,-0.02499999999999991,0.7999,70.0,1084.740451235114,24.62623848432387,1109.366689719438,1059,1.04756061352166,-19.394452665562792
0.2,1.1102230246251565e-16,0.7999,70.0,1080.7114570933795,24.16372003385017,1104.8751771272298,1059,1.043319336286336,-19.392340436126673
0.2,0.025000000000000022,0.7999,70.0,1076.8511980316334,23.707027062872346,1100.5582250945058,1059,1.0392428943290895,-19.390224421512922
0.2,0.050000000000000044,0.7999,70.0,1073.1619394890897,23.256460332093837,1096.4183998211836,1059,1.0353337108793046,-19.388104631927
0.2,0.07500000000000007,0.7999,70.0,1069.6459556115437,22.812331571237472,1092.4582871827813,1059,1.0315942277457804,-19.385981077817664
0.2,0.10000000000000009,0.7999,70.0,1066.3055288917062,22.374963829679483,1088.6804927213857,1059,1.0280269053082018,-19.383853769877355
0.2,0.1250000000000001,0.7999,70.0,1063.1429498012008,21.944691836678846,1085.0876416378796,1059,1.0246342225098013,-19.381722719042507
0.2,0.15000000000000002,0.7999,70.0,1060.1605164142666,21.52186237139364,1081.6823787856601,1059,1.021418676851426,-19.379587936493817
0.2,0.17500000000000004,0.7999,70.0,1057.3605340232684,21.106834642878297,1078.4673686661467,1059,1.0183827843872963,-19.377449433656427
0.2,0.2,0.7999,70.0,1054.745314746157,20.699980680255713,1075.4452954264127,1059,1.0155290797227694,-19.37530722220001
0.21000000000000002,-0.6,0.7899,70.0,1189.5371290045755,32.61708895961774,1222.1542179641933,1059,1.1540644173410701,-19.43627643976325
0.21000000000000002,-0.575,0.7899,70.0,1183.041512380148,32.13725500093758,1215.1787673810857,1059,1.1474775895949818,-19.43429934075753
0.21000000000000002,-0.5499999999999999,0.7899,70.0,1176.6594063587993,31.65900112210951,1208.3184074809087,1059,1.1409994404918873,-19.432318252636104
0.21000000000000002,-0.5249999999999999,0.7899,70.0,1170.3927100477854,31.182452470353716,1201.575162518139,1059,1.1346318815091019,-19.430333179095744
0.21000000000000002,-0.5,0.7899,70.0,1164.243337436573,30.707739161489673,1194.9510765980626,1059,1.1283768428688032,-19.42834412404457
0.21000000000000002,-0.475,0.7899,70.0,1158.2132172622432,30.234996453048293,1188.4482137152916,1059,1.1222362735744018,-19.42635109160391
0.21000000000000002,-0.44999999999999996,0.7899,70.0,1152.3042928672508,29.764364922855027,1182.0686577901058,1059,1.1162121414448591,-19.424354086110025
0.21000000000000002,-0.42499999999999993,0.7899,70.0,1146.5185220495287,29.295990653232383,1175.814512702761,1059,1.110306433147083,-19.4223531121159
0.21000000000000002,-0.39999999999999997,0.7899,70.0,1140.857876904788,28.830025420972436,1169.6879023257604,1059,1.1045211542264026,-19.42034817439294
0.21000000000000002,-0.375,0.7899,70.0,1135.3243436609696,28.366626893232898,1163.6909705542025,1059,1.0988583291352243,-19.41833927793268
0.21000000000000002,-0.35,0.7899,70.0,1129.919922504716,27.905958829512617,1157.8258813342286,1059,1.0933200012598947,-19.416326427948384
0.21000000000000002,-0.32499999999999996,0.7899,70.0,1124.6466273998333,27.448191289865463,1152.0948186896987,1059,1.0879082329458911,-19.41430962987669
0.21000000000000002,-0.29999999999999993,0.7899,70.0,1119.5064858976407,26.993500849513378,1146.499986747154,1059,1.0826251055213918,-19.41228888937914
0.21000000000000002,-0.27499999999999997,0.7899,70.0,1114.5015389391551,26.542070820022637,1141.0436097591778,1059,1.077472719319337,-19.410264212343733
0.21000000000000002,-0.24999999999999994,0.7899,70.0,1109.6338406490206,26.094091477209215,1135.72793212623,1059,1.0724531936980453,-19.40823560488638
0.21000000000000002,-0.22499999999999998,0.7899,70.0,1104.9054581211499,25.649760295942215,1130.5552184170922,1059,1.0675686670605213,-19.40620307335235
0.21000000000000002,-0.19999999999999996,0.7899,70.0,1100.318471196008,25.209282192015994,1125.527753388024,1059,1.062821296872544,-19.404166624317646
0.21000000000000002,-0.17499999999999993,0.7899,70.0,1095.8749722295113,24.772869771264414,1120.6478420007757,1059,1.058213259679675,-19.402126264590354
0.21000000000000002,-0.14999999999999997,0.7899,70.0,1091.5770658534684,24.34074358609304,1115.9178094395616,1059,1.0537467511232876,-19.400082001211914
0.21000000000000002,-0.12499999999999994,0.7899,70.0,1087.4268687275367,23.913132399606763,1111.3400011271435,1059,1.0494239859557541,-19.39803384145837
0.21000000000000002,-0.09999999999999998,0.7899,70.0,1083.426509282696,23.490273457513105,1106.916782740209,1059,1.045247198054966,-19.39598179284156
0.21000000000000002,-0.07499999999999996,0.7899,70.0,1079.5781274561598,23.072412767983174,1102.650540224143,1059,1.0412186404382842,-19.393925863110216
0.21000000000000002,-0.04999999999999993,0.7899,70.0,1075.8838744177501,22.659805389654245,1098.5436798074043,1059,1.0373405852761135,-19.391866060251058
0.21000000000000002,-0.02499999999999991,0.7899,70.0,1072.3459122877343,22.252715727960386,1094.5986280156947,1059,1.033615323905283,-19.389802392489802
0.21000000000000002,1.1102230246251565e-16,0.7899,70.0,1068.9664138460453,21.851417839978648,1090.817831686024,1059,1.0300451668423267,-19.387734868292114
0.21000000000000002,0.025000000000000022,0.7899,70.0,1065.747562233014,21.456195747981,1087.2037579809949,1059,1.0266324437969734,-19.38566349636452
0.21000000000000002,0.050000000000000044,0.7899,70.0,1062.6915506414875,21.06734376188308,1083.7588944033705,1059,1.0233795036859024,-19.3835882856552
0.21000000000000002,0.07500000000000007,0.7899,70.0,1059.8005820004869,20.685166810783453,1080.4857488112702,1059,1.0202887146470918,-19.381509245354792
0.21000000000000002,0.10000000000000009,0.7899,70.0,1057.0768686503113,20.309980783787687,1077.386849434099,1059,1.0173624640548622,-19.379426384897073
0.21000000000000002,0.1250000000000001,0.7899,70.0,1054.5226320092274,19.942112880313708,1074.4647448895412,1059,1.0146031585359219,-19.377339713959607
0.21000000000000002,0.15000000000000002,0.7899,70.0,1052.1401022317027,19.58190197007626,1071.7220042017789,1059,1.0120132239865711,-19.375249242464307
0.21000000000000002,0.17500000000000004,0.7899,70.0,1049.9315178583197,19.229698962949225,1069.161216821269,1059,1.0095951055913777,-19.373154980577933
0.21000000000000002,0.2,0.7899,70.0,1047.8991254573448,18.885867188906555,1066.7849926462513,1059,1.0073512678434857,-19.37105693871251
0.22,-0.6,0.7799,70.0,1163.2292912956677,29.282895395695604,1192.5121866913632,1059,1.126073830681174,-19.430657689845038
0.22,-0.575,0.7799,70.0,1157.4879988374842,28.854277802052543,1186.3422766395367,1059,1.1202476644377117,-19.42872525130966
0.22,-0.5499999999999999,0.7799,70.0,1151.8545838397756,28.427545319649564,1180.2821291594253,1059,1.114525145570751,-19.426788797294776
0.22,-0.5249999999999999,0.7799,70.0,1146.3308627581596,28.002822450992255,1174.3336852091518,1059,1.1089081069019375,-19.424848330388286
0.22,-0.5,0.7799,70.0,1140.918667075376,27.580238514899463,1168.4989055902756,1059,1.1033983999908175,-19.42290385338246
0.22,-0.475,0.7799,70.0,1135.6198431940948,27.159927813528434,1162.7797710076231,1059,1.0979978951913345,-19.42095536927593
0.22,-0.44999999999999996,0.7799,70.0,1130.4362523226337,26.74202980471221,1157.178282127346,1059,1.0927084817066535,-19.419002881275578
0.22,-0.42499999999999993,0.7799,70.0,1125.3697703533453,26.326689279755698,1151.696459633101,1059,1.0875320676422107,-19.417046392798493
0.22,-0.39999999999999997,0.7799,70.0,1120.4222877336656,25.91405654684025,1146.336344280506,1059,1.082470580057135,-19.415085907473834
0.22,-0.375,0.7799,70.0,1115.595709329696,25.504287620189338,1141.0999969498855,1059,1.0775259650140563,-19.413121429144653
0.22,-0.35,0.7799,70.0,1110.8919542822148,25.097544415150224,1135.989498697365,1059,1.0727001876273512,-19.41115296186975
0.22,-0.32499999999999996,0.7799,70.0,1106.3129558550363,24.693994949350053,1131.0069508043864,1059,1.0679952321099022,-19.40918050992545
0.22,-0.29999999999999993,0.7799,70.0,1101.8606612756232,24.29381355008678,1126.15447482571,1059,1.063413101818423,-19.407204077807343
0.22,-0.27499999999999997,0.7799,70.0,1097.5370315678651,23.897181068118613,1121.4342126359838,1059,1.058955819297435,-19.405223670232004
0.22,-0.24999999999999994,0.7799,70.0,1093.3440413769806,23.504285098018176,1116.8483264749989,1059,1.0546254263220007,-19.40323929213867
0.22,-0.22499999999999998,0.7799,70.0,1089.2836787863862,23.11532020526003,1112.3989989916463,1059,1.0504239839392315,-19.401250948690894
0.22,-0.19999999999999996,0.7799,70.0,1085.3579451265382,22.73048816021322,1108.0884332867515,1059,1.046353572508736,-19.399258645278092
0.22,-0.17499999999999993,0.7799,70.0,1081.5688547756633,22.349998179212793,1103.9188529548762,1059,1.0424162917420927,-19.397262387517163
0.22,-0.14999999999999997,0.7799,70.0,1077.9184349522625,21.974067172886834,1099.8925021251493,1059,1.0386142607414064,-19.395262181253948
0.22,-0.12499999999999994,0.7799,70.0,1074.4087254994315,21.602920001917926,1096.0116455013494,1059,1.0349496180371571,-19.393258032564727
0.22,-0.09999999999999998,0.7799,70.0,1071.0417786608305,21.236789740420924,1092.2785684012513,1059,1.0314245216253553,-19.39124994775761
0.22,-0.07499999999999996,0.7799,70.0,1067.8196588483595,20.87591794712036,1088.6955767954798,1059,1.0280411490042303,-19.389237933373924
0.22,-0.04999999999999993,0.7799,70.0,1064.7444424014534,20.52055494451399,1085.2649973459675,1059,1.0248016972105454,-19.387221996189513
0.22,-0.02499999999999991,0.7799,70.0,1061.8182173379353,20.170960106210746,1081.989177444146,1059,1.021708382855662,-19.38520214321602
0.22,1.1102230246251565e-16,0.7799,70.0,1059.0430830964933,19.827402152633766,1078.8704852491271,1059,1.0187634421615932,-19.383178381702105
0.22,0.025000000000000022,0.7799,70.0,1056.421150270637,19.490159455281077,1075.9113097259183,1059,1.01596913099709,-19.38115071913456
0.22,0.050000000000000044,0.7799,70.0,1053.9545403342258,19.159520349738766,1073.1140606839647,1059,1.0133277249140364,-19.37911916323946
0.22,0.07500000000000007,0.7799,70.0,1051.6453853585258,18.835783457643416,1070.4811688161692,1059,1.0108415191842957,-19.377083721983162
0.22,0.10000000000000009,0.7799,70.0,1049.4958277207731,18.51925801779227,1068.0150857385654,1059,1.0085128288371723,-19.375044403573316
0.22,0.1250000000000001,0.7799,70.0,1047.5080198042779,18.21026422660171,1065.7182840308797,1059,1.0063439886977146,-19.373001216459762
0.22,0.15000000000000002,0.7799,70.0,1045.6841236900914,17.90913358811617,1063.5932572782076,1059,1.0043373534260696,-19.3709541693354
0.22,0.17500000000000004,0.7799,70.0,1044.0263108402505,17.61620927377125,1061.6425201140219,1059,1.0024952975580943,-19.368903271136965
0.22,0.2,0.7799,70.0,1042.5367617726,17.33184649211678,1059.8686082647166,1059,1.0008202155474188,-19.366848531045783
0.23,-0.6,0.7699,70.0,1139.8060955357673,26.298972269424826,1166.1050678051922,1059,1.1011379299388029,-19.42511037532216
0.23,-0.575,0.7699,70.0,1134.7644695115416,25.918654869772308,1160.683124381314,1059,1.0960180589058677,-19.423221513948295
0.23,-0.5499999999999999,0.7699,70.0,1129.8256062947376,25.540510601211185,1155.3661168959488,1059,1.0909972775221424,-19.42132861810728
0.23,-0.5249999999999999,0.7699,70.0,1124.9912434947564,25.16466343858648,1150.155906933343,1059,1.0860773436575477,-19.419431689334566
0.23,-0.5,0.7699,70.0,1120.2631337966104,24.791242030954827,1145.0543758275653,1059,1.0812600338315064,-19.41753072936248
0.23,-0.475,0.7699,70.0,1115.643044878494,24.420379862802942,1140.063424741297,1059,1.0765471432873437,-19.415625740122337
0.23,-0.44999999999999996,0.7699,70.0,1111.1327593226702,24.052215420419532,1135.1849747430897,1059,1.0719404860652406,-19.41371672374647
0.23,-0.42499999999999993,0.7699,70.0,1106.7340745195222,23.686892363565775,1130.4209668830879,1059,1.0674418950737374,-19.41180368257029
0.23,-0.39999999999999997,0.7699,70.0,1102.4488025646908,23.32455970259257,1125.7733622672833,1059,1.063053222159852,-19.409886619134294
0.23,-0.375,0.7699,70.0,1098.2787701491238,22.965371981155453,1121.2441421302792,1059,1.0587763381777897,-19.407965536186065
0.23,-0.35,0.7699,70.0,1094.2258184420562,22.609489464680895,1116.835307906737,1059,1.0546131330564088,-19.40604043668223
0.23,-0.32499999999999996,0.7699,70.0,1090.2918029666403,22.25707833474126,1112.5488813013815,1059,1.050565515865327,-19.404111323790406
0.23,-0.29999999999999993,0.7699,70.0,1086.4785934683196,21.908310889497784,1108.3869043578175,1059,1.046635414879903,-19.40217820089111
0.23,-0.27499999999999997,0.7699,70.0,1082.788073775701,21.56336575037447,1104.3514395260754,1059,1.0428247776450192,-19.40024107157964
0.23,-0.24999999999999994,0.7699,70.0,1079.2221416538962,21.22242807512833,1100.4445697290246,1059,1.0391355710377947,-19.39829993966791
0.23,-0.22499999999999998,0.7699,70.0,1075.7827086502605,20.885689777484476,1096.668398427745,1059,1.0355697813293154,-19.396354809186292
0.23,-0.19999999999999996,0.7699,70.0,1072.4716999323712,20.55334975350713,1093.0250496858782,1059,1.0321294142453996,-19.394405684385376
0.23,-0.17499999999999993,0.7699,70.0,1069.2910541182678,20.22561411488071,1089.5166682331485,1059,1.0288164950265803,-19.392452569737703
0.23,-0.14999999999999997,0.7699,70.0,1066.2427230987637,19.90269642927772,1086.1454195280414,1059,1.0256330684872912,-19.390495469939502
0.23,-0.12499999999999994,0.7699,70.0,1063.3286718518477,19.584817967992876,1082.9134898198406,1059,1.0225811990744482,-19.388534389912337
0.23,-0.09999999999999998,0.7699,70.0,1060.550878249052,19.27220796102573,1079.8230862100777,1059,1.0196629709254748,-19.3865693348047
0.23,-0.07499999999999996,0.7699,70.0,1057.9113328537687,18.965103859796436,1076.8764367135652,1059,1.016880487925935,-19.384600309993658
0.23,-0.04999999999999993,0.7699,70.0,1055.4120387113867,18.66375160768222,1074.0757903190688,1059,1.014235873766826,-19.382627321086325
0.23,-0.02499999999999991,0.7699,70.0,1053.0550111312857,18.368405918564232,1071.4234170498498,1059,1.0117312720017468,-19.380650373921387
0.23,1.1102230246251565e-16,0.7699,70.0,1050.842277460569,18.079330563577305,1068.9216080241463,1059,1.0093688461040098,-19.37866947457054
0.23,0.025000000000000022,0.7699,70.0,1048.7758768495328,17.796798666257164,1066.57267551579,1059,1.007150779523881,-19.376684629339845
0.23,0.050000000000000044,0.7699,70.0,1046.8578600088017,17.521093006282378,1064.378953015084,1059,1.0050792757460663,-19.374695844771132
0.23,0.07500000000000007,0.7699,70.0,1045.0902889581657,17.25250633201023,1062.342795290176,1059,1.0031565583476638,-19.372703127643227
0.23,0.10000000000000009,0.7699,70.0,1043.4752367670135,16.99134168200805,1060.4665784490214,1059,1.0013848710566775,-19.370706484973216
0.23,0.1250000000000001,0.7699,70.0,1042.0147872864047,16.73791271578382,1058.7527000021885,1059,0.9997664778113206,-19.36870592401761
0.23,0.15000000000000002,0.7699,70.0,1040.7110348727606,16.4925440539217,1057.2035789266822,1059,0.9983036628202854,-19.36670145227348
0.23,0.17500000000000004,0.7699,70.0,1039.5660841031722,16.25557162782995,1055.8216557310022,1059,0.9969987306241759,-19.36469307747949
0.23,0.2,0.7699,70.0,1038.582049482294,16.02734303931113,1054.609392521605,1059,0.9958540061582672,-19.362680807616908
0.24000000000000002,-0.6,0.7599,70.0,1119.0898189413151,23.64908458154266,1142.7389035228578,1059,1.0790735632888175,-19.419631955903448
0.24000000000000002,-0.575,0.7599,70.0,1114.697469167498,23.314347055583546,1138.0118162230815,1059,1.074609835904704,-19.4177856427755
0.24000000000000002,-0.5499999999999999,0.7599,70.0,1110.4032253628739,22.982054292773253,1133.385279655647,1059,1.0702410572763428,-19.415935282905505
0.24000000000000002,-0.5249999999999999,0.7599,70.0,1106.208750026556,22.652329830665476,1128.8610798572213,1059,1.0659689139350532,-19.41408087683167
0.24000000000000002,-0.5,0.7599,70.0,1102.1157207013978,22.325301748093903,1124.4410224494916,1059,1.0617951109060355,-19.412222425281172
0.24000000000000002,-0.475,0.7599,70.0,1098.125829913818,22.00110282085068,1120.1269327346688,1059,1.057721371798554,-19.41035992917239
0.24000000000000002,-0.44999999999999996,0.7599,70.0,1094.2407851073394,21.679870682361706,1115.9206557897012,1059,1.053749438894902,-19.408493389617043
0.24000000000000002,-0.42499999999999993,0.7599,70.0,1090.4623085697817,21.36174798950144,1111.8240565592832,1059,1.0498810732382278,-19.40662280792235
0.24000000000000002,-0.39999999999999997,0.7599,70.0,1086.7921373539375,21.046882593693255,1107.8390199476307,1059,1.046118054719198,-19.40474818559315
0.24000000000000002,-0.375,0.7599,70.0,1083.232023191665,20.735427717444768,1103.9674509091096,1059,1.0424621821615767,-19.40286952433401
0.24000000000000002,-0.35,0.7599,70.0,1079.783732401268,20.427542136469796,1100.2112745377378,1059,1.0389152734067402,-19.400986826051337
0.24000000000000002,-0.32499999999999996,0.7599,70.0,1076.449045788022,20.123390367552556,1096.5724361555745,1059,1.035479165397143,-19.39910009285542
0.24000000000000002,-0.29999999999999993,0.7599,70.0,1073.2297585377971,19.823142862312253,1093.0529014001095,1059,1.032155714258838,-19.39720932706249
0.24000000000000002,-0.27499999999999997,0.7599,70.0,1070.1276801036129,19.526976207029186,1089.6546563106422,1059,1.0289467953830427,-19.39531453119675
0.24000000000000002,-0.24999999999999994,0.7599,70.0,1067.144634085073,19.235073328697187,1086.3797074137701,1059,1.025854303506865,-19.393415707992336
0.24000000000000002,-0.22499999999999998,0.7599,70.0,1064.2824581005502,18.947623707469095,1083.2300818080193,1059,1.0228801527932194,-19.391512860395324
0.24000000000000002,-0.19999999999999996,0.7599,70.0,1061.543003652021,18.66482359566643,1080.2078272476874,1059,1.0200262769099975,-19.38960599156562
0.24000000000000002,-0.17499999999999993,0.7599,70.0,1058.9281359824718,18.38687624352601,1077.3150122259979,1059,1.017294629108591,-19.387695104878926
0.24000000000000002,-0.14999999999999997,0.7599,70.0,1056.4397339257844,18.11399213186018,1074.5537260576446,1059,1.0146871823018362,-19.385780203928554
0.24000000000000002,-0.12499999999999994,0.7599,70.0,1054.0796897490213,17.846389211809722,1071.926078960831,1059,1.0122059291414836,-19.383861292527296
0.24000000000000002,-0.09999999999999998,0.7599,70.0,1051.8499089869874,17.58429315187182,1069.4342021388593,1059,1.0098528820952402,-19.38193837470922
0.24000000000000002,-0.07499999999999996,0.7599,70.0,1049.7523102690614,17.32793759238786,1067.0802478614492,1059,1.0076300735235593,-19.380011454731452
0.24000000000000002,-0.04999999999999993,0.7599,70.0,1047.7888251381487,17.07756440767889,1064.8663895458276,1059,1.0055395557562112,-19.37808053707586
0.24000000000000002,-0.02499999999999991,0.7599,70.0,1045.9613978617454,16.833423976019624,1062.794821837765,1059,1.0035834011688056,-19.37614562645079
0.24000000000000002,1.1102230246251565e-16,0.7599,70.0,1044.2719852349937,16.59577545764382,1060.8677606926376,1059,1.0017637022593366,-19.37420672779267
0.24000000000000002,0.025000000000000022,0.7599,70.0,1042.722556375757,16.36488708097728,1059.0874434567343,1059,1.0000825717249615,-19.372263846267654
0.24000000000000002,0.050000000000000044,0.7599,70.0,1041.3150925115342,16.141036437297178,1057.4561289488313,1059,0.9985421425390286,-19.370316987273124
0.24000000000000002,0.07500000000000007,0.7599,70.0,1040.051586758284,15.924510784018302,1055.9760975423023,1059,0.9971445680286141,-19.368366156439237
0.24000000000000002,0.10000000000000009,0.7599,70.0,1038.9340438910608,15.715607356810427,1054.6496512478711,1059,0.9958920219526639,-19.366411359630355
0.24000000000000002,0.1250000000000001,0.7599,70.0,1037.9644801064092,15.514633690752266,1053.4791137971615,1059,0.9947866985808891,-19.364452602946486
0.24000000000000002,0.15000000000000002,0.7599,70.0,1037.144922776542,15.32190795073083,1052.4668307272727,1059,0.9938308127736286,-19.362489892724607
0.24000000000000002,0.17500000000000004,0.7599,70.0,1036.477410195233,15.137759271296268,1051.6151694665293,1059,0.9930266000628227,-19.36052323553998
0.24000000000000002,0.2,0.7599,70.0,1035.963991315399,14.962528106185685,1050.9265194215845,1059,0.9923763167342631,-19.358552638207396
0.25,-0.6,0.7499,70.0,1100.9172993983796,21.31828946591947,1122.235588864299,1059,1.059712548502643,-19.414220050660944
0.25,-0.575,0.7499,70.0,1097.127678578256,21.02658735355744,1118.1542659318136,1059,1.0558586080564811,-19.41241530696955
0.25,-0.5499999999999999,0.7499,70.0,1093.4319120784708,20.737585863494555,1114.1694979419653,1059,1.052095843193546,-19.410606510383555
0.25,-0.5249999999999999,0.7499,70.0,1089.8315909212045,20.451408163883706,1110.2829990850882,1059,1.0484258726015943,-19.40879366049764
0.25,-0.5,0.7499,70.0,1086.3283210738728,20.1681818394916,1106.4965029133643,1059,1.0448503332515244,-19.406976757087307
0.25,-0.475,0.7499,70.0,1082.9237234088155,19.88803904209127,1102.8117624509068,1059,1.0413708805013284,-19.40515580011114
0.25,-0.44999999999999996,0.7499,70.0,1079.6194336571448,19.611116645696605,1099.2305503028415,1059,1.0379891881990948,-19.403330789713053
0.25,-0.42499999999999993,0.7499,70.0,1076.4171023567142,19.33755640677956,1095.7546587634938,1059,1.0347069487851688,-19.40150172622452
0.25,-0.39999999999999997,0.7499,70.0,1073.3183947940224,19.067505129613366,1092.3858999236359,1059,1.0315258733934238,-19.3996686101668
0.25,-0.375,0.7499,70.0,1070.3249909399465,18.801114836889013,1089.1261057768354,1059,1.0284476919516858,-19.397831442253125
0.25,-0.35,0.7499,70.0,1067.4385853792173,18.538542945754866,1085.9771283249722,1059,1.0254741532813714,-19.395990223390918
0.25,-0.32499999999999996,0.7499,70.0,1064.6608872334891,18.27995244943242,1082.9408396829215,1059,1.0226070251963375,-19.394144954683956
0.25,-0.29999999999999993,0.7499,70.0,1061.9936200778977,18.02551210456489,1080.0191321824627,1059,1.0198480946010036,-19.39229563743451
0.25,-0.27499999999999997,0.7499,70.0,1059.438521850999,17.77539662445788,1077.213918475457,1059,1.017199167587778,-19.390442273145513
0.25,-0.24999999999999994,0.7499,70.0,1056.997344757996,17.529786878374974,1074.527131636371,1059,1.0146620695338726,-19.388584863522663
0.25,-0.22499999999999998,0.7499,70.0,1054.6718551670842,17.288870097054104,1071.9607252641383,1059,1.0122386451974865,-19.386723410476492
0.25,-0.19999999999999996,0.7499,70.0,1052.4638334988929,17.05284008461373,1069.5166735835066,1059,1.0099307588135096,-19.384857916124467
0.25,-0.17499999999999993,0.7499,70.0,1050.3750741088616,16.821897437020983,1067.1969715458824,1059,1.0077402941887463,-19.38298838279303
0.25,-0.14999999999999997,0.7499,70.0,1048.4073851624712,16.596249767297092,1065.0036349297684,1059,1.0056691547967596,-19.381114813019597
0.25,-0.12499999999999994,0.7499,70.0,1046.562588503228,16.376111937638616,1062.9387004408666,1059,1.0037192638723953,-19.37923720955457
0.25,-0.09999999999999998,0.7499,70.0,1044.8425195133113,16.161706298635803,1061.0042258119472,1059,1.001892564506088,-19.377355575363264
0.25,-0.07499999999999996,0.7499,70.0,1043.2490269667974,15.953262935772832,1059.20228990257,1059,1.0001910197380266,-19.375469913627867
0.25,-0.04999999999999993,0.7499,70.0,1041.7839728753652,15.751019923397388,1057.5349927987625,1059,0.9986166126522781,-19.373580227749315
0.25,-0.02499999999999991,0.7499,70.0,1040.4492323263953,15.5552235863503,1056.0044559127457,1059,0.9971713464709591,-19.371686521349154
0.25,1.1102230246251565e-16,0.7499,70.0,1039.2466933134092,15.366128769448563,1054.6128220828577,1059,0.9958572446485909,-19.369788798271358
0.25,0.025000000000000022,0.7499,70.0,1038.1782565587573,15.183999115018452,1053.3622556737757,1059,0.9946763509667382,-19.367887062584117
0.25,0.050000000000000044,0.7499,70.0,1037.2458353284592,15.009107348677675,1052.2549426771368,1059,0.9936307296290243,-19.36598131858157
0.25,0.07500000000000007,0.7499,70.0,1036.451355239203,14.841735573569,1051.2930908127719,1059,0.9927224653567251,-19.36407157078554
0.25,0.10000000000000009,0.7499,70.0,1035.7967540573695,14.682175573249863,1050.4789296306194,1059,0.9919536634850041,-19.36215782394714
0.25,0.1250000000000001,0.7499,70.0,1035.2839814900703,14.53072912344582,1049.8147106135161,1059,0.9913264500599774,-19.36024008304844
0.25,0.15000000000000002,0.7499,70.0,1034.9149989681202,14.387708312877555,1049.3027072809978,1059,0.9908429719367307,-19.35831835330399
0.25,0.17500000000000004,0.7499,70.0,1034.6917794209576,14.253435873374553,1048.9452152943322,1059,0.9905053968785007,-19.35639264016237
0.25,0.2,0.7499,70.0,1034.6163070434095,14.128245519490385,1048.7445525628998,1059,0.9903159136571292,-19.35446294930765
0.26,-0.6,0.7399,70.0,1085.1383930478464,19.292792618823576,1104.43118566667,1059,1.0429000808939282,-19.40887242357607
0.26,-0.575,0.7399,70.0,1081.9084245561385,19.04174000177193,1100.9501645579105,1059,1.0396129976939665,-19.40710831679135
0.26,-0.5499999999999999,0.7399,70.0,1078.7684181196068,18.793628693435746,1097.5620468130426,1059,1.0364136419386616,-19.405340156554466
0.26,-0.5249999999999999,0.7399,70.0,1075.7198967921477,18.548581541472718,1094.2684783336204,1059,1.0333035678315583,-19.403567941568745
0.26,-0.5,0.7399,70.0,1072.7643984193642,18.306725692946742,1091.0711241123108,1059,1.030284347603693,-19.40179167070996
0.26,-0.475,0.7399,70.0,1069.9034756159213,18.068192739675034,1087.9716683555962,1059,1.027357571629458,-19.400011343028662
0.26,-0.44999999999999996,0.7399,70.0,1067.1386957375762,17.83311886826524,1084.9718146058415,1059,1.024524848541871,-19.398226957752446
0.26,-0.42499999999999993,0.7399,70.0,1064.4716408477025,17.60164501498066,1082.0732858626832,1059,1.0217878053471985,-19.39643851428827
0.26,-0.39999999999999997,0.7399,70.0,1061.903907678227,17.373917025574304,1079.2778247038011,1059,1.0191480875390002,-19.394646012224758
0.26,-0.375,0.7399,70.0,1059.437107584839,17.15008582023668,1076.5871934050756,1059,1.0166073592115916,-19.392849451334452
0.26,-0.35,0.7399,70.0,1057.0728664963576,16.930307563804483,1074.003174060162,1059,1.0141673031729577,-19.39104883157611
0.26,-0.32499999999999996,0.7399,70.0,1054.812824858145,16.71474384138107,1071.527568699526,1059,1.011829621057154,-19.389244153096946
0.26,-0.29999999999999993,0.7399,70.0,1052.65863756942,16.50356183952306,1069.1621994089433,1059,1.009596033436207,-19.387435416234897
0.26,-0.27499999999999997,0.7399,70.0,1050.6119739144074,16.296934533150015,1066.9089084475575,1059,1.0074682799315935,-19.385622621520817
0.26,-0.24999999999999994,0.7399,70.0,1048.6745174871417,16.095040878338317,1064.76955836548,1059,1.005448119325288,-19.38380576968073
0.26,-0.22499999999999998,0.7399,70.0,1046.84796610987,15.898066011162776,1062.7460321210328,1059,1.0035373296704748,-19.381984861638028
0.26,-0.19999999999999996,0.7399,70.0,1045.1340317449121,15.706201452753549,1060.8402331976656,1059,1.0017377084019505,-19.38015989851561
0.26,-0.17499999999999993,0.7399,70.0,1043.534440399862,15.519645320738634,1059.0540857206006,1059,1.0000510724462706,-19.378330881638096
0.26,-0.14999999999999997,0.7399,70.0,1042.050932026056,15.338602547245836,1057.3895345733017,1059,0.9984792583317297,-19.376497812533906
0.26,-0.12499999999999994,0.7399,70.0,1040.6852604101703,15.163285103641284,1055.8485455138116,1059,0.9970241222982168,-19.374660692937436
0.26,-0.09999999999999998,0.7399,70.0,1039.439193058843,14.993912232184988,1054.4331052910281,1059,0.9956875404070143,-19.3728195247911
0.26,-0.07499999999999996,0.7399,70.0,1038.314511076268,14.830710684786482,1053.1452217610545,1059,0.9944714086506652,-19.37097431024742
0.26,-0.04999999999999993,0.7399,70.0,1037.3130090345992,14.673914969048072,1051.9869240036473,1059,0.9933776430629342,-19.369125051671045
0.26,-0.02499999999999991,0.7399,70.0,1036.4364948371167,14.52376760178497,1050.9602624389017,1059,0.9924081798289912,-19.367271751640768
0.26,1.1102230246251565e-16,0.7399,70.0,1035.6867895740575,14.380519370215836,1050.0673089442732,1059,0.9915649753959143,-19.36541441295151
0.26,0.025000000000000022,0.7399,70.0,1035.065727371009,14.244429601019835,1049.3101569720288,1059,0.9908500065835967,-19.36355303861623
0.26,0.050000000000000044,0.7399,70.0,1034.575155229769,14.115766437459488,1048.6909216672286,1059,0.9902652706961554,-19.361687631867877
0.26,0.07500000000000007,0.7399,70.0,1034.21693286169,13.994807124771732,1048.211739986462,1059,0.9898127856340528,-19.359818196161232
0.26,0.10000000000000009,0.7399,70.0,1033.992932513263,13.881838304032515,1047.8747708172955,1059,0.989494590006889,-19.357944735174755
0.26,0.1250000000000001,0.7399,70.0,1033.9050387840475,13.777156314703202,1047.6821950987508,1059,0.9893127432471679,-19.35606725281237
0.26,0.15000000000000002,0.7399,70.0,1033.955148436758,13.681067506069848,1047.636215942828,1059,0.98926932572505,-19.354185753205247
0.26,0.17500000000000004,0.7399,70.0,1034.145170199518,13.593888557789478,1047.7390587573075,1059,0.989366438864313,-19.352300240713475
0.26,0.2,0.7399,70.0,1034.4770245601844,13.515946809760079,1047.9929713699446,1059,0.9896062052596266,-19.350410719927773
0.27,-0.6,0.7299,70.0,1071.6146332315584,17.55982495266941,1089.174458184228,1059,1.0284933505044644,-19.403586970791107
0.27,-0.575,0.7299,70.0,1068.9043835941463,17.347179372566682,1086.251562966713,1059,1.0257332983632794,-19.40186261123413
0.27,-0.5499999999999999,0.7299,70.0,1066.280523129452,17.137701196505795,1083.4182243259577,1059,1.0230578133389592,-19.400134202789854
0.27,-0.5249999999999999,0.7299,70.0,1063.7445102928427,16.93151298448635,1080.676023277329,1059,1.0204683883638612,-19.398401743320772
0.27,-0.5,0.7299,70.0,1061.297818132714,16.728741485444267,1078.0265596181582,1059,1.0179665341059096,-19.396665230853333
0.27,-0.475,0.7299,70.0,1058.9419342835688,16.52951777778057,1075.4714520613493,1059,1.0155537790947586,-19.394924663580248
0.27,-0.44999999999999996,0.7299,70.0,1056.6783609541635,16.33397741443167,1073.0123383685952,1059,1.0132316698475876,-19.393180039862862
0.27,-0.42499999999999993,0.7299,70.0,1054.508614910622,16.142260572615758,1070.6508754832378,1059,1.011001770994559,-19.391431358233508
0.27,-0.39999999999999997,0.7299,70.0,1052.434227454342,15.954512208394144,1068.388739662736,1059,1.0088656654039057,-19.389678617397834
0.27,-0.375,0.7299,70.0,1050.4567443946721,15.770882216188731,1066.2276266108609,1059,1.006824954306762,-19.38792181623714
0.27,-0.35,0.7299,70.0,1048.5777260161008,15.59152559340082,1064.1692516095015,1059,1.0048812574216257,-19.386160953810712
0.27,-0.32499999999999996,0.7299,70.0,1046.7987470399944,15.416602610279156,1062.2153496502735,1059,1.003036213078634,-19.384396029358154
0.27,-0.29999999999999993,0.7299,70.0,1045.121396580615,15.246278985189003,1060.3676755658041,1059,1.0012914783435356,-19.382627042301717
0.27,-0.27499999999999997,0.7299,70.0,1043.5472780954049,15.080726065437043,1058.628004160842,1059,0.9996487291414938,-19.380853992248554
0.27,-0.24999999999999994,0.7299,70.0,1042.0780093293702,14.920121013810347,1056.9981303431805,1059,0.9981096603807181,-19.37907687899306
0.27,-0.22499999999999998,0.7299,70.0,1040.7152222534407,14.764647000991047,1055.4798692544318,1059,0.9966759860759508,-19.37729570251915
0.27,-0.19999999999999996,0.7299,70.0,1039.4605629967325,14.61449340401204,1054.0750564007446,1059,0.9953494394719024,-19.37551046300251
0.27,-0.17499999999999993,0.7299,70.0,1038.3156917725657,14.46985601092163,1052.7855477834873,1059,0.9941317731666547,-19.37372116081287
0.27,-0.14999999999999997,0.7299,70.0,1037.2822827981076,14.330937231829681,1051.6132200299373,1059,0.9930247592350683,-19.37192779651623
0.27,-0.12499999999999994,0.7299,70.0,1036.3620242075735,14.197946316509825,1050.5599705240834,1059,0.9920301893522978,-19.370130370877064
0.27,-0.09999999999999998,0.7299,70.0,1035.556617958872,14.071099578737014,1049.627717537609,1059,0.9911498749174777,-19.368328884860553
0.27,-0.07499999999999996,0.7299,70.0,1034.867779733521,13.950620627542042,1048.8184003610631,1059,0.9903856471775856,-19.366523339634757
0.27,-0.04999999999999993,0.7299,70.0,1034.2972388298429,13.836740605568668,1048.1339794354114,1059,0.9897393573516633,-19.364713736572735
0.27,-0.02499999999999991,0.7299,70.0,1033.8467380492175,13.7296984347221,1047.5764364839397,1059,0.9892128767553727,-19.36290007725472
0.27,1.1102230246251565e-16,0.7299,70.0,1033.5180335753926,13.629741069300914,1047.1477746446935,1059,0.9888080969260562,-19.36108236347022
0.27,0.025000000000000022,0.7299,70.0,1033.3128948466845,13.537123756807908,1046.8500186034923,1059,0.9885269297483402,-19.359260597220068
0.27,0.050000000000000044,0.7299,70.0,1033.2331044210366,13.452110306638646,1046.6852147276752,1059,0.9883713075804298,-19.3574347807185
0.27,0.07500000000000007,0.7299,70.0,1033.280457833776,13.37497336684948,1046.6554312006253,1059,0.9883431833811382,-19.35560491639517
0.27,0.10000000000000009,0.7299,70.0,1033.4567634480597,13.305994709210461,1046.7627581572701,1059,0.9884445308378377,-19.353771006897144
0.27,0.1250000000000001,0.7299,70.0,1033.7638422978528,13.245465522751374,1047.0093078206041,1059,0.9886773444953769,-19.351933055090825
0.27,0.15000000000000002,0.7299,70.0,1034.20352792343,13.193686716012307,1047.3972146394424,1059,0.989043639886159,-19.35009106406393
0.27,0.17500000000000004,0.7299,70.0,1034.7776661992746,13.150969228213457,1047.928635427488,1059,0.9895454536614617,-19.3482450371273
0.27,0.2,0.7299,70.0,1035.4881151543384,13.117634349561456,1048.6057495039,1059,0.9901848437241737,-19.346394977816814
0.28,-0.6,0.7199,70.0,1060.2180596081384,16.10753605753951,1076.325595665678,1059,1.0163603358504987,-19.398361709320177
0.28,-0.575,0.7199,70.0,1057.9904492563649,15.931185317959997,1073.9216345743248,1059,1.014090306491336,-19.396676247080553
0.28,-0.5499999999999999,0.7199,70.0,1055.845939538372,15.758214047413333,1071.6041535857853,1059,1.0119019391744903,-19.394986745216205
0.28,-0.5249999999999999,0.7199,70.0,1053.785927533599,15.588744537455725,1069.3746720710549,1059,1.009796668622337,-19.393293200797604
0.28,-0.5,0.7199,70.0,1051.8118246791548,15.42290316420163,1067.2347278433565,1059,1.007775946972008,-19.391595611050587
0.28,-0.475,0.7199,70.0,1049.925056776744,15.260820524249025,1065.185877300993,1059,1.0058412439102862,-19.389893973358685
0.28,-0.44999999999999996,0.7199,70.0,1048.1270639951224,15.102631575000396,1063.2296955701229,1059,1.0039940468084259,-19.38818828526556
0.28,-0.42499999999999993,0.7199,70.0,1046.419300867922,14.948475779511968,1061.3677766474339,1059,1.002235860856878,-19.38647854447732
0.28,-0.39999999999999997,0.7199,70.0,1044.8032362866907,14.798497256006195,1059.6017335426968,1059,1.0005682091999026,-19.384764748864942
0.28,-0.375,0.7199,70.0,1043.2803534891068,14.652844932186335,1057.9331984212931,1059,0.9989926330701541,-19.383046896466627
0.28,-0.35,0.7199,70.0,1041.8521500421662,14.511672704495133,1056.3638227466613,1059,0.997510691923193,-19.38132498549017
0.28,-0.32499999999999996,0.7199,70.0,1040.5201378202833,14.375139602462859,1054.8952774227462,1059,0.9961239635719983,-19.379599014315353
0.28,-0.29999999999999993,0.7199,70.0,1039.2858429781422,14.243409958293613,1053.5292529364358,1059,0.9948340443214692,-19.37786898149629
0.28,-0.27499999999999997,0.7199,70.0,1038.1508059181913,14.116653581841804,1052.267459500033,1059,0.9936425491029585,-19.376134885763804
0.28,-0.24999999999999994,0.7199,70.0,1037.1165812526788,13.995045941134748,1051.1116271938135,1059,0.9925511116088891,-19.37439672602778
0.28,-0.22499999999999998,0.7199,70.0,1036.184737760088,13.87876834860013,1050.063506108688,1059,0.9915613844274674,-19.37265450137951
0.28,-0.19999999999999996,0.7199,70.0,1035.3568583358451,13.768008153161125,1049.1248664890063,1059,0.990675039177532,-19.370908211094026
0.28,-0.17499999999999993,0.7199,70.0,1034.6345399372226,13.662958938365154,1048.2974988755877,1059,0.9898937666436145,-19.36915785463245
0.28,-0.14999999999999997,0.7199,70.0,1034.0193935222956,13.563820726715695,1047.5832142490112,1059,0.9892192769112477,-19.36740343164428
0.28,-0.12499999999999994,0.7199,70.0,1033.5130439827929,13.470800190380515,1046.9838441731733,1059,0.9886532995025245,-19.365644941969727
0.28,-0.09999999999999998,0.7199,70.0,1033.1171300708502,13.384110868452579,1046.5012409393028,1059,0.9881975835120895,-19.363882385641983
0.28,-0.07499999999999996,0.7199,70.0,1032.8333043194002,13.30397339094407,1046.1372777103443,1059,0.987853897743479,-19.36211576288949
0.28,-0.04999999999999993,0.7199,70.0,1032.6632329562049,13.23061570969685,1045.8938486659017,1059,0.9876240308459884,-19.360345074138216
0.28,-0.02499999999999991,0.7199,70.0,1032.6085958113879,13.164273336396773,1045.7728691477846,1059,0.9875097914521102,-19.358570320013875
0.28,1.1102230246251565e-16,0.7199,70.0,1032.6710862183302,13.10518958788222,1045.7762758062124,1059,0.9875130083155925,-19.356791501344166
0.28,0.025000000000000022,0.7199,70.0,1032.8524109078596,13.053615838941269,1045.906026746801,1059,0.987635530450237,-19.35500861916093
0.28,0.050000000000000044,0.7199,70.0,1033.1542898956404,13.009811782794666,1046.1641016784351,1059,0.9878792272695327,-19.353221674702365
0.28,0.07500000000000007,0.7199,70.0,1033.578456362602,12.97404569946618,1046.5525020620682,1059,0.9882459887271655,-19.35143066941514
0.28,0.10000000000000009,0.7199,70.0,1034.126656528431,12.94659473224409,1047.0732512606753,1059,0.9887377254586169,-19.349635604956532
0.28,0.1250000000000001,0.7199,70.0,1034.800649517882,12.927745172442226,1047.7283946903242,1059,0.9893563689238188,-19.34783648319651
0.28,0.15000000000000002,0.7199,70.0,1035.6022072199416,12.917792752671208,1048.5199999726128,1059,0.990103871551098,-19.34603330621982
0.28,0.17500000000000004,0.7199,70.0,1036.533114139716,12.917042948834636,1049.4501570885507,1059,0.9909822068824841,-19.344226076327953
0.28,0.2,0.7199,70.0,1037.5951672429198,12.925811291067708,1050.5209785339875,1059,0.9919933697204792,-19.342414796041233
0.29000000000000004,-0.6,0.7099,70.0,1050.8301918194134,14.924901721363092,1065.7550935407764,1059,1.0063787474417152,-19.39319476701542
0.29000000000000004,-0.575,0.7099,70.0,1049.05073876964,14.782852286166385,1063.8335910558064,1059,1.0045642975031221,-19.391547389171187
0.29000000000000004,-0.5499999999999999,0.7099,70.0,1047.3513513774044,14.64438089320012,1061.9957322706045,1059,1.0028288312281441,-19.389895985279633
0.29000000000000004,-0.5249999999999999,0.7099,70.0,1045.7333684178266,14.509609573228305,1060.2429779910549,1059,1.001173728036879,-19.388240551666303
0.29000000000000004,-0.5,0.7099,70.0,1044.198142758766,14.37866434270825,1058.5768071014743,1059,0.9996003844206556,-19.386581084803495
0.29000000000000004,-0.475,0.7099,70.0,1042.747041379967,14.251675335314209,1056.9987167152813,1059,0.9981102140843071,-19.384917581312614
0.29000000000000004,-0.44999999999999996,0.7099,70.0,1041.3814453881346,14.128776937715271,1055.5102223258498,1059,0.9967046480886211,-19.3832500379666
0.29000000000000004,-0.42499999999999993,0.7099,70.0,1040.1027500277312,14.01010792973633,1054.1128579574674,1059,0.995385134992887,-19.381578451692306
0.29000000000000004,-0.39999999999999997,0.7099,70.0,1038.9123646874957,13.895811629034597,1052.8081763165303,1059,0.9941531409976679,-19.379902819572855
0.29000000000000004,-0.375,0.7099,70.0,1037.8117129024222,13.786036040426959,1051.5977489428492,1059,0.9930101500876763,-19.37822313885013
0.29000000000000004,-0.35,0.7099,70.0,1036.8022323512057,13.680934010007595,1050.4831663612133,1059,0.9919576641748945,-19.376539406927098
0.29000000000000004,-0.32499999999999996,0.7099,70.0,1035.885374848969,13.580663384197665,1049.4660382331665,1059,0.9909972032418947,-19.374851621370222
0.29000000000000004,-0.29999999999999993,0.7099,70.0,1035.0626063351415,13.485387173873162,1048.5479935090145,1059,0.9901303054853773,-19.373159779911912
0.29000000000000004,-0.27499999999999997,0.7099,70.0,1034.335406856446,13.39527372372012,1047.730680580166,1059,0.9893585274600246,-19.371463880452882
0.29000000000000004,-0.24999999999999994,0.7099,70.0,1033.7052705447409,13.310496886969704,1047.0157674317106,1059,0.9886834442225785,-19.369763921064557
0.29000000000000004,-0.22499999999999998,0.7099,70.0,1033.173705589758,13.231236205669692,1046.4049417954277,1059,0.9881066494763245,-19.368059899991486
0.29000000000000004,-0.19999999999999996,0.7099,70.0,1032.7422342064688,13.157677096651875,1045.8999113031207,1059,0.9876297557158835,-19.366351815653726
0.29000000000000004,-0.17499999999999993,0.7099,70.0,1032.4123925970866,13.090011043358865,1045.5024036404454,1059,0.9872543943724698,-19.364639666649214
0.29000000000000004,-0.14999999999999997,0.7099,70.0,1032.185730907455,13.028435793697385,1045.2141667011524,1059,0.9869822159595396,-19.362923451756174
0.29000000000000004,-0.12499999999999994,0.7099,70.0,1032.063813177852,12.973155564088167,1045.03696874194,1059,0.9868148902190179,-19.361203169935447
0.29000000000000004,-0.09999999999999998,0.7099,70.0,1032.0482172879542,12.924381249887066,1044.9725985378413,1059,0.9867541062680277,-19.359478820332896
0.29000000000000004,-0.07499999999999996,0.7099,70.0,1032.1405348959443,12.882330642355013,1045.0228655382994,1059,0.9868015727462695,-19.357750402281724
0.29000000000000004,-0.04999999999999993,0.7099,70.0,1032.3423713715947,12.847228652358115,1045.1896000239528,1059,0.9869590179640726,-19.356017915304815
0.29000000000000004,-0.02499999999999991,0.7099,70.0,1032.6553457232471,12.819307540983198,1045.4746532642303,1059,0.9872281900512089,-19.354281359117074
0.29000000000000004,1.1102230246251565e-16,0.7099,70.0,1033.0810905185385,12.798807157257288,1045.8798976757957,1059,0.9876108571065115,-19.35254073362771
0.29000000000000004,0.025000000000000022,0.7099,70.0,1033.6212517988085,12.785975183163421,1046.407226981972,1059,0.9881088073484154,-19.35079603894254
0.29000000000000004,0.050000000000000044,0.7099,70.0,1034.277488987049,12.781067386148804,1047.058556373198,1059,0.9887238492664758,-19.349047275366278
0.29000000000000004,0.07500000000000007,0.7099,70.0,1035.0514747892857,12.784347879324669,1047.8358226686105,1059,0.9894578117739475,-19.34729444340474
0.29000000000000004,0.10000000000000009,0.7099,70.0,1035.9448950893516,12.796089389561175,1048.7409844789127,1059,0.9903125443615794,-19.345537543767126
0.29000000000000004,0.1250000000000001,0.7099,70.0,1036.959448836832,12.816573533683872,1049.7760223705159,1059,0.9912899172526117,-19.343776577368196
0.29000000000000004,0.15000000000000002,0.7099,70.0,1038.0968479282224,12.846091102981966,1050.9429390312043,1059,0.9923918215592109,-19.342011545330468
0.29000000000000004,0.17500000000000004,0.7099,70.0,1039.3588170811083,12.884942356242162,1052.2437594373505,1059,0.9936201694403687,-19.34024244898638
0.29000000000000004,0.2,0.7099,70.0,1040.747093701299,12.933437321525226,1053.6805310228242,1059,0.9949768942614015,-19.338469289880397
0.30000000000000004,-0.6,0.6999,70.0,1043.3411265364991,14.001643280157491,1057.3427698166565,1059,0.9984350989770128,-19.388084373617676
0.30000000000000004,-0.575,0.6999,70.0,1041.9777185141106,13.892010032028775,1055.8697285461394,1059,0.9970441251616048,-19.386474301720124
0.30000000000000004,-0.5499999999999999,0.6999,70.0,1040.6915676233077,13.786140423276231,1054.477708046584,1059,0.9957296582120717,-19.384860221321446
0.30000000000000004,-0.5249999999999999,0.6999,70.0,1039.4839572547626,13.684156221700194,1053.1681134764628,1059,0.9944930250013814,-19.383242128047637
0.30000000000000004,-0.5,0.6999,70.0,1038.3561846035127,13.586183086922032,1051.9423676904348,1059,0.9933355691127808,-19.381620017662843
0.30000000000000004,-0.475,0.6999,70.0,1037.3095606987845,13.49235069769687,1050.8019113964813,1059,0.9922586509881788,-19.379993886071777
0.30000000000000004,-0.44999999999999996,0.6999,70.0,1036.345410430159,13.402792883342274,1049.7482033135013,1059,0.9912636480769607,-19.37836372932208
0.30000000000000004,-0.42499999999999993,0.6999,70.0,1035.4650725698343,13.317647759409017,1048.7827203292434,1059,0.9903519549851212,-19.37672954360672
0.30000000000000004,-0.39999999999999997,0.6999,70.0,1034.6698997909411,13.237057867722752,1047.906957658664,1059,0.9895249836248007,-19.37509132526641
0.30000000000000004,-0.375,0.6999,70.0,1033.961258681818,13.161170320929102,1047.1224290027471,1059,0.988784163364256,-19.373449070792013
0.30000000000000004,-0.35,0.6999,70.0,1033.3405297560357,13.090136951678017,1046.4306667077137,1059,0.9881309411781999,-19.371802776826947
0.30000000000000004,-0.32499999999999996,0.6999,70.0,1032.809107458157,13.024114466586457,1045.8332219247436,1059,0.9875667817986248,-19.370152440169626
0.30000000000000004,-0.29999999999999993,0.6999,70.0,1032.3684001650322,12.96326460512197,1045.3316647701542,1059,0.9870931678660569,-19.368498057775856
0.30000000000000004,-0.27499999999999997,0.6999,70.0,1032.0198301825567,12.907754303553535,1044.9275844861102,1059,0.9867116000813128,-19.366839626761287
0.30000000000000004,-0.24999999999999994,0.6999,70.0,1031.7648337377611,12.857755864118927,1044.62258960188,1059,0.9864235973577715,-19.365177144403834
0.30000000000000004,-0.22499999999999998,0.6999,70.0,1031.6048609661198,12.813447129562173,1044.4183080956818,1059,0.9862306969742038,-19.363510608146093
0.30000000000000004,-0.19999999999999996,0.6999,70.0,1031.541375893927,12.775011663197605,1044.3163875571245,1059,0.9861344547281629,-19.36184001559779
0.30000000000000004,-0.17499999999999993,0.6999,70.0,1031.5758564156688,12.742638934661048,1044.3184953503298,1059,0.9861364450900187,-19.36016536453819
0.30000000000000004,-0.14999999999999997,0.6999,70.0,1031.7097942662394,12.71652451151225,1044.4263187777517,1059,0.9862382613576504,-19.35848665291853
0.30000000000000004,-0.12499999999999994,0.6999,70.0,1031.9446949878964,12.696870256856098,1044.6415652447524,1059,0.9864415158118531,-19.356803878864433
0.30000000000000004,-0.09999999999999998,0.6999,70.0,1032.2820778918226,12.683884533154371,1044.965962424977,1059,0.9867478398724996,-19.355117040678326
0.30000000000000004,-0.07499999999999996,0.6999,70.0,1032.7234760142137,12.677782412402774,1045.4012584266166,1059,0.9871588842555397,-19.353426136841847
0.30000000000000004,-0.04999999999999993,0.6999,70.0,1033.2704360667058,12.67878589285256,1045.9492219595584,1059,0.9876763191308389,-19.35173116601824
0.30000000000000004,-0.02499999999999991,0.6999,70.0,1033.9245183811158,12.687124122459052,1046.6116425035748,1059,0.988301834280996,-19.35003212705475
0.30000000000000004,1.1102230246251565e-16,0.6999,70.0,1034.6872968482949,12.703033629243437,1047.3903304775383,1059,0.9890371392611316,-19.348329018985005
0.30000000000000004,0.025000000000000022,0.6999,70.0,1035.5603588510585,12.726758558758332,1048.2871174098168,1059,0.9898839635597892,-19.346621841031364
0.30000000000000004,0.050000000000000044,0.6999,70.0,1036.5453051910151,12.75855091885034,1049.3038561098654,1059,0.9908440567609682,-19.344910592607302
0.30000000000000004,0.07500000000000007,0.6999,70.0,1037.6437500092175,12.798670831917876,1050.4424208411353,1059,0.9919191887073988,-19.34319527331972
0.30000000000000004,0.10000000000000009,0.6999,70.0,1038.857320700537,12.847386794865026,1051.704707495402,1059,0.9931111496651578,-19.341475882971288
0.30000000000000004,0.1250000000000001,0.6999,70.0,1040.1876578216302,12.90497594695704,1053.0926337685871,1059,0.994421750489695,-19.339752421562746
0.30000000000000004,0.15000000000000002,0.6999,70.0,1041.636414992402,12.971724345785757,1054.6081393381878,1059,0.9958528227933785,-19.338024889295177
0.30000000000000004,0.17500000000000004,0.6999,70.0,1043.205258790866,13.047927251557722,1056.2531860424237,1059,0.9974062191146589,-19.336293286572285
0.30000000000000004,0.2,0.6999,70.0,1044.8958686413216,13.133889419920974,1058.0297580612425,1059,0.999083813088992,-19.334557614002634
0.31,-0.6,0.6899,70.0,1037.6487402914502,13.3281569790424,1050.9768972704926,1059,0.9924238878852621,-19.38302885274822
0.31,-0.575,0.6899,70.0,1036.6714315268946,13.249154143021482,1049.9205856699161,1059,0.9914264265060587,-19.38145534053997
0.31,-0.5499999999999999,0.6899,70.0,1035.7687738771479,13.174088060344253,1048.9428619374921,1059,0.9905031746340813,-19.379877841032005
0.31,-0.5249999999999999,0.6899,70.0,1034.9419981182398,13.103080225329185,1048.045078343569,1059,0.9896554092007261,-19.378296349194443
0.31,-0.5,0.6899,70.0,1034.1923485238672,13.036255934768244,1047.2286044586353,1059,0.9888844234736878,-19.376710860127062
0.31,-0.475,0.6899,70.0,1033.5210829045814,12.973744411207875,1046.4948273157893,1059,0.9881915272103771,-19.37512136906165
0.31,-0.44999999999999996,0.6899,70.0,1032.929472643602,12.915678930211703,1045.8451515738136,1059,0.9875780468119109,-19.37352787136441
0.31,-0.42499999999999993,0.6899,70.0,1032.4188027291273,12.862196951727714,1045.280999680855,1059,0.9870453254776724,-19.371930362538333
0.31,-0.39999999999999997,0.6899,70.0,1031.990371783089,12.813440255685673,1044.8038120387746,1059,0.9865947233605048,-19.37032883822557
0.31,-0.375,0.6899,70.0,1031.645492086161,12.769555081953813,1044.4150471681148,1059,0.986227617722488,-19.36872329420991
0.31,-0.35,0.6899,70.0,1031.3854895989684,12.730692274787524,1044.116181873756,1059,0.9859454030913655,-19.36711372641911
0.31,-0.32499999999999996,0.6899,70.0,1031.2117039793573,12.697007431905673,1043.9087114112629,1059,0.9857494914176231,-19.36550013092737
0.31,-0.29999999999999993,0.6899,70.0,1031.1254885956093,12.668661058334225,1043.7941496539436,1059,0.9856413122322414,-19.363882503957775
0.31,-0.27499999999999997,0.6899,70.0,1031.1282105354803,12.645818725159579,1043.77402926064,1059,0.9856223128051369,-19.362260841884694
0.31,-0.24999999999999994,0.6899,70.0,1031.2212506109572,12.62865123333862,1043.8499018442958,1059,0.9856939583043397,-19.360635141236266
0.31,-0.22499999999999998,0.6899,70.0,1031.4060033586209,12.617334782714815,1044.0233381413357,1059,0.9858577319559355,-19.359005398696787
0.31,-0.19999999999999996,0.6899,70.0,1031.6838770354796,12.612051146394563,1044.2959281818742,1059,0.9861151352047914,-19.35737161110923
0.31,-0.17499999999999993,0.6899,70.0,1032.0562936101219,12.612987850640552,1044.6692814607625,1059,0.9864676878760741,-19.355733775477642
0.31,-0.14999999999999997,0.6899,70.0,1032.5246887492071,12.620338360443435,1045.1450271096505,1059,0.9869169283377248,-19.354091888969638
0.31,-0.12499999999999994,0.6899,70.0,1033.0905117989696,12.634302270936452,1045.724814069906,1059,0.987464413663745,-19.35244594891881
0.31,-0.09999999999999998,0.6899,70.0,1033.7552257617938,12.655085504821301,1046.410311266615,1059,0.9881117197985033,-19.35079595282722
0.31,-0.07499999999999996,0.6899,70.0,1034.5203072676625,12.682900515977593,1047.20320778364,1059,0.9888604417220397,-19.349141898367826
0.31,-0.04999999999999993,0.6899,70.0,1035.387246540358,12.717966499432016,1048.1052130397902,1059,0.9897121936164214,-19.347483783386945
0.31,-0.02499999999999991,0.6899,70.0,1036.3575473583335,12.760509607866938,1049.1180569662004,1059,0.9906686090332393,-19.345821605906657
0.31,1.1102230246251565e-16,0.6899,70.0,1037.4327270100994,12.810763174852106,1050.2434901849515,1059,0.9917313410622771,-19.344155364127303
0.31,0.025000000000000022,0.6899,70.0,1038.6143162440558,12.8689679449872,1051.483284189043,1059,0.992902062501457,-19.34248505642984
0.31,0.050000000000000044,0.6899,70.0,1039.9038592125885,12.935372311146404,1052.839231523735,1059,0.9941824660280784,-19.340810681378308
0.31,0.07500000000000007,0.6899,70.0,1041.3029134104163,13.010232559020606,1054.3131459694368,1059,0.9955742643715173,-19.339132237722218
0.31,0.10000000000000009,0.6899,70.0,1042.8130496069502,13.093813119155895,1055.906862726106,1059,0.9970791904873523,-19.337449724398972
0.31,0.1250000000000001,0.6899,70.0,1044.435851772667,13.186386826691859,1057.622238599359,1059,0.9986989977331058,-19.335763140536194
0.31,0.15000000000000002,0.6899,70.0,1046.1729169993273,13.288235189006217,1059.4611521883335,1059,1.0004354600456407,-19.33407248545417
0.31,0.17500000000000004,0.6899,70.0,1048.0258554139436,13.399648661476594,1061.4255040754203,1059,1.0022903721203213,-19.33237775866813
0.31,0.2,0.6899,70.0,1049.9962900863889,13.520926931573959,1063.5172170179628,1059,1.004265549592033,-19.330678959890644
0.32,-0.6,0.6799,70.0,1033.657983394809,12.895451849136304,1046.5534352439454,1059,0.9882468699187398,-19.378026614720504
0.32,-0.575,0.6799,70.0,1033.0388129002586,12.845384918794162,1045.8841978190528,1059,0.9876149176761594,-19.376488946059535
0.32,-0.5499999999999999,0.6799,70.0,1032.4918688226007,12.799415842884796,1045.2912846654856,1059,0.9870550374556049,-19.374947314670663
0.32,-0.5249999999999999,0.6799,70.0,1032.0183319461362,12.757665824636202,1044.7759977707724,1059,0.9865684587070561,-19.37340171491016
0.32,-0.5,0.6799,70.0,1031.6193962322677,12.720259784505005,1044.3396560167728,1059,0.986156426833591,-19.37185214125556
0.32,-0.475,0.6799,70.0,1031.2962688667512,12.687326479594397,1043.9835953463457,1059,0.9858202033487684,-19.370298588307957
0.32,-0.44999999999999996,0.6799,70.0,1031.0501703039113,12.65899862692342,1043.7091689308347,1059,0.9855610660347826,-19.3687410507944
0.32,-0.42499999999999993,0.6799,70.0,1030.8823343077336,12.63541303066689,1043.5177473384006,1059,0.9853803091014169,-19.36717952357024
0.32,-0.39999999999999997,0.6799,70.0,1030.7940079896916,12.616710713488455,1043.41071870318,1059,0.9852792433457791,-19.36561400162152
0.32,-0.375,0.6799,70.0,1030.786451843224,12.603037052092679,1043.3894888953168,1059,0.9852591963128582,-19.36404448006736
0.32,-0.35,0.6799,70.0,1030.860939774745,12.594541917125154,1043.45548169187,1059,0.9853215124569122,-19.362470954162387
0.32,-0.32499999999999996,0.6799,70.0,1031.0187591310805,12.591379817553413,1043.610138948634,1059,0.9854675533037147,-19.360893419299103
0.32,-0.29999999999999993,0.6799,70.0,1031.261210723199,12.593710049664399,1043.8549207728634,1059,0.9856986976136576,-19.359311871010387
0.32,-0.27499999999999997,0.6799,70.0,1031.5896088461623,12.601696850818218,1044.1913056969804,1059,0.9860163415457794,-19.357726304971845
0.32,-0.24999999999999994,0.6799,70.0,1032.005281295119,12.6155095581011,1044.6207908532201,1059,0.9864218988226818,-19.356136717004322
0.32,-0.22499999999999998,0.6799,70.0,1032.5095693772973,12.635322772024157,1045.1448921493215,1059,0.9869168008964321,-19.354543103076328
0.32,-0.19999999999999996,0.6799,70.0,1033.1038279198372,12.661316525418352,1045.7651444452556,1059,0.9875024971154444,-19.352945459306486
0.32,-0.17499999999999993,0.6799,70.0,1033.789425273334,12.693676457679567,1046.4831017310137,1059,0.9881804548923642,-19.351343781966026
0.32,-0.14999999999999997,0.6799,70.0,1034.5677433110377,12.732593994521412,1047.3003373055592,1059,0.9889521598730493,-19.349738067481226
0.32,-0.12499999999999994,0.6799,70.0,1035.4401774235025,12.778266533397392,1048.2184439568998,1059,0.9898191161066099,-19.348128312435882
0.32,-0.09999999999999998,0.6799,70.0,1036.4081365086731,12.830897634757376,1049.2390341434304,1059,0.9907828462166482,-19.34651451357383
0.32,-0.07499999999999996,0.6799,70.0,1037.473042957182,12.890697219307834,1050.36374017649,1059,0.9918448915736449,-19.34489666780136
0.32,-0.04999999999999993,0.6799,70.0,1038.6363326328246,12.957881771448461,1051.594214404273,1059,0.9930068124686242,-19.343274772189726
0.32,-0.02499999999999991,0.6799,70.0,1039.8994548480528,13.032674549062174,1052.932129397115,1059,0.9942701882881161,-19.341648823977632
0.32,1.1102230246251565e-16,0.6799,70.0,1041.2638723343925,13.115305799839232,1054.3791781342318,1059,0.9956366176904927,-19.340018820573675
0.32,0.025000000000000022,0.6799,70.0,1042.731061207618,13.206012984320118,1055.937074191938,1059,0.9971077187836999,-19.338384759558835
0.32,0.050000000000000044,0.6799,70.0,1044.3025109276718,13.305041005845737,1057.6075519335177,1059,0.9986851293045493,-19.336746638688947
0.32,0.07500000000000007,0.6799,70.0,1045.9797242530783,13.41264244760776,1059.3923667006861,1059,1.0003705067995148,-19.33510445589714
0.32,0.10000000000000009,0.6799,70.0,1047.7642171898428,13.529077816995443,1061.2932950068382,1059,1.0021655288072127,-19.333458209296314
0.32,0.1250000000000001,0.6799,70.0,1049.6575189346975,13.654615797439536,1063.312134732137,1059,1.0040718930426225,-19.33180789718156
0.32,0.15000000000000002,0.6799,70.0,1051.6611718125325,13.789533507958017,1065.4507053204904,1059,1.0060913175830883,-19.330153518032617
0.32,0.17500000000000004,0.6799,70.0,1053.7767312079834,13.934116770611668,1067.710847978595,1059,1.0082255410562748,-19.328495070516297
0.32,0.2,0.6799,70.0,1056.0057654909663,14.088660386082712,1070.094425877049,1059,1.0104763228300746,-19.326832553488863
0.33,-0.6,0.6698999999999999,70.0,1031.2802525958368,12.69509486446406,1043.9753474603008,1059,0.9858124149766768,-19.37307615006894
0.33,-0.575,0.6698999999999999,70.0,1030.9930812107782,12.672353394938707,1043.6654346057169,1059,0.9855197682773531,-19.371573637035247
0.33,-0.5499999999999999,0.6698999999999999,70.0,1030.7758740666193,12.653859316325706,1043.429733382945,1059,0.9852971986618932,-19.37006718895657
0.33,-0.5249999999999999,0.6698999999999999,70.0,1030.6297644364113,12.63973351713542,1043.2694979535468,1059,0.9851458904188355,-19.368556799615767
0.33,-0.5,0.6698999999999999,70.0,1030.5558984395554,12.630100521583616,1043.1859989611391,1059,0.9850670434005091,-19.36704246290866
0.33,-0.475,0.6698999999999999,70.0,1030.5554350960049,12.625088605305065,1043.18052370131,1059,0.9850618731834844,-19.36552417284632
0.33,-0.44999999999999996,0.6698999999999999,70.0,1030.6295463777353,12.624829914792016,1043.2543762925272,1059,0.9851316112299596,-19.364001923557396
0.33,-0.42499999999999993,0.6698999999999999,70.0,1030.779417257424,12.629460590673128,1043.408877848097,1059,0.9852775050501389,-19.362475709290475
0.33,-0.39999999999999997,0.6698999999999999,70.0,1031.0062457541717,12.63912089495233,1043.645366649124,1059,0.9855008183655563,-19.36094552441642
0.33,-0.375,0.6698999999999999,70.0,1031.3112429762648,12.65395534232982,1043.9651983185945,1059,0.9858028312734604,-19.359411363430734
0.33,-0.35,0.6698999999999999,70.0,1031.6956331607203,12.674112835731291,1044.3697459964515,1059,0.9861848404121355,-19.35787322095598
0.33,-0.32499999999999996,0.6698999999999999,70.0,1032.160653709664,12.699746806174234,1044.8604005158384,1059,0.9866481591273262,-19.356331091744135
0.33,-0.29999999999999993,0.6698999999999999,70.0,1032.7075552233237,12.731015357104024,1045.4385705804277,1059,0.9871941176396862,-19.35478497067903
0.33,-0.27499999999999997,0.6698999999999999,70.0,1033.3376015295662,12.768081413335835,1046.1056829429021,1059,0.9878240632133165,-19.353234852778776
0.33,-0.24999999999999994,0.6698999999999999,70.0,1034.05206970987,12.81111287474206,1046.863182584612,1059,0.9885393603254128,-19.351680733198176
0.33,-0.22499999999999998,0.6698999999999999,70.0,1034.8522501216337,12.860282774828185,1047.7125328964619,1059,0.9893413908370745,-19.350122607231196
0.33,-0.19999999999999996,0.6698999999999999,70.0,1035.7394464166441,12.915769444344317,1048.6552158609884,1059,0.9902315541652392,-19.348560470313405
0.33,-0.17499999999999993,0.6698999999999999,70.0,1036.7149755556793,12.977756680082509,1049.692732235762,1059,0.9912112674558659,-19.34699431802444
0.33,-0.14999999999999997,0.6698999999999999,70.0,1037.7801678190747,13.04643391901444,1050.826601738089,1059,0.9922819657583466,-19.345424146090494
0.33,-0.12499999999999994,0.6698999999999999,70.0,1038.9363668131396,13.121996417927331,1052.0583632310668,1059,0.9934451022011962,-19.343849950386765
0.33,-0.09999999999999998,0.6698999999999999,70.0,1040.184929472331,13.204645438719975,1053.389574911051,1059,0.9947021481690757,-19.34227172693997
0.33,-0.07499999999999996,0.6698999999999999,70.0,1041.5272260570682,13.294588439524691,1054.8218144965929,1059,0.996054593481202,-19.340689471930833
0.33,-0.04999999999999993,0.6698999999999999,70.0,1042.9646401470304,13.392039271824828,1056.3566794188553,1059,0.997503946571157,-19.339103181696554
0.33,-0.02499999999999991,0.6698999999999999,70.0,1044.4985686298683,13.497218383741227,1057.9957870136095,1059,0.9990517346681865,-19.337512852733322
0.33,1.1102230246251565e-16,0.6698999999999999,70.0,1046.1304216852232,13.610353029665488,1059.7407747148886,1059,1.0006995039800648,-19.335918481698833
0.33,0.025000000000000022,0.6698999999999999,70.0,1047.8616227638577,13.731677486421294,1061.593300250279,1059,1.0024488198775061,-19.334320065414758
0.33,0.050000000000000044,0.6698999999999999,70.0,1049.6936085618777,13.861433276139522,1063.5550418380171,1059,1.0043012670802807,-19.332717600869252
0.33,0.07500000000000007,0.6698999999999999,70.0,1051.6278289898466,13.999869396036623,1065.6276983858834,1059,1.0062584498450269,-19.33111108521946
0.33,0.10000000000000009,0.6698999999999999,70.0,1053.665747136776,14.147242555290166,1067.8129896920661,1059,1.0083219921549256,-19.32950051579401
0.33,0.1250000000000001,0.6698999999999999,70.0,1055.808839228734,14.303817419209059,1070.1126566479431,1059,1.0104935379111832,-19.3278858900955
0.33,0.15000000000000002,0.6698999999999999,70.0,1058.0585945821229,14.469866860900263,1072.5284614430232,1059,1.0127747511265563,-19.326267205802967
0.33,0.17500000000000004,0.6698999999999999,70.0,1060.416515551376,14.645672220638346,1075.0621877720143,1059,1.0151673161208823,-19.324644460774408
0.33,0.2,0.6698999999999999,70.0,1062.8841174710208,14.831523573147186,1077.715641044168,1059,1.0176729377187612,-19.323017653049195
0.34,-0.6,0.6598999999999999,70.0,1030.4328320723762,12.71916235125448,1043.1519944236306,1059,0.9850349333556474,-19.36817602370732
0.34,-0.575,0.6598999999999999,70.0,1030.4531959638712,12.722213504958637,1043.17540946883,1059,0.9850570438799149,-19.366708004871846
0.34,-0.5499999999999999,0.6598999999999999,70.0,1030.541407733931,12.729650448391059,1043.2710581823221,1059,0.9851473637226837,-19.3652360815489
0.34,-0.5249999999999999,0.6598999999999999,70.0,1030.6985554875503,12.741593726616216,1043.4401492141665,1059,0.985307034196569,-19.363760246986775
0.34,-0.5,0.6598999999999999,70.0,1030.9257398382902,12.75816744225753,1043.6839072805476,1059,0.9855372117852197,-19.362280494538577
0.34,-0.475,0.6598999999999999,70.0,1031.2240739683984,12.779499367656427,1044.0035733360548,1059,0.9858390683060008,-19.360796817664482
0.34,-0.44999999999999996,0.6598999999999999,70.0,1031.5946836865112,12.805721060632814,1044.400404747144,1059,0.9862137910737904,-19.359309209934032
0.34,-0.42499999999999993,0.6598999999999999,70.0,1032.0387074828636,12.836967983960033,1044.8756754668236,1059,0.9866625830659336,-19.357817665028428
0.34,-0.39999999999999997,0.6598999999999999,70.0,1032.55729658184,12.873379628670065,1045.4306762105102,1059,0.9871866630883005,-19.356322176742854
0.34,-0.375,0.6598999999999999,70.0,1033.1516149918607,12.915099641307885,1046.0667146331687,1059,0.9877872659425577,-19.35482273898883
0.34,-0.35,0.6598999999999999,70.0,1033.822839552426,12.96227595525774,1046.785115507684,1059,0.9884656425946023,-19.353319345796542
0.34,-0.32499999999999996,0.6598999999999999,70.0,1034.572159978243,13.015060926266482,1047.5872209045094,1059,0.9892230603442015,-19.35181199131725
0.34,-0.29999999999999993,0.6598999999999999,70.0,1035.4007789003363,13.073611472293518,1048.4743903726298,1059,0.9900608029958733,-19.350300669825618
0.34,-0.27499999999999997,0.6598999999999999,70.0,1036.3099119040123,13.138089217819862,1049.4480011218322,1059,0.9909801710310031,-19.348785375722183
0.34,-0.24999999999999994,0.6598999999999999,70.0,1037.3007875636179,13.208660642752116,1050.50944820637,1059,0.9919824817812748,-19.34726610353573
0.34,-0.22499999999999998,0.6598999999999999,70.0,1038.374647473909,13.285497236061374,1051.6601447099704,1059,0.9930690696033715,-19.345742847925713
0.34,-0.19999999999999996,0.6598999999999999,70.0,1039.5327462780115,13.368775654300109,1052.9015219323117,1059,0.9942412860550629,-19.344215603684727
0.34,-0.17499999999999993,0.6598999999999999,70.0,1040.7763516917753,13.458677885144159,1054.2350295769195,1059,0.9955005000726341,-19.342684365740944
0.34,-0.14999999999999997,0.6598999999999999,70.0,1042.1067445244732,13.555391416110469,1055.6621359405838,1059,0.9968480981497486,-19.341149129160573
0.34,-0.12499999999999994,0.6598999999999999,70.0,1043.5252186957198,13.65910940860506,1057.1843281043248,1059,0.998285484517776,-19.339609889150353
0.34,-0.09999999999999998,0.6598999999999999,70.0,1045.0330812484472,13.770030877459698,1058.8031121259069,1059,0.9998140813275797,-19.338066641060003
0.34,-0.07499999999999996,0.6598999999999999,70.0,1046.6316523579094,13.888360876119354,1060.5200132340287,1059,1.0014353288328883,-19.33651938038475
0.34,-0.04999999999999993,0.6598999999999999,70.0,1048.3222653365342,14.014310687646603,1062.3365760241809,1059,1.0031506855752417,-19.334968102767807
0.34,-0.02499999999999991,0.6598999999999999,70.0,1050.106266634532,14.148098021713333,1064.2543646562453,1059,1.0049616285705811,-19.333412804002887
0.34,1.1102230246251565e-16,0.6598999999999999,70.0,1051.9850158361357,14.289947217753417,1066.2749630538892,1059,1.0068696534975348,-19.331853480036703
0.34,0.025000000000000022,0.6598999999999999,70.0,1053.9598856513844,14.44008945445509,1068.3999751058395,1059,1.0088762748874782,-19.330290126971494
0.34,0.050000000000000044,0.6598999999999999,70.0,1056.0322619033,14.598762965774778,1070.6310248690747,1059,1.0109830263164068,-19.328722741067548
0.34,0.07500000000000007,0.6598999999999999,70.0,1058.20354351035,14.766213263659147,1072.9697567740093,1059,1.0131914605986867,-19.3271513187457
0.34,0.10000000000000009,0.6598999999999999,70.0,1060.4751424641095,14.94269336766538,1075.417835831775,1059,1.0155031499827902,-19.325575856589868
0.34,0.1250000000000001,0.6598999999999999,70.0,1062.8484838019494,15.128464041675043,1077.9769478436244,1059,1.0179196863490316,-19.323996351349603
0.34,0.15000000000000002,0.6598999999999999,70.0,1065.3250055747335,15.323794037899463,1080.648799612633,1059,1.020442681409474,-19.32241279994254
0.34,0.17500000000000004,0.6598999999999999,70.0,1067.906158809253,15.528960348380503,1083.4351191576334,1059,1.0230737669099466,-19.32082519945698
0.34,0.2,0.6598999999999999,70.0,1070.593407465479,15.744248464193216,1086.337655929672,1059,1.0258145948344402,-19.319233547154372
0.35,-0.6,0.6499,70.0,1031.0383939260273,12.960196790539067,1043.9985907165665,1059,0.9858343632828768,-19.363324869641563
0.35,-0.575,0.6499,70.0,1031.343372560888,12.98757953902924,1044.330952099917,1059,0.9861482078375043,-19.36189070848
0.35,-0.5499999999999999,0.6499,70.0,1031.7142136452278,13.019475744835958,1044.7336893900638,1059,0.9865285074504851,-19.360452676046847
0.35,-0.5249999999999999,0.6499,70.0,1032.1519623275121,13.056005576534877,1045.207967904047,1059,0.9869763625156253,-19.359010765093174
0.35,-0.5,0.6499,70.0,1032.6576759226161,13.097292685179271,1045.7549686077955,1059,0.9874928882037729,-19.35756496846688
0.35,-0.475,0.6499,70.0,1033.2324239769616,13.143464313044602,1046.3758882900063,1059,0.9880792146270125,-19.356115279114906
0.35,-0.44999999999999996,0.6499,70.0,1033.8772883314919,13.194651405855486,1047.0719397373473,1059,0.9887364870041051,-19.354661690085493
0.35,-0.42499999999999993,0.6499,70.0,1034.5933631824375,13.250988728604623,1047.8443519110422,1059,0.9894658658272353,-19.35320419453042
0.35,-0.39999999999999997,0.6499,70.0,1035.3817551397633,13.312614985075907,1048.6943701248392,1059,0.9902685270300654,-19.35174278570731
0.35,-0.375,0.6499,70.0,1036.243583283158,13.3796729411876,1049.6232562243456,1059,0.991145662157078,-19.35027745698189
0.35,-0.35,0.6499,70.0,1037.179979215534,13.452309552274524,1050.6322887678086,1059,0.9920984785342858,-19.348808201830348
0.35,-0.32499999999999996,0.6499,70.0,1038.1920871139191,13.530676094431408,1051.7227632083504,1059,0.993128199441313,-19.34733501384167
0.35,-0.29999999999999993,0.6499,70.0,1039.2810637775854,13.614928300042951,1052.8959920776283,1059,0.9942360642848237,-19.345857886719944
0.35,-0.27499999999999997,0.6499,70.0,1040.4480786734016,13.705226497629894,1054.1533051710314,1059,0.9954233287734008,-19.344376814286775
0.35,-0.24999999999999994,0.6499,70.0,1041.6943139782422,13.80173575614329,1055.4960497343855,1059,0.9966912650938484,-19.342891790483677
0.35,-0.22499999999999998,0.6499,70.0,1043.020964618382,13.904626033843257,1056.9255906522253,1059,0.9980411620889758,-19.34140280937445
0.35,-0.19999999999999996,0.6499,70.0,1044.429238305735,14.014072331901959,1058.443310637637,1059,0.9994743254368622,-19.339909865147586
0.35,-0.17499999999999993,0.6499,70.0,1045.9203555708764,14.130254852873868,1060.0506104237502,1059,1.000992077831681,-19.33841295211875
0.35,-0.14999999999999997,0.6499,70.0,1047.4955497927062,14.253359164180743,1061.748908956887,1059,1.0025957591660877,-19.336912064733188
0.35,-0.12499999999999994,0.6499,70.0,1049.156067224669,14.38357636676198,1063.5396435914308,1059,1.0042867267152322,-19.335407197568177
0.35,-0.09999999999999998,0.6499,70.0,1050.903167017379,14.52110326904511,1065.4242702864242,1059,1.0060663553224025,-19.333898345335538
0.35,-0.07499999999999996,0.6499,70.0,1052.738121237598,14.66614256639503,1067.4042638039932,1059,1.007936037586396,-19.33238550288409
0.35,-0.04999999999999993,0.6499,70.0,1054.6622148834088,14.818903026204351,1069.4811179096132,1059,1.0098971840506263,-19.330868665202125
0.35,-0.02499999999999991,0.6499,70.0,1056.6767458954916,14.979599678791779,1071.6563455742835,1059,1.0119512233940353,-19.32934782741994
0.35,1.1102230246251565e-16,0.6499,70.0,1058.783025164385,15.14845401427839,1073.9314791786633,1059,1.0140996026238558,-19.32782298481236
0.35,0.025000000000000022,0.6499,70.0,1060.9823765336077,15.32569418561719,1076.308070719225,1059,1.0163437872702785,-19.326294132801205
0.35,0.050000000000000044,0.6499,70.0,1063.2761367985681,15.511555217954097,1078.7876920165222,1059,1.0186852615831183,-19.324761266957854
0.35,0.07500000000000007,0.6499,70.0,1065.6656557010851,15.706279224503506,1081.3719349255887,1059,1.0211255287304897,-19.323224383005773
0.35,0.10000000000000009,0.6499,70.0,1068.1522959194538,15.910115629125356,1084.0624115485791,1059,1.0236661109996026,-19.321683476823036
0.35,0.1250000000000001,0.6499,70.0,1070.7374330539174,16.12332139579516,1086.8607544497124,1059,1.0263085499997284,-19.32013854444487
0.35,0.15000000000000002,0.6499,70.0,1073.4224556074532,16.34616126516234,1089.7686168726157,1059,1.029054406867437,-19.318589582066213
0.35,0.17500000000000004,0.6499,70.0,1076.2087649617174,16.57890799839673,1092.7876729601142,1059,1.0319052624741398,-19.317036586044214
0.35,0.2,0.6499,70.0,1079.097775348087,16.821842628527293,1095.9196179766143,1059,1.0348627176360852,-19.315479552900836
0.36,-0.6,0.6399,70.0,1033.0245506735318,13.411168292187023,1046.435718965719,1059,0.9881357119600745,-19.35852138617249
0.36,-0.575,0.6399,70.0,1033.5926475571632,13.461488192236526,1047.0541357493998,1059,0.9887196749286118,-19.35712046960859
0.36,-0.5499999999999999,0.6399,70.0,1034.2247391177889,13.516438872763088,1047.741177990552,1059,0.9893684400288498,-19.355715717449332
0.36,-0.5249999999999999,0.6399,70.0,1034.9218296331524,13.576140089172842,1048.4979697223253,1059,0.9900830686707509,-19.354307121984455
0.36,-0.5,0.6399,70.0,1035.6849352031181,13.640715007049733,1049.3256502101679,1059,0.9908646366479394,-19.352894675592694
0.36,-0.475,0.6399,70.0,1036.5150838189843,13.710290307618072,1050.2253741266024,1059,0.9917142343027407,-19.351478370744008
0.36,-0.44999999999999996,0.6399,70.0,1037.4133154308959,13.784996296571896,1051.1983117274679,1059,0.9926329666926043,-19.350058200001733
0.36,-0.42499999999999993,0.6399,70.0,1038.3806820133286,13.864967016377193,1052.2456490297059,1059,0.9936219537579848,-19.348634156024797
0.36,-0.39999999999999997,0.6399,70.0,1039.418247628484,13.950340362156291,1053.3685879906404,1059,0.994682330491634,-19.347206231569967
0.36,-0.375,0.6399,70.0,1040.527088487525,14.041258201266691,1054.5683466887915,1059,0.9958152471093404,-19.34577441949408
0.36,-0.35,0.6399,70.0,1041.7082930096326,14.137866496689632,1055.8461595063222,1059,0.9970218692222117,-19.344338712756343
0.36,-0.32499999999999996,0.6399,70.0,1042.9629618786369,14.240315434347623,1057.2032773129845,1059,0.9983033780103725,-19.3428991044206
0.36,-0.29999999999999993,0.6399,70.0,1044.2922080972814,14.348759554472668,1058.6409676517542,1059,0.999660970398257,-19.341455587657645
0.36,-0.27499999999999997,0.6399,70.0,1045.6971570389564,14.463357887150602,1060.160514926107,1059,1.0010958592314514,-19.34000815574758
0.36,-0.24999999999999994,0.6399,70.0,1047.178946496767,14.584274092170903,1061.7632205889379,1059,1.0026092734550878,-19.338556802082145
0.36,-0.22499999999999998,0.6399,70.0,1048.7387267299075,14.71167660331396,1063.4504033332214,1059,1.0042024582938824,-19.337101520167092
0.36,-0.19999999999999996,0.6399,70.0,1050.3776605071994,14.845738777212143,1065.2233992844115,1059,1.0058766754338162,-19.33564230362455
0.36,-0.17499999999999993,0.6399,70.0,1052.0969231476868,14.986639046924223,1067.083562194611,1059,1.0076332032054873,-19.33417914619546
0.36,-0.14999999999999997,0.6399,70.0,1053.8977025582296,15.134561080366517,1069.032263638596,1059,1.0094733367692126,-19.332712041741985
0.36,-0.12499999999999994,0.6399,70.0,1055.781199267918,15.289693943747984,1071.070893211666,1059,1.0113983883018565,-19.33124098424991
0.36,-0.09999999999999998,0.6399,70.0,1057.7486264592615,15.452232270160085,1073.2008587294215,1059,1.0134096871854783,-19.32976596783114
0.36,-0.07499999999999996,0.6399,70.0,1059.8012099960188,15.62237643347653,1075.4235864294953,1059,1.0155085801978236,-19.328286986726113
0.36,-0.04999999999999993,0.6399,70.0,1061.9401884475808,15.800332727721333,1077.740521175302,1059,1.0176964317047235,-19.32680403530633
0.36,-0.02499999999999991,0.6399,70.0,1064.1668131097513,15.986313552068182,1080.1531266618194,1059,1.0199746238544094,-19.32531710807679
0.36,1.1102230246251565e-16,0.6399,70.0,1066.4823480218847,16.180537601637965,1082.6628856235227,1059,1.0223445567738647,-19.323826199678532
0.36,0.025000000000000022,0.6399,70.0,1068.8880699801896,16.383230064265124,1085.2713000444546,1059,1.0248076487671904,-19.322331304891097
0.36,0.050000000000000044,0.6399,70.0,1071.3852685471707,16.59462282340804,1087.9798913705788,1059,1.0273653365161273,-19.320832418635117
0.36,0.07500000000000007,0.6399,70.0,1073.9752460570076,16.81495466738266,1090.7902007243902,1059,1.0300190752827103,-19.31932953597477
0.36,0.10000000000000009,0.6399,70.0,1076.6593176168553,17.04447150510273,1093.7037891219582,1059,1.0327703391142191,-19.317822652120373
0.36,0.1250000000000001,0.6399,70.0,1079.4388111038522,17.28342658851418,1096.7222376923664,1059,1.0356206210503933,-19.316311762430892
0.36,0.15000000000000002,0.6399,70.0,1082.3150671578073,17.532080741916072,1099.8471478997235,1059,1.0385714333330722,-19.314796862416515
0.36,0.17500000000000004,0.6399,70.0,1085.289439169409,17.790702598363964,1103.080141767773,1059,1.0416243076182938,-19.313277947741188
0.36,0.2,0.6399,70.0,1088.3632932638243,18.059568843356487,1106.4228621071807,1059,1.0447807951909165,-19.31175501422518
0.37,-0.6,0.6299,70.0,1036.3234533187187,14.065440130894869,1050.3888934496135,1059,0.9918686434840543,-19.353764331532894
0.37,-0.575,0.6299,70.0,1037.1344880286115,14.137364604857313,1051.2718526334688,1059,0.9927024104187618,-19.35239606859794
0.37,-0.5499999999999999,0.6299,70.0,1038.0077554337367,14.214027206097182,1052.221782639834,1059,0.9935994170347818,-19.35102400802257
0.37,-0.5249999999999999,0.6299,70.0,1038.9442209072213,14.29554723711483,1053.239768144336,1059,0.9945606875772767,-19.34964814166962
0.37,-0.5,0.6299,70.0,1039.944861299766,14.38204734081318,1054.3269086405792,1059,0.995587260283833,-19.34826846148336
0.37,-0.475,0.6299,70.0,1041.0106650123876,14.473653602802608,1055.4843186151902,1059,0.9966801875497546,-19.346884959491607
0.37,-0.44999999999999996,0.6299,70.0,1042.1426320675378,14.570495656960695,1056.7131277244985,1059,0.9978405360948994,-19.345497627807827
0.37,-0.42499999999999993,0.6299,70.0,1043.3417741784765,14.672706794349484,1058.014480972826,1059,0.999069387132036,-19.344106458633323
0.37,-0.39999999999999997,0.6299,70.0,1044.609114816861,14.780424075596223,1059.3895388924573,1059,1.0003678365367867,-19.342711444259404
0.37,-0.375,0.6299,70.0,1045.945689278406,14.893788446846578,1060.8394777252527,1059,1.0017369950191244,-19.341312577069562
0.37,-0.35,0.6299,70.0,1047.3525447465972,15.012944859402332,1062.3654896059995,1059,1.0031779882965057,-19.339909849541733
0.37,-0.32499999999999996,0.6299,70.0,1048.8307403543097,15.138042393158946,1063.9687827474686,1059,1.00469195726862,-19.338503254250515
0.37,-0.29999999999999993,0.6299,70.0,1050.3813472432676,15.269234383961535,1065.650581627229,1059,1.0062800581937952,-19.337092783869426
0.37,-0.27499999999999997,0.6299,70.0,1052.0054486212562,15.406678555001262,1067.4121271762574,1059,1.0079434628670987,-19.335678431173225
0.37,-0.24999999999999994,0.6299,70.0,1053.7041398169804,15.550537152377347,1069.2546769693577,1059,1.0096833588001488,-19.33426018904018
0.37,-0.22499999999999998,0.6299,70.0,1055.478528332484,15.700977084953424,1071.1795054174374,1059,1.0115009494026794,-19.332838050454416
0.37,-0.19999999999999996,0.6299,70.0,1057.3297338930226,15.858170068641163,1073.1879039616638,1059,1.013397454165877,-19.331412008508252
0.37,-0.17499999999999993,0.6299,70.0,1059.2588884942916,16.0222927752462,1075.2811812695377,1059,1.0153741088475332,-19.32998205640456
0.37,-0.14999999999999997,0.6299,70.0,1061.2671364469372,16.193526986016824,1077.460663432954,1059,1.017432165659069,-19.328548187459155
0.37,-0.12499999999999994,0.6299,70.0,1063.3556344182127,16.372059750038325,1079.727694168251,1059,1.019572893454439,-19.327110395103205
0.37,-0.09999999999999998,0.6299,70.0,1065.5255514706835,16.558083547620285,1082.0836350183038,1059,1.0217975779209667,-19.325668672885623
0.37,-0.07499999999999996,0.6299,70.0,1067.7780690979118,16.751796458827986,1084.5298655567399,1059,1.0241075217721811,-19.32422301447552
0.37,-0.04999999999999993,0.6299,70.0,1070.1143812569712,16.953402337312536,1087.0677835942838,1059,1.0265040449426666,-19.32277341366465
0.37,-0.02499999999999991,0.6299,70.0,1072.5356943977117,17.163110989599023,1089.6988053873108,1059,1.028988484784996,-19.321319864369855
0.37,1.1102230246251565e-16,0.6299,70.0,1075.0432274886623,17.381138359995337,1092.4243658486575,1059,1.0315621962687984,-19.31986236063559
0.37,0.025000000000000022,0.6299,70.0,1077.6382120394555,17.60770672128885,1095.2459187607444,1059,1.034226552182006,-19.31840089663635
0.37,0.050000000000000044,0.6299,70.0,1080.3218921197017,17.84304487140223,1098.164936991104,1059,1.0369829433343758,-19.316935466679247
0.37,0.07500000000000007,0.6299,70.0,1083.0955243741091,18.087388336183462,1101.1829127102926,1059,1.0398327787632602,-19.31546606520646
0.37,0.10000000000000009,0.6299,70.0,1085.960378033879,18.34097957851004,1104.301357612389,1059,1.0427774859418215,-19.313992686797814
0.37,0.1250000000000001,0.6299,70.0,1088.9177349241518,18.604068213891,1107.5218031380427,1059,1.0458185109896532,-19.31251532617328
0.37,0.15000000000000002,0.6299,70.0,1091.96888946742,18.876911232755155,1110.8458007001752,1059,1.0489573188859067,-19.31103397819555
0.37,0.17500000000000004,0.6299,70.0,1095.115148682831,19.159773229617905,1114.274921912449,1059,1.0521953936850321,-19.30954863787258
0.37,0.2,0.6299,70.0,1098.35783218123,19.45292663932416,1117.8107588205542,1059,1.0555342387351787,-19.308059300360153
0.38,-0.6,0.6199,70.0,1040.8714295028703,14.916737827191053,1055.7881673300615,1059,0.996967107960398,-19.349052519910597
0.38,-0.575,0.6199,70.0,1041.9064397419188,15.008991887762445,1056.9154316296813,1059,0.998031569055412,-19.347716340507436
0.38,-0.5499999999999999,0.6199,70.0,1043.0020158631692,15.106081796296797,1058.108097659466,1059,0.9991577881581359,-19.346376403530513
0.38,-0.5249999999999999,0.6199,70.0,1044.1590861875684,15.208126360099893,1059.3672125476683,1059,1.0003467540582325,-19.34503270044891
0.38,-0.5,0.6199,70.0,1045.3785901704005,15.31524765939513,1060.6938378297955,1059,1.0015994691499486,-19.34368522280574
0.38,-0.475,0.6199,70.0,1046.6614784768087,15.42757114658829,1062.089049623397,1059,1.0029169495971642,-19.342333962220195
0.38,-0.44999999999999996,0.6199,70.0,1048.008713055914,15.545225748678078,1063.5539388045922,1059,1.004300225500087,-19.340978910389605
0.38,-0.42499999999999993,0.6199,70.0,1049.4212672133995,15.668343972912657,1065.0896111863121,1059,1.005750341063562,-19.339620059091562
0.38,-0.39999999999999997,0.6199,70.0,1050.9001256825459,15.797062015794303,1066.6971876983403,1059,1.0072683547670824,-19.338257400186
0.38,-0.375,0.6199,70.0,1052.4462846935967,15.931519875538278,1068.377804569135,1059,1.0088553395364825,-19.336890925617357
0.38,-0.35,0.6199,70.0,1054.0607520413803,16.07186146809438,1070.1326135094746,1059,1.0105123829173508,-19.335520627416763
0.38,-0.32499999999999996,0.6199,70.0,1055.7445471511119,16.218234746842917,1071.9627818979548,1059,1.0122405872501934,-19.33414649770418
0.38,-0.29999999999999993,0.6199,70.0,1057.498701142278,16.370791826080648,1073.8694929683586,1059,1.014041069847364,-19.332768528690675
0.38,-0.27499999999999997,0.6199,70.0,1059.3242568905198,16.529689108414455,1075.8539459989343,1059,1.015914963171798,-19.331386712680583
0.38,-0.24999999999999994,0.6199,70.0,1061.222269087446,16.69508741618499,1077.917356503631,1059,1.0178634150175931,-19.33000104207383
0.38,-0.22499999999999998,0.6199,70.0,1063.1938042982351,16.867152127045195,1080.0609564252804,1059,1.0198875886924272,-19.328611509368166
0.38,-0.19999999999999996,0.6199,70.0,1065.2399410169987,17.046053313822334,1082.285994330821,1059,1.0219886632019084,-19.327218107161467
0.38,-0.17499999999999993,0.6199,70.0,1067.361769719774,17.231965888796054,1084.5937356085701,1059,1.0241678334358546,-19.325820828154082
0.38,-0.14999999999999997,0.6199,70.0,1069.5603929150293,17.42506975252769,1086.985462667557,1059,1.026426310356522,-19.32441966515114
0.38,-0.12499999999999994,0.6199,70.0,1071.8369251916456,17.62554994738121,1089.4624751390268,1059,1.0287653211888828,-19.32301461106494
0.38,-0.09999999999999998,0.6199,70.0,1074.1924932642464,17.833596815878362,1092.0260900801247,1059,1.03118610961296,-19.321605658917296
0.38,-0.07499999999999996,0.6199,70.0,1076.6282360157363,18.04940616403553,1094.6776421797717,1059,1.0336899359582359,-19.320192801841948
0.38,-0.04999999999999993,0.6199,70.0,1079.1453045370267,18.273179429833377,1097.41848396686,1059,1.0362780774002456,-19.31877603308698
0.38,-0.02499999999999991,0.6199,70.0,1081.744862163782,18.505123856973928,1100.249986020756,1059,1.0389518281593542,-19.317355346017266
0.38,1.1102230246251565e-16,0.6199,70.0,1084.4280845101016,18.745452674084657,1103.1735371841862,1059,1.041712499701781,-19.31593073411686
0.38,0.025000000000000022,0.6199,70.0,1087.1961594990748,18.994385279531926,1106.1905447786069,1059,1.0445614209429714,-19.314502190991558
0.38,0.050000000000000044,0.6199,70.0,1090.0502873900173,19.25214743201174,1109.302434822029,1059,1.0474999384532853,-19.313069710371273
0.38,0.07500000000000007,0.6199,70.0,1092.9916808023577,19.51897144708875,1112.5106522494464,1059,1.0505294166661439,-19.31163328611261
0.38,0.10000000000000009,0.6199,70.0,1096.0215647360558,19.795096399859236,1115.816661135915,1059,1.0536512380886827,-19.31019291220133
0.38,0.1250000000000001,0.6199,70.0,1099.1411765883777,20.08076833391827,1119.221944922296,1059,1.056866803514916,-19.30874858275488
0.38,0.15000000000000002,0.6199,70.0,1102.3517661670453,20.376240476815017,1122.7280066438602,1059,1.0601775322416056,-19.30730029202496
0.38,0.17500000000000004,0.6199,70.0,1105.6545956994933,20.681773462185213,1126.3363691616785,1059,1.0635848622867596,-19.305848034399993
0.38,0.2,0.6199,70.0,1109.0509398382678,20.99763555875358,1130.0485753970213,1059,1.0670902506109738,-19.304391804407768
0.39,-0.6,0.6099,70.0,1046.608656997971,15.9591213331156,1062.5677783310864,1059,1.00336900692265,-19.344384817815747
0.39,-0.575,0.6099,70.0,1047.849809559789,16.070483700980574,1063.9202932607695,1059,1.0046461692736257,-19.343080171576972
0.39,-0.5499999999999999,0.6099,70.0,1049.149946836761,16.186770344703426,1065.3367171814646,1059,1.0059836800580402,-19.341771809789144
0.39,-0.5249999999999999,0.6099,70.0,1050.509961842366,16.30809953198802,1066.818061374354,1059,1.0073824942156318,-19.34045972355939
0.39,-0.5,0.6099,70.0,1051.9307583838165,16.434592738048636,1068.3653511218652,1059,1.0088435799073325,-19.33914390406171
0.39,-0.475,0.6099,70.0,1053.4132511397622,16.566374741944415,1069.9796258817066,1059,1.0103679186796097,-19.337824342538916
0.39,-0.44999999999999996,0.6099,70.0,1054.9583657367525,16.70357372595469,1071.661939462707,1059,1.011956505630507,-19.33650103030465
0.39,-0.42499999999999993,0.6099,70.0,1056.5670388244544,16.846321378091623,1073.413360202546,1059,1.013610349577475,-19.335173958745425
0.39,-0.39999999999999997,0.6099,70.0,1058.2402181494786,16.994752997849638,1075.2349711473282,1059,1.0153304732269388,-19.333843119322673
0.39,-0.375,0.6099,70.0,1059.9788626277486,17.14900760529382,1077.1278702330424,1059,1.0171179133456492,-19.332508503574832
0.39,-0.35,0.6099,70.0,1061.7839424153894,17.30922805359271,1079.0931704689822,1059,1.0189737209338832,-19.331170103119433
0.39,-0.32499999999999996,0.6099,70.0,1063.6564389779774,17.47556114510406,1081.1320001230815,1059,1.0208989614004547,-19.329827909655254
0.39,-0.29999999999999993,0.6099,70.0,1065.5973451581613,17.64815775112507,1083.2455029092864,1059,1.0228947147396472,-19.32848191496446
0.39,-0.27499999999999997,0.6099,70.0,1067.607665241459,17.82717293542191,1085.434838176881,1059,1.0249620757099915,-19.327132110914786
0.39,-0.24999999999999994,0.6099,70.0,1069.6884150202786,18.012766081656522,1087.7011811019352,1059,1.0271021540150473,-19.32577848946173
0.39,-0.22499999999999998,0.6099,70.0,1071.8406218559476,18.205101024832754,1090.0457228807804,1059,1.0293160744861005,-19.32442104265077
0.39,-0.19999999999999996,0.6099,70.0,1074.06532473876,18.404346186886134,1092.4696709256461,1059,1.0316049772668991,-19.323059762619625
0.39,-0.17499999999999993,0.6099,70.0,1076.3635743459226,18.61067471654612,1094.9742490624687,1059,1.0339700180004425,-19.321694641600512
0.39,-0.14999999999999997,0.6099,70.0,1078.736433097264,18.824264633602773,1097.5606977308667,1059,1.0364123680178154,-19.320325671922447
0.39,-0.12499999999999994,0.6099,70.0,1081.1849752086969,19.045298977713596,1100.2302741864105,1059,1.0389332145291883,-19.31895284601354
0.39,-0.09999999999999998,0.6099,70.0,1083.7102867432645,19.273965961889964,1102.9842527051544,1059,1.0415337608169541,-19.31757615640333
0.39,-0.07499999999999996,0.6099,70.0,1086.3134656597458,19.51045913080616,1105.823924790552,1059,1.044215226431116,-19.31619559572516
0.39,-0.04999999999999993,0.6099,70.0,1088.995621858639,19.7549775240786,1108.7505993827176,1059,1.046978847386891,-19.3148111567185
0.39,-0.02499999999999991,0.6099,70.0,1091.7578772255179,20.007725844665533,1111.7656030701835,1059,1.0498258763646682,-19.3134228322314
0.39,1.1102230246251565e-16,0.6099,70.0,1094.601365671596,20.268914632542845,1114.870280304139,1059,1.0527575829123126,-19.31203061522285
0.39,0.025000000000000022,0.6099,70.0,1097.527233171404,20.538760443814613,1118.0659936152188,1059,1.0557752536498761,-19.310634498765243
0.39,0.050000000000000044,0.6099,70.0,1100.536637797523,20.817486035421783,1121.3541238329449,1059,1.058880192476813,-19.3092344760468
0.39,0.07500000000000007,0.6099,70.0,1103.630749752234,21.105320555616217,1124.73607030785,1059,1.0620737207817281,-19.30783054037404
0.39,0.10000000000000009,0.6099,70.0,1106.8107513959653,21.402499740371663,1128.213251136337,1059,1.0653571776547093,-19.30642268517427
0.39,0.1250000000000001,0.6099,70.0,1110.0778372724835,21.709266115907653,1131.7871033883912,1059,1.0687319201023524,-19.30501090399806
0.39,0.15000000000000002,0.6099,70.0,1113.4332141306727,22.025869207506368,1135.459083338179,1059,1.0721993232655136,-19.303595190521776
0.39,0.17500000000000004,0.6099,70.0,1116.8781009428292,22.35256575480725,1139.2306666976365,1059,1.0757607806398835,-19.302175538550088
0.39,0.2,0.6099,70.0,1120.4137289193272,22.689619933768455,1143.1033488530957,1059,1.0794177042994293,-19.30075194201851
0.4,-0.6,0.5999,70.0,1053.4788684529353,17.186959945950242,1070.6658283988857,1059,1.0110158908393632,-19.339760140755644
0.4,-0.575,0.5999,70.0,1054.9093781335628,17.316259515834826,1072.2256376493976,1059,1.0124887985357862,-19.33848649598699
0.4,-0.5499999999999999,0.5999,70.0,1056.3973684590312,17.45056281396471,1073.847931272996,1059,1.014020709417371,-19.33720917951034
0.4,-0.5249999999999999,0.5999,70.0,1057.9436987781596,17.589987522292372,1075.533686300452,1059,1.0156125460816354,-19.335928182101462
0.4,-0.5,0.5999,70.0,1059.5492388965936,17.73465446675641,1077.28389336335,1059,1.017265243969169,-19.334643494596016
0.4,-0.475,0.5999,70.0,1061.2148691561413,17.884687710789965,1079.0995568669312,1059,1.0189797515268473,-19.333355107891453
0.4,-0.44999999999999996,0.5999,70.0,1062.9414805131078,18.04021465176778,1080.9816951648756,1059,1.020757030372876,-19.33206301294895
0.4,-0.42499999999999993,0.5999,70.0,1064.7299746154897,18.201366120485623,1082.9313407359753,1059,1.0225980554636216,-19.3307672007954
0.4,-0.39999999999999997,0.5999,70.0,1066.5812638790362,18.36827648376806,1084.9495403628043,1059,1.024503815262327,-19.329467662525357
0.4,-0.375,0.5999,70.0,1068.4962715620554,18.541083750303738,1087.037355312359,1059,1.0264753119096874,-19.32816438930309
0.4,-0.35,0.5999,70.0,1070.475931838902,18.719929679810328,1089.1958615187123,1059,1.0285135613963288,-19.326857372364625
0.4,-0.32499999999999996,0.5999,70.0,1072.5211898721045,18.904959895633908,1091.4261497677385,1059,1.0306195937372413,-19.325546603019774
0.4,-0.29999999999999993,0.5999,70.0,1074.633001883002,19.096324000891336,1093.7293258838934,1059,1.0327944531481523,-19.32423207265426
0.4,-0.27499999999999997,0.5999,70.0,1076.8123352208534,19.294175698266578,1096.10651091912,1059,1.0350391982239093,-19.322913772731813
0.4,-0.24999999999999994,0.5999,70.0,1079.0601684303283,19.498672913575955,1098.5588413439043,1059,1.0373549021188897,-19.32159169479632
0.4,-0.22499999999999998,0.5999,70.0,1081.3774913173027,19.709977923219633,1101.0874692405223,1059,1.0397426527294829,-19.320265830473993
0.4,-0.19999999999999996,0.5999,70.0,1083.7653050128592,19.92825748564124,1103.6935624985006,1059,1.0422035528786597,-19.318936171475528
0.4,-0.17499999999999993,0.5999,70.0,1086.2246220354448,20.153682976920038,1106.3783050123648,1059,1.0447387205027052,-19.31760270959835
0.4,-0.14999999999999997,0.5999,70.0,1088.756466351046,20.38643053062364,1109.1428968816695,1059,1.0473492888401033,-19.31626543672883
0.4,-0.12499999999999994,0.5999,70.0,1091.361873431345,20.626681182053698,1111.9885546133987,1059,1.0500364066226617,-19.314924344844542
0.4,-0.09999999999999998,0.5999,70.0,1094.0418903097398,20.874621017019535,1114.9165113267593,1059,1.0528012382688945,-19.313579426016542
0.4,-0.07499999999999996,0.5999,70.0,1096.7975756351634,21.130441325279538,1117.9280169604428,1059,1.0556449640797383,-19.312230672411683
0.4,-0.04999999999999993,0.5999,70.0,1099.6299997235624,21.394338758792617,1121.024338482355,1059,1.0585687804365957,-19.310878076294923
0.4,-0.02499999999999991,0.5999,70.0,1102.5402446069925,21.666515494927552,1124.20676010192,1059,1.0615739000018132,-19.30952163003167
0.4,1.1102230246251565e-16,0.5999,70.0,1105.52940408021,21.947179404780684,1127.4765834849907,1059,1.0646615519216154,-19.30816132609016
0.4,0.025000000000000022,0.5999,70.0,1108.5985837446674,22.23654422675677,1130.835127971424,1059,1.067832982031562,-19.306797157043835
0.4,0.050000000000000044,0.5999,70.0,1111.748901049827,22.53482974557235,1134.2837307953994,1059,1.0710894530645887,-19.305429115573748
0.4,0.07500000000000007,0.5999,70.0,1114.9814853316557,22.842261976844732,1137.8237473085005,1059,1.0744322448616623,-19.30405719447098
0.4,0.10000000000000009,0.5999,70.0,1118.2974778482599,23.159073357433897,1141.4565512056938,1059,1.0778626545851688,-19.302681386639104
0.4,0.1250000000000001,0.5999,70.0,1121.6980318125052,23.485502941708905,1145.1835347542142,1059,1.0813819969350464,-19.301301685096632
0.4,0.15000000000000002,0.5999,70.0,1125.1843124215493,23.82179660391531,1149.0061090254646,1059,1.0849916043677663,-19.299918082979485
0.4,0.17500000000000004,0.5999,70.0,1128.7574968831727,24.168207246823414,1152.9257041299961,1059,1.088692827318221,-19.298530573543513
0.4,0.2,0.5999,70.0,1132.4187744388166,24.524995016842517,1156.943769455659,1059,1.0924870344246074,-19.297139150166984
