z,rho_SN,rho_SN_norm,rho_SN_fit,log10_1pz,log10_rho_SN
0.0,1.0,1.0,1.029807308905814,0.0,0.0
0.005012531328320802,0.9994981192541853,0.9994981192541853,1.0285683814679307,0.0021714769334340287,-0.00021801875276537176
0.010025062656641603,0.9989949853696741,0.9989949853696741,1.027337097284774,0.004332150454361219,-0.00043669178577474097
0.015037593984962405,0.9984906014598786,0.9984906014598786,1.0261133716208548,0.006482127527920371,-0.0006560186784291465
0.020050125313283207,0.9979849706151198,0.9979849706151198,1.024897121092637,0.008621513538471808,-0.0008759990213146582
0.02506265664160401,0.9974780959029117,0.9974780959029117,1.0236882636404472,0.010750412320593527,-0.0010966324160954903
0.03007518796992481,0.9969699803682401,0.9969699803682401,1.0224867185011062,0.012868926189320975,-0.0013179184754087
0.03508771929824561,0.9964606270338376,0.9964606270338376,1.0212924061812536,0.014977155969652838,-0.0015398568227610067
0.040100250626566414,0.995950038900453,0.995950038900453,1.0201052484313486,0.017075201025344478,-0.001762447092427587
0.045112781954887216,0.9954382189471161,0.9954382189471161,1.0189251682203246,0.019163159287009242,-0.0019856889293528046
0.05012531328320802,0.9949251701313994,0.9949251701313994,1.0177520897108803,0.02124112727954708,-0.0022095819890526327
0.05513784461152882,0.9944108953896735,0.9944108953896735,1.0165859382353857,0.02330920014892012,-0.0024341259375188717
0.06015037593984962,0.9938953976373599,0.9938953976373599,1.0154266402723873,0.02536747168829411,-0.0026593204511254514
0.06516290726817042,0.9933786797691785,0.9933786797691785,1.014274123423693,0.02741603436356326,-0.002885165216536004
0.07017543859649122,0.9928607446593914,0.9928607446593914,1.0131283163920208,0.029454979338275632,-0.0031116599306135724
0.07518796992481203,0.9923415951620433,0.9923415951620433,1.0119891489591952,0.03148439649797606,-0.0033388043003315993
0.08020050125313283,0.9918212341111968,0.9918212341111968,1.010856551964873,0.03350437447398337,-0.003566598042686813
0.08521303258145363,0.9912996643211648,0.9912996643211648,1.0097304572857868,0.03551500066661717,-0.0037950408846135894
0.09022556390977443,0.9907768885867385,0.9907768885867385,1.00861079781549,0.0375163612678891,-0.004024132562899981
0.09523809523809523,0.9902529096834125,0.9902529096834125,1.0074975074445847,0.039508541283673655,-0.0042538728241051215
0.10025062656641603,0.9897277303676058,0.9897277303676058,1.006390521041428,0.04149162455537314,-0.00448426142447812
0.10526315789473684,0.9892013533768788,0.9892013533768788,1.0052897744332923,0.04346569378109026,-0.004715298129878714
0.11027568922305764,0.9886737814301476,0.9886737814301476,1.0041952043879767,0.045430830536321326,-0.004946982715699174
0.11528822055137844,0.9881450172278954,0.9881450172278954,1.0031067485958487,0.0473871152941834,-0.0051793149667873
0.12030075187969924,0.9876150634523787,0.9876150634523787,1.0020243456523106,0.049334627445188246,-0.005412294677371448
0.12531328320802004,0.987083922767832,0.987083922767832,1.0009479350406725,0.0512734453165749,-0.005645921650986551
0.13032581453634084,0.9865515978206686,0.9865515978206686,0.9998774571154279,0.0532036461912123,-0.005880195700401352
0.13533834586466165,0.9860180912396788,0.9860180912396788,0.9988128530859144,0.05512530632608369,-0.006115116647547128
0.14035087719298245,0.9854834056362238,0.9854834056362238,0.997754065000352,0.05703850097036417,-0.006350684323447815
0.14536340852130325,0.9849475436044284,0.9849475436044284,0.9967010357302479,0.05894330438310195,-0.006586898568151096
0.15037593984962405,0.9844105077213688,0.9844105077213688,0.9956537089551589,0.060839789850513006,-0.006823759230660949
0.15538847117794485,0.9838723005472595,0.9838723005472595,0.9946120291477999,0.06272802970289995,-0.0070612661688713016
0.16040100250626566,0.9833329246256356,0.9833329246256356,0.9935759415594901,0.0646080953312049,-0.007299419249500859
0.16541353383458646,0.9827923824835335,0.9827923824835335,0.9925453922059291,0.06648005720320564,-0.00753821834802924
0.17042606516290726,0.9822506766316685,0.9822506766316685,0.9915203278532899,0.06834398487936393,-0.007777663348634044
0.17543859649122806,0.9817078095646098,0.9817078095646098,0.9905006960046275,0.07019994702833507,-0.008017754144129183
0.18045112781954886,0.9811637837609524,0.9811637837609524,0.989486444886586,0.07204801144214794,-0.008258490635904342
0.18546365914786966,0.980618601683487,0.980618601683487,0.9884775234364034,0.0738882450510633,-0.008499872733865512
0.19047619047619047,0.9800722657793681,0.9800722657793681,0.9874738812892033,0.07572071393811834,-0.008741900356376224
0.19548872180451127,0.9795247784802773,0.9795247784802773,0.9864754687655659,0.07754548335336572,-0.00898457343020063
0.20050125313283207,0.9789761422025869,0.9789761422025869,0.9854822368593709,0.07936261772781499,-0.00922789189044665
0.20551378446115287,0.9784263593475191,0.9784263593475191,0.984494137225907,0.0811721806870835,-0.009471855680510953
0.21052631578947367,0.9778754323013041,0.9778754323013041,0.9835111221702387,0.08297423506476391,-0.009716464752024347
0.21553884711779447,0.9773233634353353,0.9773233634353353,0.9825331446358255,0.08476884291551547,-0.009961719064798504
0.22055137844611528,0.9767701551063224,0.9767701551063224,0.9815601581933867,0.0865560655278861,-0.0102076185867734
0.22556390977443608,0.9762158096564422,0.9762158096564422,0.980592117030004,0.08833596343687197,-0.01045416329396586
0.23057644110275688,0.9756603294134876,0.9756603294134876,0.9796289759384587,0.09010859643622024,-0.010701353170418943
0.23558897243107768,0.9751037166910141,0.9751037166910141,0.9786706903067944,0.09187402359048182,-0.010949188208152199
0.24060150375939848,0.9745459737884846,0.9745459737884846,0.977717216108103,0.09363230324682048,-0.011197668407112895
0.24561403508771928,0.9739871029914112,0.9739871029914112,0.9767685098905242,0.09538349304658385,-0.01144679377512817
0.2506265664160401,0.9734271065714964,0.9734271065714964,0.975824528767457,0.09712764993664168,-0.011696564327857841
0.2556390977443609,0.9728659867867713,0.9728659867867713,0.9748852304079748,0.09886483018049752,-0.011946980088748308
0.2606516290726817,0.9723037458817322,0.9723037458817322,0.9739505730274437,0.10059508936917916,-0.012198041088986977
0.2656641604010025,0.9717403860874755,0.9717403860874755,0.9730205153783308,0.1023184824319131,-0.012449747367457837
0.2706766917293233,0.97117590962183,0.97117590962183,0.9720950167412078,0.10403506364658774,-0.012702098970697755
0.2756892230576441,0.9706103186894884,0.9706103186894884,0.9711740369159368,0.10574488665001056,-0.01295509595285329
0.2807017543859649,0.9700436154821365,0.9700436154821365,0.9702575362130388,0.1074480044479645,-0.013208738375638613
0.2857142857142857,0.9694758021785796,0.9694758021785796,0.969345475445238,0.109144469425068,-0.013463026308294197
0.2907268170426065,0.9689068809448699,0.9689068809448699,0.968437815919179,0.11083433335444277,-0.013717959827545837
0.2957393483709273,0.9683368539344285,0.9683368539344285,0.967534519427312,0.1125176474071943,-0.013973539017565085
0.3007518796992481,0.9677657232881693,0.9677657232881693,0.9666355482399419,0.11419446216170961,-0.014229763969929643
0.3057644110275689,0.9671934911346188,0.9671934911346188,0.9657408650974378,0.11586482761277621,-0.014486634783585218
0.3107769423558897,0.9666201595900351,0.9666201595900351,0.9648504332025993,0.117528793180526,-0.014744151564807555
0.3157894736842105,0.9660457307585255,0.9660457307585255,0.963964216213174,0.11918640771920867,-0.015002314427165396
0.3208020050125313,0.9654702067321623,0.9654702067321623,0.9630821782345255,0.12083771952579837,-0.015261123491484079
0.3258145363408521,0.9648935895910971,0.9648935895910971,0.9622042838124467,0.12248277634843749,-0.015520578885809835
0.3308270676691729,0.9643158814036734,0.9643158814036734,0.9613304979261148,0.12412162539472082,-0.01578068074537463
0.3358395989974937,0.9637370842265383,0.9637370842265383,0.960460785981184,0.12575431333982406,-0.0160414292125619
0.3408521303258145,0.9631572001047517,0.9631572001047517,0.9595951138030164,0.12738088633448022,-0.016302824436872684
0.3458646616541353,0.9625762310718956,0.9625762310718956,0.9587334476300423,0.12900139001280733,-0.01656486657489241
0.3508771929824561,0.9619941791501799,0.9619941791501799,0.9578757541072519,0.13061586949999046,-0.01682755579025871
0.3558897243107769,0.9614110463505492,0.9614110463505492,0.9570220002798121,0.13222436941982124,-0.017090892253629104
0.3609022556390977,0.9608268346727862,0.9608268346727862,0.9561721535868071,0.1338269339020987,-0.017354876142649953
0.3659147869674185,0.9602415461056145,0.9602415461056145,0.9553261818550995,0.13542360658989416,-0.017619507641925908
0.37092731829573933,0.9596551826268012,0.9596551826268012,0.9544840532933097,0.13701443064668253,-0.01788478694298939
0.37593984962406013,0.9590677462032555,0.9590677462032555,0.953645736485909,0.1385994487633437,-0.018150714244271567
0.38095238095238093,0.9584792387911296,0.9584792387911296,0.952811200387427,0.1401787031650368,-0.018417289751072884
0.38596491228070173,0.9578896623359145,0.9578896623359145,0.9519804143167677,0.14175223561795,-0.018684513675535232
0.39097744360902253,0.9572990187725379,0.9572990187725379,0.9511533479516333,0.143320087435928,-0.018952386236613716
0.39598997493734334,0.9567073100254587,0.9567073100254587,0.9503299713230535,0.1448822994869807,-0.019220907660049424
0.40100250626566414,0.9561145380087614,0.9561145380087614,0.9495102548100176,0.14643891219967506,-0.019490078178342907
0.40601503759398494,0.9555207046262489,0.9555207046262489,0.9486941691342057,0.14798996556941313,-0.019759898030727738
0.41102756892230574,0.9549258117715341,0.9549258117715341,0.9478816853548202,0.149535499164598,-0.020030367463144936
0.41604010025062654,0.9543298613281305,0.9543298613281305,0.9470727748635117,0.15107555213269033,-0.02030148672821785
0.42105263157894735,0.9537328551695419,0.9537328551695419,0.9462674093793995,0.15261016320615833,-0.020573256085227306
0.42606516290726815,0.9531347951593504,0.9531347951593504,0.9454655609441835,0.1541393707083229,-0.02084567580008771
0.43107769423558895,0.9525356831513039,0.9525356831513039,0.9446672019173464,0.15566321255909982,-0.021118746145323282
0.43609022556390975,0.9519355209894023,0.9519355209894023,0.9438723049714443,0.15718172628064178,-0.0213924674000448
0.44110275689223055,0.9513343105079825,0.9513343105079825,0.9430808430874814,0.15869494900288225,-0.021666839849927056
0.44611528822055135,0.9507320535318023,0.9507320535318023,0.9422927895503711,0.16020291746898316,-0.021941863787186704
0.45112781954887216,0.9501287518761242,0.9501287518761242,0.9415081179444778,0.16170566804068795,-0.02221753951056037
0.45614035087719296,0.9495244073467968,0.9495244073467968,0.9407268021492393,0.16320323670358253,-0.022493867325283433
0.46115288220551376,0.9489190217403359,0.9489190217403359,0.9399488163348699,0.16469565907226585,-0.022770847543069316
0.46616541353383456,0.9483125968440052,0.9483125968440052,0.9391741349581373,0.16618297039543217,-0.023048480482089087
0.47117794486215536,0.9477051344358947,0.9477051344358947,0.9384027327582178,0.16766520556086623,-0.023326766466951494
0.47619047619047616,0.9470966362849992,0.9470966362849992,0.9376345847526251,0.16914239910035345,-0.023605705828683723
0.48120300751879697,0.946487104151296,0.946487104151296,0.936869666233209,0.17061458519450712,-0.02388529890471205
0.48621553884711777,0.9458765397858206,0.9458765397858206,0.9361079527622277,0.17208179767751433,-0.02416554603884353
0.49122807017543857,0.9452649449307428,0.9452649449307428,0.9353494201684883,0.17354407004180133,-0.02444644758124765
0.49624060150375937,0.9446523213194403,0.9446523213194403,0.934594044543555,0.1750014354426209,-0.02472800388843876
0.5012531328320802,0.9440386706765735,0.9440386706765735,0.9338418022380234,0.17645392670256313,-0.02501021532325866
0.506265664160401,0.9434239947181579,0.9434239947181579,0.9330926698578609,0.17790157631599124,-0.0252930822548596
0.5112781954887218,0.9428082951516353,0.9428082951516353,0.9323466242608099,0.17934441645340307,-0.025576605058688025
0.5162907268170426,0.9421915736759466,0.9421915736759466,0.9316036425528543,0.18078247896572067,-0.025860784116468135
0.5213032581453634,0.9415738319816007,0.9415738319816007,0.9308637020847453,0.18221579538850935,-0.026145619816186426
0.5263157894736842,0.9409550717507444,0.9409550717507444,0.9301267804485895,0.18364439694612708,-0.026431112552076346
0.531328320802005,0.9403352946572314,0.9403352946572314,0.9293928554744939,0.185068314555806,-0.026717262724603306
0.5363408521303258,0.9397145023666902,0.9397145023666902,0.9286619052272683,0.18648757883166683,-0.027004070740450022
0.5413533834586466,0.9390926965365906,0.9390926965365906,0.9279339080031856,0.1879022200886685,-0.027291537012502694
0.5463659147869674,0.9384698788163108,0.9384698788163108,0.927208842326795,0.18931226834649342,-0.027579661959836868
0.5513784461152882,0.9378460508472031,0.9378460508472031,0.9264866869477911,0.19071775333336974,-0.027868446007704162
0.556390977443609,0.9372212142626578,0.9372212142626578,0.9257674208379345,0.19211870448983198,-0.028157889587519302
0.5614035087719298,0.9365953706881687,0.9365953706881687,0.9250510231880255,0.1935151509724214,-0.028447993136847212
0.5664160401002506,0.9359685217413954,0.9359685217413954,0.9243374734049274,0.19490712165732696,-0.028738757099390857
0.5714285714285714,0.9353406690322268,0.9353406690322268,0.9236267511086408,0.1962946451439682,-0.029030181924979265
0.5764411027568922,0.9347118141628423,0.9347118141628423,0.9229188361294258,0.1976777497585207,-0.029322268069555894
0.581453634085213,0.9340819587277742,0.9340819587277742,0.9222137085049725,0.19905646355738607,-0.029615015995167214
0.5864661654135338,0.9334511043139675,0.9334511043139675,0.9215113484776183,0.20043081433060683,-0.029908426169951957
0.5914786967418546,0.9328192525008401,0.9328192525008401,0.9208117364916112,0.20180082960522744,-0.03020249906813047
0.5964912280701754,0.9321864048603421,0.9321864048603421,0.9201148531904183,0.20316653664860224,-0.0304972351699945
0.6015037593984962,0.9315525629570149,0.9315525629570149,0.9194206794140781,0.20452796247165192,-0.03079263496189707
0.606516290726817,0.9309177283480485,0.9309177283480485,0.9187291961965969,0.20588513383206916,-0.031088698936243254
0.6115288220551378,0.9302819025833393,0.9302819025833393,0.9180403847633866,0.20723807723747384,-0.03138542759148063
0.6165413533834586,0.929645087205547,0.929645087205547,0.9173542265287455,0.20858681894851955,-0.031682821432090384
0.6215538847117794,0.92900728375015,0.92900728375015,0.916670703093379,0.20993138498195216,-0.03198088096857892
0.6265664160401002,0.9283684937455021,0.9283684937455021,0.91598979624196,0.21127180111362096,-0.032279606717469184
0.631578947368421,0.9277287187128866,0.9277287187128866,0.9153114879407305,0.21260809288144372,-0.032578999201293
0.6365914786967418,0.9270879601665707,0.9270879601665707,0.9146357603351397,0.2139402855883257,-0.032879058948583395
0.6416040100250626,0.9264462196138594,0.9264462196138594,0.913962595747521,0.21526840430503483,-0.03317978649386701
0.6466165413533834,0.9258034985551491,0.9258034985551491,0.9132919766748059,0.21659247387303251,-0.03348118237765721
0.6516290726817042,0.9251597984839793,0.9251597984839793,0.9126238857862741,0.21791251890726163,-0.03378324714644738
0.656641604010025,0.9245151208870857,0.9245151208870857,0.9119583059213395,0.21922856379889202,-0.03408598135270436
0.6616541353383458,0.9238694672444505,0.9238694672444505,0.911295220087372,0.2205406327180249,-0.03438938555486247
0.6666666666666666,0.923222839029355,0.923222839029355,0.9106346114575513,0.22184874961635634,-0.034693460317317355
0.6716791979949874,0.9225752377084282,0.9225752377084282,0.9099764633687578,0.22315293822980073,-0.034998206210420844
0.6766917293233082,0.921926664741698,0.921926664741698,0.9093207593194939,0.2244532220810749,-0.035303623810475374
0.681704260651629,0.9212771215826404,0.9212771215826404,0.9086674829678385,0.22574962448224384,-0.03560971369972905
0.6867167919799498,0.9206266096782276,0.9206266096782276,0.9080166181294348,0.22704216853722858,-0.03591647646637113
0.6917293233082706,0.9199751304689772,0.9199751304689772,0.9073681487755071,0.2283308771442767,-0.036223912704527524
0.6967418546365914,0.9193226853889996,0.9193226853889996,0.9067220590309099,0.2296157729983961,-0.03653202301425652
0.7017543859649122,0.9186692758660456,0.9186692758660456,0.9060783331722069,0.23089687859375344,-0.036840808001545274
0.706766917293233,0.9180149033215531,0.9180149033215531,0.905436955625779,0.2321742162260369,-0.03715026827830593
0.7117794486215538,0.9173595691706934,0.9173595691706934,0.9047979109659623,0.23344780799478432,-0.03746040446237256
0.7167919799498746,0.9167032748224173,0.9167032748224173,0.9041611839132139,0.23471767580567737,-0.03777121717749802
0.7218045112781954,0.9160460216795008,0.9160460216795008,0.9035267593323054,0.2359838413728022,-0.038082707053351164
0.7268170426065163,0.9153878111385891,0.9153878111385891,0.9028946222305455,0.23724632622087755,-0.03839487472551464
0.731829573934837,0.9147286445902425,0.9147286445902425,0.9022647577560278,0.23850515168745018,-0.03870772083548234
0.7368421052631579,0.914068523418979,0.914068523418979,0.9016371511959056,0.23976033892505855,-0.03902124603065778
0.7418546365914787,0.9134074490033194,0.9134074490033194,0.901011787974694,0.24101190890336566,-0.03933545096435212
0.7468671679197995,0.9127454227158293,0.9127454227158293,0.9003886536525955,0.24225988241126115,-0.03965033629578296
0.7518796992481203,0.9120824459231621,0.9120824459231621,0.8997677339238527,0.24350428005893318,-0.03996590269007327
0.7568922305764411,0.9114185199861021,0.9114185199861021,0.8991490146151242,0.24474512227991044,-0.04028215081825017
0.7619047619047619,0.9107536462596054,0.9107536462596054,0.8985324816838853,0.2459824293330757,-0.04059908135724463
0.7669172932330827,0.9100878260928419,0.9100878260928419,0.8979181212168532,0.24721622130465043,-0.0409166949898909
0.7719298245614035,0.9094210608292361,0.9094210608292361,0.8973059194284337,0.24844651811015117,-0.0412349924049265
0.7769423558897243,0.9087533518065082,0.9087533518065082,0.8966958626591929,0.24967333949631834,-0.04155397429699225
0.7819548872180451,0.9080847003567138,0.9080847003567138,0.8960879373743508,0.2508967050430181,-0.04187364136663267
0.7869674185463659,0.9074151078062843,0.9074151078062843,0.8954821301622962,0.2521166341651173,-0.042193994320296704
0.7919799498746867,0.9067445754760658,0.9067445754760658,0.8948784277331243,0.2533331461143324,-0.04251503387033852
0.7969924812030075,0.9060731046813587,0.9060731046813587,0.894276816917196,0.2545462599810519,-0.04283676073501857
0.8020050125313283,0.9054006967319561,0.9054006967319561,0.893677284663717,0.25575599469613436,-0.043159175638505125
0.8070175438596491,0.9047273529321823,0.9047273529321823,0.8930798180393386,0.25696236903268077,-0.04348227931087573
0.8120300751879699,0.9040530745809305,0.9040530745809305,0.8924844042267785,0.25816540160778256,-0.04380607248811919
0.8170426065162907,0.9033778629717008,0.9033778629717008,0.891891030523462,0.25936511088424546,-0.04413055591213759
0.8220551378446115,0.9027017193926369,0.9027017193926369,0.891299684340181,0.2605615151722896,-0.04445573033074856
0.8270676691729323,0.9020246451265634,0.9020246451265634,0.8907103531997753,0.26175463263122634,-0.044781596497688064
0.8320802005012531,0.9013466414510222,0.9013466414510222,0.8901230247358304,0.2629444812711122,-0.04510815517261307
0.8370927318295739,0.9006677096383082,0.9006677096383082,0.8895376866913943,0.2641310789543797,-0.04543540712110463
0.8421052631578947,0.8999878509555062,0.8999878509555062,0.8889543269177141,0.26531444339744664,-0.04576335311467109
0.8471177944862155,0.8993070666645251,0.8993070666645251,0.888372933372989,0.2664945921723032,-0.04609199393075172
0.8521303258145363,0.8986253580221338,0.8986253580221338,0.8877934941211407,0.26767154270807747,-0.04642133035272054
0.8571428571428571,0.8979427262799959,0.8979427262799959,0.887215997330604,0.26884531229257996,-0.04675136316989009
0.8621553884711779,0.8972591726847042,0.8972591726847042,0.8866404312731309,0.2700159180738271,-0.047082093177515744
0.8671679197994987,0.8965746984778143,0.8965746984778143,0.8860667843226134,0.27118337706154455,-0.04741352117680035
0.8721804511278195,0.8958893048958794,0.8958893048958794,0.8854950449539235,0.27234770612865056,-0.04774564797489859
0.8771929824561403,0.8952029931704828,0.8952029931704828,0.8849252017417676,0.27350892201271826,-0.04807847438492208
0.8822055137844611,0.8945157645282721,0.8945157645282721,0.8843572433595582,0.27466704131742015,-0.04841200122594445
0.8872180451127819,0.8938276201909909,0.8938276201909909,0.8837911585783014,0.2758220805139523,-0.048746229323006866
0.8922305764411027,0.8931385613755128,0.8931385613755128,0.8832269362654985,0.27697405594244,-0.04908115950712325
0.8972431077694235,0.8924485892938723,0.8924485892938723,0.8826645653840648,0.27812298381332456,-0.0494167926152866
0.9022556390977443,0.8917577051532977,0.8917577051532977,0.8821040349912614,0.27926888020873214,-0.04975312949047451
0.9072681704260651,0.8910659101562424,0.8910659101562424,0.8815453342376438,0.28041176108382454,-0.05009017098165583
0.9122807017543859,0.8903732055004163,0.8903732055004163,0.8809884523660223,0.28155164226813223,-0.05042791794379701
0.9172932330827067,0.8896795923788173,0.8896795923788173,0.8804333787104394,0.2826885394668694,-0.05076637123786872
0.9223057644110275,0.8889850719797614,0.8889850719797614,0.8798801026951595,0.28382246826223273,-0.05110553173085302
0.9273182957393483,0.8882896454869139,0.8882896454869139,0.8793286138336723,0.28495344411468276,-0.051445400295750204
0.9323308270676691,0.8875933140793193,0.8875933140793193,0.8787789017277119,0.2860814823642087,-0.05178597781158646
0.9373433583959899,0.8868960789314313,0.8868960789314313,0.8782309560662854,0.2872065982315767,-0.052127265163421345
0.9423558897243107,0.8861979412131429,0.8861979412131429,0.8776847666247187,0.288328806819562,-0.05246926324235548
0.9473684210526315,0.8854989020898152,0.8854989020898152,0.8771403232637124,0.289448123114166,-0.05281197294553884
0.9523809523809523,0.884798962722307,0.884798962722307,0.8765976159284116,0.2905645619858162,-0.05315539517617889
0.9573934837092731,0.8840981242670038,0.8840981242670038,0.8760566346474877,0.2916781381905521,-0.05349953084354885
0.9624060150375939,0.8833963878758463,0.8833963878758463,0.8755173695322336,0.29278886637119517,-0.05384438086299679
0.9674185463659147,0.8826937546963587,0.8826937546963587,0.8749798107756689,0.29389676105850426,-0.05418994615595411
0.9724310776942355,0.8819902258716766,0.8819902258716766,0.8744439486516595,0.29500183667231633,-0.0545362276499452
0.9774436090225563,0.881285802540576,0.881285802540576,0.8739097735140466,0.2961041075226721,-0.05488322627859609
0.9824561403508771,0.8805804858374996,0.8805804858374996,0.8733772757957893,0.2972035878109283,-0.05523094298164455
0.9874686716791979,0.8798742768925851,0.8798742768925851,0.8728464460081168,0.29830029163085553,-0.05557937870494962
0.9924812030075187,0.8791671768316919,0.8791671768316919,0.872317274739693,0.29939423296972206,-0.055928534400501766
0.9974937343358395,0.8784591867764281,0.8784591867764281,0.8717897526557918,0.30048542570936415,-0.0562784110264329
1.0025062656641603,0.8777503078441775,0.8777503078441775,0.8712638704974826,0.30157388362724313,-0.05662900954702686
1.007518796992481,0.8770405411481259,0.8770405411481259,0.8707396190808273,0.3026596203974894,-0.05698033093273001
1.012531328320802,0.8763298877972869,0.8763298877972869,0.8702169892960876,0.30374264959193265,-0.057332376160162235
1.0175438596491229,0.8756183488965285,0.8756183488965285,0.8696959721069417,0.3048229846811203,-0.057685146212127905
1.0225563909774436,0.8749059255465984,0.8749059255465984,0.8691765585497134,0.30590063903532216,-0.058038642077627024
1.0275689223057642,0.8741926188441501,0.8741926188441501,0.8686587397326081,0.306975625925524,-0.0583928647518669
1.0325814536340852,0.8734784298817675,0.8734784298817675,0.8681425068349617,0.30804795852440786,-0.058747815236273856
1.037593984962406,0.8727633597479906,0.8727633597479906,0.8676278511064974,0.30911764990731994,-0.05910349453850497
1.0426065162907268,0.8720474095273401,0.8720474095273401,0.8671147638665919,0.31018471305322837,-0.059459903672460346
1.0476190476190474,0.8713305803003419,0.8713305803003419,0.8666032365035525,0.3112491608456672,-0.05981704365829551
1.0526315789473684,0.8706128731435525,0.8706128731435525,0.8660932604739021,0.3123110060736702,-0.06017491552243366
1.0576441102756893,0.8698942891295816,0.8698942891295816,0.8655848273016743,0.31337026143269253,-0.06053352029757902
1.06265664160401,0.8691748293271179,0.8691748293271179,0.8650779285777164,0.3144269395255216,-0.06089285902272902
1.0676691729323307,0.8684544948009516,0.8684544948009516,0.8645725559590021,0.31548105286317685,-0.06125293274318829
1.0726817042606516,0.8677332866119989,0.8677332866119989,0.8640687011679531,0.31653261386579845,-0.06161374251058156
1.0776942355889725,0.8670112058173249,0.8670112058173249,0.8635663559917685,0.3175816348635253,-0.061975289382867456
1.0827067669172932,0.8662882534701674,0.8662882534701674,0.8630655122817629,0.31862812809736274,-0.0623375744243523
1.0877192982456139,0.865564430619959,0.865564430619959,0.8625661619527132,0.31967210572003935,-0.06270059870570426
1.0927318295739348,0.8648397383123512,0.8648397383123512,0.8620682969822138,0.3207135797968538,-0.06306436330396743
1.0977443609022557,0.8641141775892358,0.8641141775892358,0.8615719094100386,0.3217525623065118,-0.06342886930257655
1.1027568922305764,0.8633877494887685,0.8633877494887685,0.8610769913375126,0.32278906514195205,-0.06379411779137142
1.107769423558897,0.8626604550453905,0.8626604550453905,0.8605835349268903,0.3238231001111639,-0.06416010986661201
1.112781954887218,0.8619322952898505,0.8619322952898505,0.8600915324007419,0.32485467893799413,-0.06452684663099355
1.117794486215539,0.8612032712492272,0.8612032712492272,0.859600976041348,0.32588381326294413,-0.06489432919366177
1.1228070175438596,0.8604733839469505,0.8604733839469505,0.8591118581901002,0.32691051464395865,-0.06526255867022863
1.1278195488721803,0.8597426344028233,0.8597426344028233,0.8586241712469113,0.3279347945572044,-0.06563153618278787
1.1328320802005012,0.8590110236330428,0.8590110236330428,0.85813790766963,0.3289566643978396,-0.06600126285993112
1.137844611528822,0.8582785526502218,0.8582785526502218,0.8576530599734659,0.3299761354807748,-0.06637173983676409
1.1428571428571428,0.8575452224634096,0.8575452224634096,0.8571696207304186,0.3309932190414244,-0.06674296825492289
1.1478696741854635,0.8568110340781128,0.8568110340781128,0.8566875825687162,0.3320079262364499,-0.06711494926259083
1.1528822055137844,0.8560759884963163,0.8560759884963163,0.856206938172259,0.3330202681444941,-0.06748768401451502
1.1578947368421053,0.8553400867165033,0.8553400867165033,0.8557276802800708,0.33403025576690654,-0.06786117367202374
1.162907268170426,0.8546033297336761,0.8546033297336761,0.8552498016857568,0.33503790002846134,-0.06823541940304342
1.1679197994987467,0.8538657185393763,0.8538657185393763,0.8547732952369678,0.33604321177806595,-0.06861042238211627
1.1729323308270676,0.8531272541217042,0.8531272541217042,0.8542981538348707,0.337046201789462,-0.06898618379041806
1.1779448621553885,0.8523879374653394,0.8523879374653394,0.8538243704336267,0.33804688076191824,-0.0693627048157759
1.1829573934837092,0.85164776955156,0.85164776955156,0.8533519380398735,0.33904525932091495,-0.06973998665268649
1.18796992481203,0.8509067513582625,0.8509067513582625,0.8528808497122164,0.34004134801882147,-0.07011803050233441
1.1929824561403508,0.8501648838599808,0.8501648838599808,0.8524110985607228,0.34103515733556505,-0.07049683757261097
1.1979949874686717,0.8494221680279059,0.8494221680279059,0.8519426777464251,0.3420266976792923,-0.07087640907813239
1.2030075187969924,0.8486786048299044,0.8486786048299044,0.851475580480828,0.34301597938702366,-0.07125674624025968
1.208020050125313,0.8479341952305378,0.8479341952305378,0.8510098000254224,0.34400301272529965,-0.07163785028711725
1.213032581453634,0.8471889401910813,0.8471889401910813,0.8505453296912043,0.3449878078908203,-0.07201972245361257
1.218045112781955,0.8464428406695419,0.8464428406695419,0.8500821628382011,0.3459703750110772,-0.07240236398145602
1.2230576441102756,0.8456958976206781,0.8456958976206781,0.8496202928750012,0.34695072414497813,-0.07278577611918036
1.2280701754385963,0.8449481119960164,0.8449481119960164,0.8491597132582909,0.34792886528346545,-0.07316996012216162
1.2330827067669172,0.8441994847438712,0.8441994847438712,0.8487004174923959,0.3489048083501266,-0.07355491725263862
1.2380952380952381,0.8434500168093619,0.8434500168093619,0.8482423991288287,0.3498785632017982,-0.07394064877973411
1.2431077694235588,0.8426997091344309,0.8426997091344309,0.847785651765841,0.3508501396291637,-0.07432715597947553
1.2481203007518795,0.8419485626578618,0.8419485626578618,0.8473301690479811,0.35181954735734383,-0.07471444013481573
1.2531328320802004,0.8411965783152962,0.8411965783152962,0.8468759446656571,0.3527867960464805,-0.07510250253565467
1.2581453634085213,0.8404437570392519,0.8404437570392519,0.8464229723547047,0.35375189529231477,-0.07549134447886063
1.263157894736842,0.8396900997591403,0.8396900997591403,0.84597124589596,0.35471485462675756,-0.07588096726829187
1.2681704260651627,0.8389356074012833,0.8389356074012833,0.8455207591148378,0.3556756835184551,-0.07627137221481876
1.2731829573934836,0.8381802808889297,0.8381802808889297,0.845071505880914,0.35663439137334707,-0.07666256063634609
1.2781954887218046,0.8374241211422738,0.8374241211422738,0.8446234801075132,0.35759098753521923,-0.07705453385783503
1.2832080200501252,0.8366671290784709,0.8366671290784709,0.8441766757513015,0.35854548128625,-0.07744729321132618
1.288220551378446,0.835909305611654,0.835909305611654,0.8437310868118832,0.35949788184755066,-0.0778408400359623
1.2932330827067668,0.8351506516529514,0.8351506516529514,0.8432867073314023,0.3604481983797,-0.07823517567801126
1.2982456140350878,0.8343911681105018,0.8343911681105018,0.8428435313941489,0.36139643998327287,-0.07863030149088983
1.3032581453634084,0.8336308558894719,0.8336308558894719,0.8424015531261705,0.36234261569936305,-0.07902621883518658
1.3082706766917291,0.8328697158920715,0.8328697158920715,0.8419607666948856,0.3632867345101007,-0.0794229290786863
1.31328320802005,0.8321077490175699,0.8321077490175699,0.8415211663087051,0.36422880533916385,-0.07982043359639379
1.318295739348371,0.8313449561623125,0.8313449561623125,0.8410827462166545,0.36516883705228437,-0.08021873377055797
1.3233082706766917,0.8305813382197356,0.8305813382197356,0.8406455007080031,0.36610683845774883,-0.08061783099069675
1.3283208020050123,0.8298168960803824,0.8298168960803824,0.8402094241118958,0.3670428183068935,-0.08101772665362163
1.3333333333333333,0.8290516306319194,0.8290516306319194,0.8397745107969897,0.3679767852945943,-0.08141842216346251
1.3383458646616542,0.8282855427591506,0.8282855427591506,0.8393407551710942,0.3689087480597517,-0.08181991893169331
1.3433583959899749,0.8275186333440335,0.8275186333440335,0.8389081516808163,0.36983871518576955,-0.08222221837715708
1.3483709273182956,0.8267509032656947,0.8267509032656947,0.8384766948112086,0.37076669520103,-0.0826253219260919
1.3533834586466165,0.825982353400444,0.825982353400444,0.8380463790854216,0.3716926965793627,-0.08302923101215691
1.3583959899749374,0.8252129846217905,0.8252129846217905,0.8376171990643606,0.3726167277405087,-0.08343394707645836
1.363408521303258,0.8244427978004566,0.8244427978004566,0.8371891493463457,0.37353879705058013,-0.0838394715675762
1.3684210526315788,0.8236717938043934,0.8236717938043934,0.8367622245667752,0.3744589128225147,-0.08424580594159067
1.3734335839598997,0.822899973498795,0.822899973498795,0.8363364193977938,0.37537708331652514,-0.08465295166210939
1.3784461152882206,0.8221273377461131,0.8221273377461131,0.8359117285479638,0.37629331674054445,-0.08506091020029444
1.3834586466165413,0.821353887406072,0.821353887406072,0.83548814676194,0.3772076212506657,-0.08546968303488983
1.388471177944862,0.820579623335682,0.820579623335682,0.8350656688201484,0.37812000495157816,-0.08587927165224923
1.3934837092731829,0.8198045463892545,0.8198045463892545,0.8346442895384677,0.3790304758969981,-0.08628967754636399
1.3984962406015038,0.8190286574184155,0.8190286574184155,0.8342240037679156,0.3799390420900953,-0.08670090221889125
1.4035087719298245,0.8182519572721201,0.8182519572721201,0.8338048063943374,0.38084571148391533,-0.08711294717918242
1.4085213032581452,0.8174744467966664,0.8174744467966664,0.833386692338098,0.3817504919817971,-0.08752581394431186
1.413533834586466,0.8166961268357088,0.8166961268357088,0.8329696565537786,0.3826533914377862,-0.0879395040391061
1.418546365914787,0.8159169982302723,0.8159169982302723,0.8325536940298748,0.38355441765704434,-0.08835401899617286
1.4235588972431077,0.8151370618187662,0.8151370618187662,0.8321387997884995,0.38445357839625344,-0.08876936035593039
1.4285714285714284,0.8143563184369971,0.8143563184369971,0.8317249688850878,0.3853508813640171,-0.08918552966663769
1.4335839598997493,0.8135747689181826,0.8135747689181826,0.8313121964081066,0.38624633422125665,-0.08960252848442411
1.4385964912280702,0.8127924140929649,0.8127924140929649,0.8309004774787655,0.38713994458160367,-0.09002035837331988
1.443609022556391,0.8120092547894234,0.8120092547894234,0.8304898072507326,0.3880317200117886,-0.09043902090528665
1.4486215538847116,0.8112252918330889,0.8112252918330889,0.8300801809098518,0.3889216680320248,-0.09085851766024804
1.4536340852130325,0.8104405260469554,0.8104405260469554,0.8296715936738641,0.38980979611638955,-0.0912788502261211
1.4586466165413534,0.8096549582514937,0.8096549582514937,0.8292640407921317,0.3906961116932003,-0.09170002019884761
1.463659147869674,0.8088685892646647,0.8088685892646647,0.8288575175453651,0.39158062214538736,-0.09212202918242535
1.4686716791979948,0.8080814199019313,0.8080814199019313,0.8284520192453525,0.3924633348108635,-0.09254487878894038
1.4736842105263157,0.8072934509762715,0.8072934509762715,0.8280475412346926,0.39334425698288855,-0.09296857063859923
1.4786967418546366,0.8065046832981911,0.8065046832981911,0.8276440788865309,0.3942233959104312,-0.09339310635976104
1.4837092731829573,0.8057151176757363,0.8057151176757363,0.8272416276042971,0.3951007587985271,-0.0938184875889705
1.488721804511278,0.8049247549145055,0.8049247549145055,0.8268401828214468,0.3959763528086329,-0.09424471597099095
1.493734335839599,0.8041335958176623,0.8041335958176623,0.8264397400012051,0.3968501850589772,-0.09467179315883746
1.4987468671679198,0.8033416411859471,0.8033416411859471,0.8260402946363133,0.3977222626249075,-0.09509972081381066
1.5037593984962405,0.8025488918176903,0.8025488918176903,0.8256418422487783,0.39859259253923407,-0.09552850060553011
1.5087719298245612,0.8017553485088231,0.8017553485088231,0.8252443783896241,0.3994611817925704,-0.0959581342119691
1.5137844611528821,0.8009610120528905,0.8009610120528905,0.8248478986386459,0.4003280373336699,-0.09638862331948858
1.518796992481203,0.8001658832410625,0.8001658832410625,0.8244523986041685,0.40119316606975947,-0.09681996962287208
1.5238095238095237,0.7993699628621465,0.7993699628621465,0.8240578739228042,0.40205657486686974,-0.09725217482536071
1.5288220551378444,0.7985732517025983,0.7985732517025983,0.8236643202592157,0.40291827055016227,-0.09768524063868847
1.5338345864661653,0.7977757505465348,0.7977757505465348,0.8232717333058804,0.40377825990425276,-0.09811916878311767
1.5388471177944862,0.7969774601757447,0.7969774601757447,0.8228801087828576,0.4046365496735322,-0.0985539609874751
1.543859649122807,0.7961783813697001,0.7961783813697001,0.8224894424375575,0.4054931465624835,-0.09898961898918805
1.5488721804511276,0.7953785149055683,0.7953785149055683,0.822099730044513,0.4063480572359963,-0.09942614453432085
1.5538847117794485,0.7945778615582231,0.7945778615582231,0.8217109674051538,0.40720128831967817,-0.09986353937761155
1.5588972431077694,0.7937764221002556,0.7937764221002556,0.8213231503475833,0.40805284640016204,-0.10030180528250916
1.5639097744360901,0.7929741973019858,0.7929741973019858,0.8209362747263561,0.40890273802541194,-0.10074094402121095
1.5689223057644108,0.7921711879314737,0.7921711879314737,0.8205503364222602,0.40975096970502484,-0.10118095737470024
1.5739348370927317,0.79136739475453,0.79136739475453,0.8201653313420995,0.41059754791052994,-0.10162184713278433
1.5789473684210527,0.7905628185347274,0.7905628185347274,0.8197812554184795,0.4114424790756847,-0.10206361509413284
1.5839598997493733,0.7897574600334114,0.7897574600334114,0.8193981046095945,0.4122857695967683,-0.10250626306631637
1.588972431077694,0.788951320009711,0.788951320009711,0.8190158748990182,0.4131274258328723,-0.10294979286584542
1.593984962406015,0.7881443992205494,0.7881443992205494,0.8186345622954943,0.41396745410618835,-0.10339420631820978
1.5989974937343359,0.7873366984206549,0.7873366984206549,0.8182541628327314,0.41480586070229275,-0.1038395052579178
1.6040100250626566,0.7865282183625714,0.7865282183625714,0.8178746725691994,0.41564265187042915,-0.10428569152853666
1.6090225563909772,0.7857189597966686,0.7857189597966686,0.8174960875879262,0.4164778338237879,-0.1047327669827324
1.6140350877192982,0.7849089234711529,0.7849089234711529,0.8171184039962993,0.41731141273978256,-0.1051807334823106
1.619047619047619,0.7840981101320775,0.7840981101320775,0.8167416179258669,0.4181433947603246,-0.1056295928982571
1.6240601503759398,0.783286520523353,0.783286520523353,0.8163657255321428,0.4189737859920941,-0.10607934711077924
1.6290726817042605,0.7824741553867571,0.7824741553867571,0.8159907229944121,0.4198025925068096,-0.10652999800934755
1.6340852130325814,0.7816610154619453,0.7816610154619453,0.8156166065155394,0.420629820341494,-0.10698154749273754
1.6390977443609023,0.7808471014864609,0.7808471014864609,0.8152433723217781,0.4214554754987383,-0.10743399746907178
1.644110275689223,0.7800324141957446,0.7800324141957446,0.8148710166625838,0.4222795639469632,-0.10788734985586267
1.6491228070175437,0.7792169543231452,0.7792169543231452,0.8144995358104259,0.423102091620678,-0.10834160658005523
1.6541353383458646,0.7784007225999288,0.7784007225999288,0.8141289260606047,0.42392306442073674,-0.10879676957807036
1.6591478696741855,0.7775837197552888,0.7775837197552888,0.8137591837310684,0.42474248821459243,-0.10925284079584839
1.6641604010025062,0.7767659465163566,0.7767659465163566,0.8133903051622318,0.4255603688365485,-0.10970982218889289
1.6691729323308269,0.7759474036082095,0.7759474036082095,0.813022286716798,0.42637671208800826,-0.11016771572231528
1.6741854636591478,0.7751280917538821,0.7751280917538821,0.8126551247795802,0.4271915237377217,-0.11062652337087903
1.6791979949874687,0.7743080116743748,0.7743080116743748,0.8122888157573271,0.4280048095220298,-0.11108624711904506
1.6842105263157894,0.7734871640886639,0.7734871640886639,0.8119233560785484,0.4288165751451074,-0.11154688896101674
1.68922305764411,0.7726655497137106,0.7726655497137106,0.8115587421933429,0.42962682627920284,-0.11200845090078583
1.694235588972431,0.7718431692644705,0.7718431692644705,0.8111949705732279,0.43043556856487586,-0.11247093495217853
1.699248120300752,0.7710200234539034,0.7710200234539034,0.8108320377109706,0.43124280761123335,-0.11293434313890163
1.7042606516290726,0.7701961129929821,0.7701961129929821,0.8104699401204214,0.4320485489961624,-0.11339867749458962
1.7092731829573933,0.7693714385907016,0.7693714385907016,0.8101086743363468,0.4328527982665621,-0.11386394006285176
1.7142857142857142,0.7685460009540883,0.7685460009540883,0.8097482369142676,0.43365556093857216,-0.11433013289731965
1.719298245614035,0.7677198007882094,0.7677198007882094,0.8093886244302946,0.4344568424978001,-0.11479725806169504
1.7243107769423558,0.7668928387961818,0.7668928387961818,0.8090298334809694,0.4352566483995463,-0.11526531762979819
1.7293233082706765,0.7660651156791806,0.7660651156791806,0.8086718606831039,0.4360549840690267,-0.11573431368561653
1.7343358395989974,0.7652366321364484,0.7652366321364484,0.8083147026736237,0.4368518549015936,-0.11620424832335391
1.7393483709273183,0.7644073888653047,0.7644073888653047,0.8079583561094109,0.4376472662629546,-0.11667512364747966
1.744360902255639,0.7635773865611538,0.7635773865611538,0.8076028176671504,0.4384412234893889,-0.11714694177277861
1.7493734335839597,0.7627466259174938,0.7627466259174938,0.8072480840431757,0.4392337318879629,-0.11761970482440162
1.7543859649122806,0.7619151076259253,0.7619151076259253,0.8068941519533179,0.4400247967367424,-0.11809341493791582
1.7593984962406015,0.7610828323761607,0.7610828323761607,0.8065410181327551,0.44081442328500353,-0.11856807425935557
1.7644110275689222,0.7602498008560318,0.7602498008560318,0.8061886793358639,0.44160261675344237,-0.11904368494527427
1.769423558897243,0.7594160137514987,0.7594160137514987,0.8058371323360711,0.44238938233438124,-0.11952024916279591
1.7744360902255638,0.7585814717466586,0.7585814717466586,0.8054863739257083,0.44317472519197454,-0.11999776908966737
1.7794486215538847,0.7577461755237535,0.7577461755237535,0.8051364009158672,0.44395865046241184,-0.1204762469143112
1.7844611528822054,0.7569101257631795,0.7569101257631795,0.8047872101362563,0.4447411632541194,-0.12095568483587828
1.789473684210526,0.7560733231434945,0.7560733231434945,0.8044387984350585,0.4455222686479601,-0.12143608506430173
1.794486215538847,0.7552357683414261,0.7552357683414261,0.8040911626787909,0.44630197169743124,-0.12191744982035083
1.799498746867168,0.7543974620318812,0.7543974620318812,0.8037442997521653,0.4470802774288608,-0.12239978133568472
1.8045112781954886,0.7535584048879521,0.7535584048879521,0.8033982065579505,0.4478571908416018,-0.1228830818529081
1.8095238095238093,0.7527185975809269,0.7527185975809269,0.8030528800168348,0.44863271690822487,-0.12336735362562538
1.8145363408521302,0.7518780407802955,0.7518780407802955,0.8027083170672918,0.4494068605747095,-0.12385259891849718
1.8195488721804511,0.751036735153759,0.751036735153759,0.802364514665445,0.45017962676063306,-0.12433882000729583
1.8245614035087718,0.7501946813672371,0.7501946813672371,0.802021469784936,0.4509510203593583,-0.12482601917896204
1.8295739348370925,0.749351880084876,0.749351880084876,0.8016791794167915,0.4517210462382196,-0.12531419873166177
1.8345864661654134,0.7485083319690562,0.7485083319690562,0.801337640569294,0.45248970923870707,-0.1258033609748437
1.8395989974937343,0.7476640376804009,0.7476640376804009,0.8009968502678525,0.45325701417664904,-0.12629350822929689
1.844611528822055,0.7468189978777828,0.7468189978777828,0.8006568055548731,0.45402296584239327,-0.12678464282720928
1.8496240601503757,0.7459732132183325,0.7459732132183325,0.8003175034896337,0.4547875690009865,-0.1272767671122263
1.8546365914786966,0.7451266843574462,0.7451266843574462,0.7999789411481576,0.45555082839235206,-0.1277698834395099
1.8596491228070176,0.7442794119487925,0.7442794119487925,0.7996411156230889,0.45631274873146643,-0.1282639941757987
1.8646616541353382,0.7434313966443216,0.7434313966443216,0.7993040240235691,0.4570733347085335,-0.12875910169946733
1.869674185463659,0.7425826390942705,0.7425826390942705,0.7989676634751153,0.4578325909891585,-0.12925520840058802
1.8746867167919798,0.7417331399471727,0.7417331399471727,0.7986320311194979,0.45859052221451946,-0.12975231668099077
1.8796992481203008,0.7408828998498647,0.7408828998498647,0.7982971241146217,0.45934713300153696,-0.1302504289543254
1.8847117794486214,0.7400319194474927,0.7400319194474927,0.7979629396344068,0.46010242794304357,-0.13074954764612362
1.8897243107769421,0.7391801993835214,0.7391801993835214,0.7976294748686696,0.46085641160795077,-0.13124967519386116
1.894736842105263,0.7383277402997401,0.7383277402997401,0.7972967270230077,0.46160908854141486,-0.1317508140470213
1.899749373433584,0.7374745428362703,0.7374745428362703,0.7969646933186825,0.4623604632650013,-0.13225296666715805
1.9047619047619047,0.7366206076315736,0.7366206076315736,0.7966333709925055,0.4631105402768477,-0.13275613552796006
1.9097744360902253,0.7357659353224577,0.7357659353224577,0.7963027572967248,0.46385932405182556,-0.13326032311531538
1.9147869674185463,0.7349105265440841,0.7349105265440841,0.7959728494989112,0.4646068190417002,-0.13376553192737675
1.9197994987468672,0.7340543819299754,0.7340543819299754,0.7956436448818479,0.4653530296752896,-0.13427176447462633
1.9248120300751879,0.7331975021120222,0.7331975021120222,0.7953151407434194,0.46609796035862194,-0.13477902327994243
1.9298245614035086,0.7323398877204896,0.7323398877204896,0.7949873343965016,0.46684161547509184,-0.1352873108786659
1.9348370927318295,0.731481539384025,0.731481539384025,0.7946602231688532,0.46758399938561485,-0.13579662981866714
1.9398496240601504,0.7306224577296643,0.7306224577296643,0.7943338044030086,0.468325116428781,-0.13630698266041377
1.944862155388471,0.729762643382839,0.729762643382839,0.7940080754561706,0.46906497092100685,-0.1368183719770388
1.9498746867167918,0.7289020969673835,0.7289020969673835,0.7936830337001047,0.4698035671566864,-0.1373308003544092
1.9548872180451127,0.7280408191055407,0.7280408191055407,0.7933586765210344,0.4705409094083409,-0.13784427039119554
1.9598997493734336,0.7271788104179704,0.7271788104179704,0.7930350013195374,0.4712770019267666,-0.13835878469894114
1.9649122807017543,0.7263160715237542,0.7263160715237542,0.7927120055104422,0.47201184894118214,-0.13887434590213307
1.969924812030075,0.725452603040404,0.725452603040404,0.7923896865227266,0.4727454546593744,-0.1393909566382723
1.9749373433583959,0.724588405583867,0.724588405583867,0.7920680417994158,0.47347782326784293,-0.13990861955794606
1.9799498746867168,0.7237234797685332,0.7237234797685332,0.7917470687974834,0.47420895893194337,-0.14042733732489893
1.9849624060150375,0.7228578262072423,0.7228578262072423,0.7914267649877502,0.47493886579602923,-0.14094711261610599
1.9899749373433582,0.7219914455112888,0.7219914455112888,0.7911071278547877,0.4756675479835936,-0.14146794812184593
1.994987468671679,0.7211243382904298,0.7211243382904298,0.7907881548968184,0.47639500959740827,-0.1419898465457747
2.0,0.7202565051528912,0.7202565051528912,0.7904698436256207,0.47712125471966244,-0.14251281060499954
