z,H_eff_km_s_Mpc,Omega_extra
0.0,70.06221492542505,0.0016783592360108757
0.007537688442211055,70.30226649044576,0.0017165988785786419
0.01507537688442211,70.54510225366174,0.0017554149873340757
0.022613065326633167,70.79072042756967,0.0017948118749917992
0.03015075376884422,71.03911892257592,0.0018347938542664323
0.03768844221105527,71.29029535301586,0.0018753652378725974
0.04522613065326633,71.54424704322021,0.0019165303385249148
0.052763819095477386,71.80097103362225,0.001958293468938004
0.06030150753768844,72.06046408689936,0.0020006589418264885
0.0678391959798995,72.32272269414304,0.0020436310699049865
0.07537688442211055,72.58774308105093,0.0020872141658881222
0.0829145728643216,72.8555212141352,0.0021314125424905144
0.09045226130653267,73.12605280694132,0.002176230512426783
0.09798994974874371,73.39933332627176,0.002221672388411552
0.10552763819095477,73.67535799840864,0.00226774248315944
0.11306532663316582,73.95412181533071,0.0023144451093850696
0.12060301507537688,74.23561954091855,0.0023617845798030606
0.12814070351758794,74.5198457171438,0.0024097652071280334
0.135678391959799,74.806794670237,0.0024583913040746113
0.14321608040201003,75.09646051682938,0.002507667183357412
0.1507537688442211,75.38883717006446,0.00255759715769106
0.15829145728643215,75.68391834567447,0.0026081855397901738
0.1658291457286432,75.98169756801794,0.0026594366423693745
0.17336683417085427,76.28216817607428,0.0027113547781432846
0.18090452261306533,76.5853233293913,0.0027639442598265227
0.18844221105527637,76.89115601398228,0.002817209400133713
0.19597989949748743,77.1996590481691,0.0028711545117794737
0.20351758793969849,77.51082508836777,0.002925783907478426
0.21105527638190955,77.82464663481394,0.002981101899945193
0.2185929648241206,78.14111603722453,0.003037112801894395
0.22613065326633164,78.46022550039349,0.0030938209260406484
0.2336683417085427,78.78196708971852,0.003151230585098581
0.24120603015075376,79.10633273665678,0.0032093460917828084
0.24874371859296482,79.43331424410692,0.003268171758807956
0.2562814070351759,79.76290329171539,0.0033277118988886407
0.2638190954773869,80.09509144110541,0.0033879708247394873
0.271356783919598,80.42987014102629,0.0034489528490751157
0.27889447236180903,80.76723073242194,0.0035106622846101418
0.28643216080402006,81.10716445341677,0.0035731034440591933
0.29396984924623115,81.44966244421767,0.00363628064013689
0.3015075376884422,81.794715751931,0.003700198185557848
0.30904522613065327,82.14231533529357,0.0037648603930366953
0.3165829145728643,82.49245206931637,0.0038302715752880456
0.32412060301507534,82.84511674984063,0.0038964360450265273
0.3316582914572864,83.2003000980053,0.003963358114966753
0.33919597989949746,83.55799276462547,0.004031042097823353
0.34673366834170855,83.91818533448142,0.0040994923063109425
0.3542713567839196,84.28086833051778,0.004168713053144139
0.36180904522613067,84.6460322179528,0.004238708651037574
0.3693467336683417,85.01366740829734,0.004309483412705861
0.37688442211055273,85.38376426328415,0.0043810416508636195
0.3844221105527638,85.75631309870677,0.004453387678225475
0.39195979899497485,86.13130418816884,0.004526525807506046
0.39949748743718594,86.508727766744,0.004600460351419955
0.40703517587939697,86.88857403454637,0.004675195622681822
0.414572864321608,87.27083316021263,0.004750735934006268
0.4221105527638191,87.65549528429567,0.004827085598107916
0.4296482412060301,88.04255052257082,0.004904248927701382
0.4371859296482412,88.4319889692551,0.004982230235501292
0.44472361809045224,88.82380070014015,0.0050610338342222646
0.4522613065326633,89.21797577563989,0.00514066403657892
0.45979899497487436,89.61450424375344,0.0052211251552858814
0.4673366834170854,90.01337614294448,0.005302421503057767
0.4748743718592965,90.4145815049376,0.005384557392609202
0.4824120603015075,90.81811035743304,0.005467537136654803
0.48994974874371855,91.22395272674068,0.005551365047909193
0.49748743718592964,91.6320986403341,0.005636045439086994
0.5050251256281407,92.04253812932623,0.005721582622902824
0.5125628140703518,92.45526123086735,0.005807980912071307
0.5201005025125628,92.87025799046692,0.005895244619307062
0.5276381909547738,93.28751846424005,0.005983378057324709
0.5351758793969849,93.70703272108017,0.0060723855388388715
0.542713567839196,94.12879084475891,0.006162271376564173
0.550251256281407,94.55278293595448,0.006253039883215224
0.5577889447236181,94.9789991142099,0.006344695371506656
0.5653266331658291,95.40742951982217,0.006437242154153088
0.5728643216080401,95.8380643156639,0.006530684543869139
0.5804020100502513,96.27089368893839,0.006625026853369426
0.5879396984924623,96.7059078528699,0.006720273395368577
0.5954773869346733,97.14309704832976,0.0068164284825812166
0.6030150753768844,97.58245154540052,0.00691349642772195
0.6105527638190954,98.02396164487847,0.0070114815435054064
0.6180904522613065,98.46761767971662,0.0071103881426462165
0.6256281407035176,98.91341001640897,0.00721022053785899
0.6331658291457286,99.36132905631769,0.007310983041858345
0.6407035175879396,99.81136523694423,0.007412679967358913
0.6482412060301507,100.26350903314591,0.007515315627075309
0.6557788944723618,100.71775095829898,0.00761889433372215
0.6633165829145728,101.17408156540984,0.007723420400014072
0.6708542713567839,101.63249144817516,0.007828898138665682
0.6783919597989949,102.09297124199273,0.007935331862391598
0.685929648241206,102.55551162492375,0.008042725883906447
0.6934673366834171,103.02010331860816,0.008151084515924863
0.7010050251256281,103.48673708913412,0.008260412071161448
0.7085427135678392,103.95540374786269,0.008370712862330825
0.7160804020100502,104.4260941522094,0.008481991202147625
0.7236180904522613,104.89879920638288,0.008594251403326463
0.7311557788944724,105.37350986208304,0.00870749777858196
0.7386934673366834,105.85021711915887,0.008821734640628739
0.7462311557788944,106.32891202622748,0.008936966302181418
0.7537688442211055,106.8095856812553,0.009053197075954615
0.7613065326633166,107.29222923210274,0.00917043127466296
0.7688442211055276,107.77683387703318,0.00928867321102107
0.7763819095477387,108.26339086518738,0.009407927197743565
0.7839195979899497,108.75189149702449,0.00952819754754506
0.7914572864321607,109.24232712473054,0.009649488573140186
0.7989949748743719,109.73468915259537,0.009771804587243563
0.8065326633165829,110.22896903735904,0.009895149902569808
0.8140703517587939,110.72515828852897,0.010019528831833543
0.821608040201005,111.22324846866803,0.010144945687749388
0.829145728643216,111.72323119365531,0.010271404783031962
0.8366834170854272,112.22509813292004,0.010398910430395892
0.8442211055276382,112.72884100964937,0.010527466942555797
0.8517587939698492,113.23445160097148,0.010657078632226296
0.8592964824120602,113.7419217381143,0.010787749812122006
0.8668341708542713,114.25124330654093,0.010919484794957558
0.8743718592964824,114.76240824606246,0.011052287893447567
0.8819095477386935,115.27540855092911,0.011186163420306655
0.8894472361809045,115.79023626990039,0.011321115688249443
0.8969849246231155,116.30688350629501,0.01145714900999055
0.9045226130653266,116.82534241802117,0.011594267698244594
0.9120603015075377,117.34560521758834,0.011732476065726208
0.9195979899497487,117.86766417210079,0.011871778425150003
0.9271356783919598,118.39151160323365,0.012012179089230603
0.9346733668341708,118.91713988719245,0.012153682370682622
0.9422110552763818,119.44454145465643,0.012296292582220696
0.949748743718593,119.97370879070641,0.012440014036559435
0.957286432160804,120.50463443473791,0.012584851046413463
0.964824120603015,121.0373109803599,0.012730807924497399
0.9723618090452261,121.57173107528003,0.012877888983525865
0.9798994974874371,122.10788742117657,0.013026098536213476
0.9874371859296482,122.6457727735581,0.013175440895274865
0.9949748743718593,123.18537994161083,0.01332592037342465
1.0025125628140703,123.72670178803477,0.013477541283377449
1.0100502512562815,124.26973122886866,0.013630307937847872
1.0175879396984924,124.81446123330463,0.013784224649550562
1.0251256281407035,125.3608848234925,0.013939295731200126
1.0326633165829144,125.90899507433487,0.014095525495511189
1.0402010050251256,126.45878511327302,0.01425291825519837
1.0477386934673367,127.01024812006388,0.01441147832297629
1.0552763819095476,127.56337732654916,0.014571210011559567
1.0628140703517588,128.1181660164163,0.014732117633662828
1.0703517587939697,128.67460752495205,0.014894205502000688
1.0778894472361809,129.23269523878912,0.015057477929287785
1.085427135678392,129.79242259564595,0.015221939228238727
1.092964824120603,130.35378308406018,0.015387593711568122
1.100502512562814,130.9167702431164,0.015554445691990599
1.108040201005025,131.4813776621678,0.015722499482220792
1.1155778894472361,132.04759898055292,0.015891759394973306
1.1231155778894473,132.61542788730705,0.01606222974296279
1.1306532663316582,133.18485812086917,0.01623391483890382
1.1381909547738693,133.75588346878448,0.016406818995511063
1.1457286432160803,134.32849776740247,0.016580946525499102
1.1532663316582914,134.90269490157178,0.01675630174158258
1.1608040201005025,135.4784688043308,0.016932888956476107
1.1683417085427135,136.05581345659547,0.017110712482894315
1.1758793969849246,136.63472288684372,0.01728977663355182
1.1834170854271355,137.215191170797,0.017470085721163237
1.1909547738693467,137.79721243109967,0.017651644058443206
1.1984924623115578,138.38078083699543,0.017834455958106316
1.2060301507537687,138.9658906040021,0.018018525732867205
1.2135678391959799,139.55253599358403,0.018203857695440504
1.2211055276381908,140.1407113128229,0.018390456158540815
1.228643216080402,140.73041091408723,0.01857832543488279
1.236180904522613,141.32162919469997,0.018767469837181028
1.243718592964824,141.91436059660518,0.01895789367815013
1.2512562814070352,142.508599606034,0.019149601270504746
1.258793969849246,143.10434075316917,0.019342596926959485
1.2663316582914572,143.70157861180903,0.019536884960228967
1.2738693467336684,144.30030779903123,0.019732469683027835
1.2814070351758793,144.90052297485573,0.019929355408070677
1.2889447236180904,145.50221884190768,0.020127546448072145
1.2964824120603013,146.10539014507992,0.020327047115746837
1.3040201005025125,146.71003167119602,0.02052786172380937
1.3115577889447236,147.31613824867284,0.02072999458497438
1.3190954773869346,147.9237047471836,0.020933450011956494
1.3266331658291457,148.53272607732129,0.02113823231747033
1.3341708542713566,149.1431971902625,0.021344345814230486
1.3417085427135678,149.75511307743196,0.021551794814951616
1.349246231155779,150.36846877016737,0.021760583632348302
1.3567839195979898,150.98325933938548,0.0219707165791352
1.364321608040201,151.59947989524863,0.02218219796802691
1.371859296482412,152.2171255868324,0.02239503211173806
1.379396984924623,152.83619160179427,0.02260922332298329
1.3869346733668342,153.45667316604326,0.022824775914477204
1.394472361809045,154.07856554341092,0.0230416941989344
1.4020100502512562,154.7018640353234,0.023259982489069533
1.4095477386934672,155.32656398047513,0.0234796450975972
1.4170854271356783,155.9526607545033,0.02370068633723204
1.4246231155778895,156.58014976966447,0.023923110520688684
1.4321608040201004,157.209026474512,0.024146921960681723
1.4396984924623115,157.83928635357577,0.024372124969925794
1.4472361809045227,158.47092492704274,0.024598723861135516
1.4547738693467336,159.1039377504398,0.024826722947025502
1.4623115577889447,159.73832041431783,0.025056126540310388
1.4698492462311556,160.374068543938,0.025286938953704777
1.4773869346733668,161.01117779895932,0.025519164499923322
1.484924623115578,161.64964387312835,0.025752807491680615
1.4924623115577889,162.2894624939708,0.02598787224169128
1.5,162.93062942248483,0.026224363062669932
