z,Omega_TF_z,H_tfgr,q_tfgr,j_tfgr,H_lcdm,q_lcdm,j_lcdm
0.0,0.7,70.00349991250437,-0.5498446259025563,1.0000562850097752,70.0,-0.5497996098072171,1.0
0.005012531328320802,0.7,70.16207059583178,-0.5451041438675619,1.0001254632692376,70.15857859374348,-0.5450588599681695,1.0
0.010025062656641603,0.7,70.32186834314491,-0.5403588149118967,1.0001850847271727,70.31838427659302,-0.5403132663582157,1.0
0.015037593984962405,0.7,70.4828926990859,-0.5356096664290201,1.0001883253077481,70.47941659258294,-0.5355638573020727,1.0
0.020050125313283207,0.7,70.64514314859258,-0.5308571599766636,1.0001915945335975,70.64167502604349,-0.5308110943925094,1.0
0.02506265664160401,0.7,70.8086191176666,-0.5261017538401918,1.0001948921386865,70.80515900236917,-0.5260554359481072,1.0
0.03007518796992481,0.7,70.97331997414622,-0.5213439029087767,1.0001982178301656,70.96986788879168,-0.521297336889472,1.0
0.03508771929824561,0.7,71.13924502848344,-0.5165840585551442,1.000201571336546,71.13580099515717,-0.5165372486187413,1.0
0.040100250626566414,0.7,71.30639353452511,-0.5118226685186065,1.0002049523917715,71.30295757470769,-0.5117756189030412,1.0
0.045112781954887216,0.7,71.47476469029787,-0.507060176792336,1.000208360697966,71.47133682486603,-0.5070128917615621,1.0
0.05012531328320802,0.7,71.64435763879605,-0.5022970235141657,1.0002117959461938,71.64093788802401,-0.502249507356203,1.0
0.05513784461152882,0.7,71.81517146877276,-0.4975336448610903,1.0002152578370476,71.8117598523336,-0.4974859018863008,1.0
0.06015037593984962,0.7,71.98720521553325,-0.492770472947319,1.0002187460849858,71.98380175250053,-0.4927225074866619,1.0
0.06516290726817042,0.7,72.16045786173086,-0.48800793572619805,1.000222260375693,72.15706257058027,-0.4879597521295156,1.0
0.07017543859649122,0.7,72.3349283381645,-0.4832464568961341,1.0002258003836648,72.33154123677578,-0.48319805953032435,1.0
0.07518796992481203,0.7,72.5106155245778,-0.47848645580980964,1.0002293657939172,72.50723663023673,-0.4784378490571255,1.0
0.08020050125313283,0.7,72.68751825045946,-0.47372834738735214,1.0002329562939984,72.68414757986007,-0.47367953564370957,1.0
0.08521303258145363,0.7,72.86563529584444,-0.46897254203306116,1.000236571564742,72.86227286509124,-0.468923529706328,1.0
0.09022556390977443,0.7,73.0449653921158,-0.46421944555607364,1.0002402112645299,73.04161121672628,-0.46417023706439575,1.0
0.09523809523809523,0.7,73.22550722280651,-0.4594694590946168,1.0002438750640912,73.22216131771371,-0.4594200588648355,1.0
0.10025062656641603,0.7,73.40725942440152,-0.4547229790436955,1.0002475626427527,73.40392180395666,-0.4546733915096399,1.0
0.10526315789473684,0.7,73.59022058713913,-0.44998039698668324,1.0002512736627707,73.58689126511456,-0.44993062658750216,1.0
0.11027568922305764,0.7,73.77438925581195,-0.44524209963049943,1.0002550077764196,73.77106824540405,-0.4451921508092507,1.0
0.11528822055137844,0.7,73.95976393056664,-0.44050846874433414,1.0002587646477232,73.95645124439886,-0.44045834594632716,1.0
0.12030075187969924,0.7,74.14634306770247,-0.43577988110177046,1.000262543944612,74.1430387178286,-0.43572958877295065,1.0
0.12531328320802004,0.7,74.33412508046845,-0.43105670842665866,1.000266345312522,74.33082907837588,-0.4310062510121976,1.0
0.13032581453634084,0.7,74.52310833985842,-0.42633931734248376,1.0002701684034343,74.5198206964716,-0.42628869928521906,1.0
0.13533834586466165,0.7,74.71329117540418,-0.42162806932491315,1.0002740128827063,74.71001190108812,-0.4215772950639144,1.0
0.14035087719298245,0.7,74.90467187596623,-0.41692332065796,1.0002778784049768,74.90140098053018,-0.416872394627152,1.0
0.14536340852130325,0.7,75.09724869052192,-0.41222542239351956,1.0002817646114124,75.09398618322305,-0.412174349020073,1.0
0.15037593984962405,0.7,75.29101982895074,-0.407534720314241,1.0002856711527226,75.28776571849806,-0.40748350401734,1.0
0.15538847117794485,0.7,75.48598346281635,-0.40285155489945634,1.0002895976937591,75.48273775737458,-0.4028002000889582,1.0
0.16040100250626566,0.7,75.68213772614558,-0.3981762612945152,1.000293543879638,75.67890043333921,-0.39812477236953203,1.0
0.16541353383458646,0.7,75.87948071620359,-0.3935091692834115,1.0002975093530233,75.87625184312093,-0.393457550631061,1.0
0.17042606516290726,0.7,76.07801049426527,-0.38885060326426835,1.0003014937716448,76.07479004746274,-0.38879885925829116,1.0
0.17543859649122806,0.7,76.27772508638282,-0.3842008822280115,1.0003054967842306,76.27451307188919,-0.3841490172276857,1.0
0.18045112781954886,0.7,76.47862248414884,-0.3795603197401517,1.0003095180502695,76.47541890746959,-0.37950833808896156,1.0
0.18546365914786966,0.7,76.68070064545525,-0.37492922392526906,1.0003135572218944,76.677505511577,-0.37487712994969036,1.0
0.19047619047619047,0.7,76.88395749524744,-0.3703078974548176,1.000317613929365,76.8807708086425,-0.3702556954632774,1.0
0.19548872180451127,0.7,77.08839092627358,-0.36569663753748494,1.0003216878480568,77.08521269090446,-0.3656443318190874,1.0
0.20050125313283207,0.7,77.29399879982908,-0.36109573591206634,1.00032577864094,77.29082901915324,-0.36104333073562167,1.0
0.20551378446115287,0.7,77.50077894649586,-0.3565054788438293,1.0003298859475447,77.4976176234703,-0.3564529784566899,1.0
0.21052631578947367,0.7,77.70872916687611,-0.35192614712287684,1.0003340094318849,77.70557630396227,-0.3518735557499074,1.0
0.21553884711779447,0.7,77.91784723232081,-0.3473580160653842,1.0003381487485976,77.91470283148928,-0.34730533790803675,1.0
0.22055137844611528,0.7,78.12813088565233,-0.34280135551739865,1.000342303565033,78.1249949483878,-0.34274859475252584,1.0
0.22556390977443608,0.7,78.33957784188146,-0.33825642986092175,1.0003464735510679,78.33645036918767,-0.3382035906400065,1.0
0.23057644110275688,0.7,78.55218578891838,-0.3337234980226954,1.0003506583573594,78.54906678132306,-0.3336705844709035,1.0
0.23558897243107768,0.7,78.76595238827748,-0.32920281348523905,1.0003548576491739,78.76284184583741,-0.3291498297004781,1.0
0.24060150375939848,0.7,78.98087527577609,-0.32469462430000806,1.0003590711152377,78.97777319808212,-0.32464157435204977,1.0
0.24561403508771928,0.7,79.19695206222676,-0.3201991731028827,1.0003632984207003,79.19385844840903,-0.3201460610325918,1.0
0.2506265664160401,0.7,79.41418033412323,-0.31571669713210426,1.0003675392200113,79.41109518285619,-0.3156635269505731,1.0
0.2556390977443609,0.7,79.63255765431958,-0.31124742824792395,1.000371793210152,79.62948096382729,-0.3111942039356149,1.0
0.2606516290726817,0.7,79.85208156270294,-0.3067915929542505,1.0003760600707357,79.84901333076424,-0.3067383184605016,1.0
0.2656641604010025,0.7,80.0727495768593,-0.30234941242279334,1.0003803394688953,80.06968980081302,-0.30229609166485705,1.0
0.2706766917293233,0.7,80.2945591927324,-0.2979211025185525,1.00038463109898,80.29150786948273,-0.297867739381001,1.0
0.2756892230576441,0.7,80.5175078852758,-0.2935068738274025,1.000388934648087,80.5144650112975,-0.2934534721614217,1.0
0.2807017543859649,0.7,80.74159310909778,-0.28910693168548673,1.0003932498131634,80.73855868044157,-0.28905349530829394,1.0
0.2857142857142857,0.7,80.96681229909912,-0.28472147621016997,1.0003975762839739,80.96378631139696,-0.2846680089044783,1.0
0.2907268170426065,0.7,81.19316287110377,-0.28035070233294446,1.0004019137424018,81.19014531957424,-0.28029720784610246,1.0
0.2957393483709273,0.7,81.42064222248209,-0.2759947998336403,1.0004062618999607,81.41763310193582,-0.27594128187739775,1.0
0.3007518796992481,0.7,81.64924773276691,-0.2716539533761694,1.000410620470115,81.64624703761187,-0.2716004156260574,1.0
0.3057644110275689,0.7,81.8789767642622,-0.2673283425459603,1.0004149891491871,81.87598448850915,-0.26727478864060505,1.0
0.3107769423558897,0.7,82.10982666264417,-0.2630181418887344,1.0004193676338873,82.10684279991207,-0.26296457542968243,1.0
0.3157894736842105,0.7,82.34179475755496,-0.25872352095056894,1.0004237556489177,82.33881930107636,-0.2586699455015652,1.0
0.3208020050125313,0.7,82.57487836318886,-0.25444464431910874,1.0004281529310752,82.57191130581533,-0.25439106340583073,1.0
0.3258145363408521,0.7,82.8090747788709,-0.2501816716662818,1.0004325591780872,82.80611611307845,-0.25012808877606174,1.0
0.3308270676691729,0.7,83.04438128962784,-0.24593475779231178,1.0004369741026662,83.0414310075223,-0.24588117637341278,1.0
0.3358395989974937,0.7,83.2807951667515,-0.24170405267031758,1.000441397452838,83.27785326007401,-0.24165047613189772,1.0
0.3408521303258145,0.7,83.5183136683546,-0.23748970149235948,1.000445828963025,83.51538012848691,-0.23743613320410362,1.0
0.3458646616541353,0.7,83.7569340399187,-0.2332918447164819,1.0004502683610168,83.75400885788865,-0.23323828800813473,1.0
0.3508771929824561,0.7,83.99665351483468,-0.22911061811466815,1.0004547153692869,83.9937366813216,-0.22905707627590666,1.0
0.3558897243107769,0.7,84.2374693149353,-0.22494615282172725,1.0004591697389087,84.23456082027536,-0.22489262910196128,1.0
0.3609022556390977,0.7,84.47937865102027,-0.22079857538474545,1.0004636312330042,84.47647848521184,-0.220745072992644,1.0
0.3659147869674185,0.7,84.72237872337351,-0.21666800781374285,1.0004680995826356,84.7194868760826,-0.21661452991721541,1.0
0.37092731829573933,0.7,84.96646672227266,-0.21255456763299185,1.000472574530528,84.96358318283819,-0.21250111735903965,1.0
0.37593984962406013,0.7,85.211639828491,-0.2084583679327906,1.0004770558565828,85.2087645859302,-0.20840494836711065,1.0
0.38095238095238093,0.7,85.45789521379156,-0.20437951742193927,1.0004815433284477,85.45502825680522,-0.20432613160913005,1.0
0.38596491228070173,0.7,85.7052300414137,-0.20031812048112352,1.000486036679988,85.70237135839149,-0.20026477142429067,1.0
0.39097744360902253,0.7,85.95364146655189,-0.19627427721669566,1.0004905356845812,85.95079104557762,-0.19622096787727739,1.0
0.39598997493734334,0.7,86.20312663682677,-0.19224808351458367,1.0004950401371115,86.20028446568371,-0.1921948168125739,1.0
0.40100250626566414,0.7,86.45368269274887,-0.18823963109517583,1.0004995497998308,86.4508487589249,-0.18818640990886237,1.0
0.40601503759398494,0.7,86.7053067681745,-0.18424900756849916,1.000504064435373,86.70248105886732,-0.18419583473436152,1.0
0.41102756892230574,0.7,86.95799599075399,-0.1802762964896577,1.0005085838462573,86.95517849287634,-0.18022317480239802,1.0
0.41604010025062654,0.7,87.21174748237257,-0.17632157741443977,1.0005131078292082,87.20893818255742,-0.17626850962708707,1.0
0.42105263157894735,0.7,87.46655835958379,-0.1723849259557121,1.0005176361431458,87.46375724418932,-0.17233191477953147,1.0
0.42606516290726815,0.7,87.72242573403511,-0.16846641383979888,1.0005221686001506,87.71963278914991,-0.16841346194412588,1.0
0.43107769423558895,0.7,87.9793467128864,-0.16456610896270074,1.0005267050124749,87.97656192433456,-0.1645132189752626,1.0
0.43609022556390975,0.7,88.23731839922087,-0.16068407544724594,1.0005312451491808,88.23454175256697,-0.16063124995422717,1.0
0.44110275689223055,0.7,88.49633789244868,-0.15682037369993107,1.0005357888260176,88.49356937300273,-0.15676761524569616,1.0
0.44611528822055135,0.7,88.75640228870316,-0.15297506046768994,1.0005403358753662,88.7536418815257,-0.15292237155514143,1.0
0.45112781954887216,0.7,89.01750868122993,-0.14914818889512782,1.0005448860880708,89.01475637113684,-0.14909557198589563,1.0
0.45614035087719296,0.7,89.27965416076857,-0.14533980858180529,1.0005494392685186,89.27690993233604,-0.14528726609609344,1.0
0.46115288220551376,0.7,89.54283581592729,-0.1415499656391338,1.0005539952543603,89.54009965349664,-0.1414974999558738,1.0
0.46616541353383456,0.7,89.8070507335504,-0.13777870274750947,1.0005585538698967,89.80432262123297,-0.13772631620464304,1.0
0.47117794486215536,0.7,90.07229599907876,-0.1340260592134529,1.0005631149382193,90.06957592076061,-0.1339737541081052,1.0
0.47619047619047616,0.7,90.33856869690315,-0.13029207102652074,1.0005676782785744,90.33585663624987,-0.13023984961506663,1.0
0.48120300751879697,0.7,90.60586591071075,-0.12657677091626895,1.000572243732862,90.60316185117215,-0.12652463541434833,1.0
0.48621553884711777,0.7,90.87418472382471,-0.12288018840873427,1.000576811139178,90.87148864863948,-0.12282814099172157,1.0
0.49122807017543857,0.7,91.14352221953686,-0.11920234988327616,1.0005813803290318,91.14083411173725,-0.11915039268631589,1.0
0.49624060150375937,0.7,91.41387548143365,-0.11554327862872138,1.000585951159437,91.41119532385001,-0.11549141374703631,1.0
0.5012531328320802,0.7,91.68524159371543,-0.111902994899587,1.0005905234733004,91.68256936898075,-0.1118512243886195,1.0
0.506265664160401,0.7,91.95761764150902,-0.10828151597204094,1.0005950970975814,91.95495333206347,-0.10822984184763029,1.0
0.5112781954887218,0.7,92.23100071117372,-0.10467885619963879,1.000599671903631,92.22834429926911,-0.10462728043829661,1.0
0.5162907268170426,0.7,92.50538789060076,-0.10109502706834117,1.0006042477641792,92.50273935830499,-0.1010435516076238,1.0
0.5213032581453634,0.7,92.7807762695065,-0.09753003725195863,1.0006088245087108,92.77813559870785,-0.09747866399057747,1.0
0.5263157894736842,0.7,93.05716293971888,-0.09398389266683915,1.0006134020216648,93.05453011213044,-0.09393262346481046,1.0
0.531328320802005,0.7,93.33454499545799,-0.09045659652600213,1.00061798016038,93.33191999262189,-0.09040543320530736,1.0
0.5363408521303258,0.7,93.61291953360998,-0.08694814939367224,1.0006225587663535,93.61030233690167,-0.0868970937381518,1.0
0.5413533834586466,0.7,93.89228365399516,-0.08345854923860208,1.000627137754118,93.8896742446276,-0.08340760299430194,1.0
0.5463659147869674,0.7,94.17263445962972,-0.0799877914872612,1.0006317169990055,94.17003281865755,-0.07993695636296472,1.0
0.5513784461152882,0.7,94.45396905698166,-0.07653586907709642,1.0006362963276056,94.4513751653053,-0.07648514674438456,1.0
0.556390977443609,0.7,94.7362845562205,-0.07310277250894825,1.000640875652214,94.7336983945902,-0.0730521646025033,1.0
0.5614035087719298,0.7,95.01957807146131,-0.06968848989858323,1.0006454548839532,95.01699962048123,-0.0696379980166485,1.0
0.5664160401002506,0.7,95.30384672100291,-0.06629300702879515,1.000650033871383,95.30127596113506,-0.0662426327334601,1.0
0.5714285714285714,0.7,95.58908762756023,-0.06291630740041787,1.0006546124879365,95.58652453912835,-0.0628660522178166,1.0
0.5764411027568922,0.7,95.875297918491,-0.05955837228292882,1.0006591906455788,95.87274248168455,-0.05950823770350577,1.0
0.581453634085213,0.7,96.16247472601698,-0.056219180764420895,1.0006637682754025,96.15992692089493,-0.05616916824358831,1.0
0.5864661654135338,0.7,96.45061518743961,-0.05289870980135558,1.000668345236637,96.44807499393421,-0.05284882075964603,1.0
0.5914786967418546,0.7,96.73971644535017,-0.04959693426811318,1.0006729213995944,96.73718384327071,-0.049547170091426174,1.0
0.5964912280701754,0.7,97.02977564783453,-0.04631382700519737,1.0006774966966965,97.02725061687104,-0.046264189045200244,1.0
0.6015037593984962,0.7,97.32078994867278,-0.043049358867433996,1.000682071050334,97.31827246839973,-0.04299984844187532,1.0
0.606516290726817,0.7,97.6127565075335,-0.03980349877158251,1.0006866443569138,97.61024655741335,-0.03975411716478916,1.0
0.6115288220551378,0.7,97.90567249016293,-0.036576213743567676,1.0006912165039277,97.90317004954971,-0.0365269622067349,1.0
0.6165413533834586,0.7,98.19953506856899,-0.03336746896490217,1.0006957874072615,98.19704011671183,-0.03331834871635697,1.0
0.6215538847117794,0.7,98.49434142120046,-0.030177227818594554,1.00070035698635,98.49185393724703,-0.030128240044121624,1.0
0.6265664160401002,0.7,98.79008873312101,-0.027005451934625113,1.0007049251727165,98.78760869612101,-0.026956597787975545,1.0
0.631578947368421,0.7,99.08677419617871,-0.023852101234687284,1.0007094918606558,99.08430158508716,-0.02380338183796815,1.0
0.6365914786967418,0.7,99.38439500917036,-0.020717133976844937,1.0007140569744917,99.38192980285102,-0.02066855042064386,1.0
0.6416040100250626,0.7,99.68294837800143,-0.017600506798724602,1.000718620464044,99.68049055523001,-0.017552060142773662,1.0
0.6466165413533834,0.7,99.98243151584126,-0.014502174761067077,1.0007231822163907,99.9799810553087,-0.014453866034370155,1.0
0.6516290726817042,0.7,100.28284164327364,-0.011422091390311473,1.0007277421685943,100.28039852358933,-0.011373921591483316,1.0
0.656641604010025,0.7,100.58417598844304,-0.008360208720305629,1.0007323002549555,100.58174018813794,-0.008312178818301486,1.0
0.6616541353383458,0.7,100.8864317871963,-0.0053164773340599325,1.0007368564133903,100.88400328472602,-0.005268588268126373,1.0
0.6666666666666666,0.7,101.18960628322003,-0.002290846404257585,1.0007414105717372,101.18718505696798,-0.0022430990845174748,1.0
0.6716791979949874,0.7,101.49369672817386,0.0007167362660693843,1.0007459626398882,101.49128275645414,0.000764340958245846,1.0
0.6766917293233082,0.7,101.7987003818191,0.003706324204150624,1.000750512592343,101.79629364287965,0.003753785415888,1.0
0.681704260651629,0.7,102.10461451214393,0.006677972228460893,1.0007550603466087,102.10221498416924,0.006725289134855705,1.0
0.6867167919799498,0.7,102.4114363954838,0.009631736409766,1.0007596058367993,102.40904405659796,0.009678908213748505,1.0
0.6917293233082706,0.7,102.71916331663837,0.012567674033717946,1.0007641490279364,102.71677814490789,0.012614699965404874,1.0
0.6967418546365914,0.7,103.02779256898435,0.01548584356314664,1.000768689835082,103.02541454242088,0.015532722879585403,1.0
0.7017543859649122,0.7,103.3373214545844,0.018386304601341052,1.0007732282251995,103.33495055114754,0.018433036586221085,1.0
0.706766917293233,0.7,103.64774728429238,0.0212691178561073,1.000777764157357,103.64538348189241,0.021315701819321742,1.0
0.7117794486215538,0.7,103.9590673778549,0.02413434510385204,1.0007822975380871,103.95671065435543,0.024180780381060085,1.0
0.7167919799498746,0.7,104.27127906400906,0.026982049154538057,1.000786828315658,104.26892939722961,0.027028335106937584,1.0
0.7218045112781954,0.7,104.58437968057676,0.02981229381747519,1.0007913564991628,104.5820370482954,0.02985842983151321,1.0
0.7268170426065163,0.7,104.89836657455541,0.032625143867530015,1.000795882023794,104.89603095451135,0.03267112935413641,1.0
0.731829573934837,0.7,105.21323710220531,0.03542066501127206,1.000800404800496,105.21090847210128,0.03546649940587154,1.0
0.7368421052631579,0.7,105.52898862913344,0.03819892385461854,1.0008049248199826,105.52666696663823,0.03824460661669393,1.0
0.7418546365914787,0.7,105.84561853037405,0.04095998787071253,1.00080944205031,105.84330381312493,0.041005518483308245,1.0
0.7468671679197995,0.7,106.16312419046608,0.04370392536809686,1.0008139564275953,106.16081639607113,0.04374930333759264,1.0
0.7518796992481203,0.7,106.48150300352717,0.046430805459661384,1.000818467894646,106.47920210956768,0.04647603031545744,1.0
0.7568922305764411,0.7,106.80075237332464,0.049140698032152486,1.00082297644582,106.79845835735742,0.04918576932626406,1.0
0.7619047619047619,0.7,107.12086971334348,0.05183367371648018,1.0008274820638705,107.11858255290305,0.05187859102307524,1.0
0.7669172932330827,0.7,107.44185244685119,0.054509803857959005,1.0008319846869886,107.43957211945208,0.05455456677310444,1.0
0.7719298245614035,0.7,107.76369800695974,0.057169160487519965,1.0008364842561113,107.76142449009859,0.05721376862872085,1.0
0.7769423558897243,0.7,108.08640383668457,0.05981181629330212,1.0008409807533731,108.08413710784232,0.059856269299429776,1.0
0.7819548872180451,0.7,108.40996738900074,0.06243784459315305,1.0008454741830661,108.4077074256448,0.062482142123895246,1.0
0.7869674185463659,0.7,108.73438612689657,0.06504731930717012,1.0008499644787308,108.73213290648278,0.06509146104269359,1.0
0.7919799498746867,0.7,109.05965752342408,0.06764031493073208,1.0008544516072027,109.05741102339883,0.06768430057140407,1.0
0.7969924812030075,0.7,109.38577906174717,0.07021690650867285,1.0008589355631035,109.38353925954932,0.07026073577457725,1.0
0.8020050125313283,0.7,109.71274823518701,0.07277716960931024,1.0008634163041745,109.7105151082499,0.07282084224020968,1.0
0.8070175438596491,0.7,110.04056254726486,0.07532118029928303,1.0008678938218343,110.03833607301824,0.07536469605404794,1.0
0.8120300751879699,0.7,110.36921951174247,0.07784901511898679,1.0008723680620562,110.36699966761441,0.07789237377517289,1.0
0.8170426065162907,0.7,110.69871665266005,0.08036075105797225,1.0008768389974316,110.69650341607866,0.08040395241188025,1.0
0.8220551378446115,0.7,111.02905150437155,0.08285646553177717,1.000881306658562,111.026844852767,0.08289950939782331,1.0
0.8270676691729323,0.7,111.36022161157818,0.08533623635847265,1.000885770986153,111.35802152238429,0.08537912256889246,1.0
0.8320802005012531,0.7,111.69222452935897,0.0878001417356511,1.0008902319438358,111.69003098001514,0.08784287014026249,1.0
0.8370927318295739,0.7,112.02505782319956,0.09024826021855792,1.0008946895193827,112.02287079115231,0.09029083068437882,1.0
0.8421052631578947,0.7,112.35871906901859,0.09268067069802965,1.0008991437096721,112.35653853172337,0.09272308310919297,1.0
0.8471177944862155,0.7,112.69320585319198,0.09509745237948075,1.0009035945174438,112.69103178811483,0.09513970663658577,1.0
0.8521303258145363,0.7,113.02851577257522,0.0974986847617465,1.0009080418720038,113.02634815719425,0.09754078078157158,1.0
0.8571428571428571,0.7,113.36464643452337,0.09988444761655635,1.0009124857588332,113.36248524633045,0.09992638533212728,1.0
0.8621553884711779,0.7,113.70159545690926,0.10225482096898508,1.0009169262144308,113.6994406734116,0.10229660032911214,1.0
0.8671679197994987,0.7,114.03936046813975,0.1046098850777819,1.0009213632049159,114.03721206686139,0.10465150604644724,1.0
0.8721804511278195,0.7,114.37793910716996,0.10694972041604633,1.0009257966814316,114.37579706565319,0.10699118297242172,1.0
0.8771929824561403,0.7,114.71732902351563,0.10927440765272833,1.0009302266490285,114.71519331932255,0.10931571179089428,1.0
0.8822055137844611,0.7,115.05752787726377,0.11158402763452746,1.0009346531084922,115.05539848797764,0.11162517336304667,1.0
0.8872180451127819,0.7,115.39853333908144,0.11387866136792235,1.0009390760373678,115.39641024230818,0.1139196487097418,1.0
0.8922305764411027,0.7,115.7403430902229,0.11615839000180261,1.0009434954332077,115.7382262635924,0.11619921899377128,1.0
0.8972431077694235,0.7,116.0829548225349,0.11842329481054903,1.000947911268614,116.08084424370233,0.11846396550311611,1.0
0.9022556390977443,0.7,116.42636623846047,0.12067345717723454,1.0009523235308966,116.42426188510764,0.12071396963444747,1.0
0.9072681704260651,0.7,116.77057505104102,0.12290895857771345,1.0009567322405204,116.76847690087767,0.12294931287679978,1.0
0.9122807017543859,0.7,117.1155789839169,0.12512988056470098,1.0009611373627838,117.11348701468195,0.12517007679568337,1.0
0.9172932330827067,0.7,117.46137577132643,0.12733630475217117,1.0009655388781606,117.45928996078918,0.12737634301769307,1.0
0.9223057644110275,0.7,117.80796315810333,0.12952831280057087,1.00096993682648,117.8058834840647,0.12956819321578172,1.0
0.9273182957393483,0.7,118.15533889967294,0.13170598640219455,1.000974331192271,118.15326533996667,0.13174570909425265,1.0
0.9323308270676691,0.7,118.50350076204684,0.13386940726653562,1.0009787219037676,118.50143329454053,0.13390897237435007,1.0
0.9373433583959899,0.7,118.85244652181598,0.13601865710638883,1.0009831089871652,118.85038512441231,0.13605806478065952,1.0
0.9423558897243107,0.7,119.20217396614268,0.1381538176247179,1.0009874924891409,119.20011861678051,0.13819306802750275,1.0
0.9473684210526315,0.7,119.55268089275137,0.1402749705010513,1.0009918723698978,119.55063156940678,0.14031406380539657,1.0
0.9523809523809523,0.7,119.90396510991773,0.14238219737849245,1.0009962485967068,119.90192179060504,0.14242113376844934,1.0
0.9573934837092731,0.7,120.25602443645695,0.14447557985128268,1.001000621188533,120.25398709922983,0.14451435952147995,1.0
0.9624060150375939,0.7,120.60885670171044,0.14655519945270767,1.0010049901632707,120.60682532466281,0.1465938226080774,1.0
0.9674185463659147,0.7,120.96245974553176,0.1486211376430442,1.0010093555019453,120.96043430679882,0.14865960449881377,1.0
0.9724310776942355,0.7,121.31683141827102,0.150673475797932,1.001013717183561,121.3148118960302,0.15071178657923445,1.0
0.9774436090225563,0.7,121.67196958075846,0.15271229519713603,1.0010180752151006,121.66995595323036,0.1527504501387995,1.0
0.9824561403508771,0.7,122.0278721042867,0.15473767701369479,1.0010224296161216,122.02586434973593,0.1547756763600343,1.0
0.9874686716791979,0.7,122.38453687059223,0.1567497023032156,1.0010267803744055,122.38253496732837,0.15678754630779657,1.0
0.9924812030075187,0.7,122.74196177183562,0.1587484519934017,1.0010311274718728,122.73996569821404,0.1587861409188649,1.0
0.9974937343358395,0.7,123.10014471058089,0.1607340068740728,1.0010354709180573,123.09815444500359,0.16077154099193258,1.0
1.0025062656641603,0.7,123.45908359977383,0.16270644758744135,1.0010398107376055,123.45709912069027,0.16274382717785563,1.0
1.007518796992481,0.7,123.81877636271953,0.16466585461863903,1.0010441469221112,123.81679764862744,0.16470307997009148,1.0
1.012531328320802,0.7,124.17922093305884,0.16661230828631224,1.0010484794537378,124.17724796250496,0.16664937969547666,1.0
1.0175438596491229,0.7,124.54041525474402,0.16854588873381937,1.0010528083180041,124.53844800632484,0.16858280650551216,1.0
1.0225563909774436,0.7,124.90235728201353,0.1704666759204292,1.0010571335399807,124.9003957343761,0.1705034403672374,1.0
1.0275689223057642,0.7,125.26504497936608,0.17237474961322863,1.0010614551346668,125.26308911120867,0.17241136105532306,1.0
1.0325814536340852,0.7,125.62847632153381,0.17427018937858985,1.001065773103009,125.62652611160661,0.17430664814365127,1.0
1.037593984962406,0.7,125.99264929345453,0.17615307457457186,1.0010700874470992,125.99070472056036,0.17618938099742842,1.0
1.0426065162907268,0.7,126.35756189024372,0.17802348434296067,1.001074398108405,126.35562293323859,0.1780596387654627,1.0
1.0476190476190474,0.7,126.72321211716508,0.17988149760186123,1.0010787051763583,126.72127875495895,0.17991750037290322,1.0
1.0526315789473684,0.7,127.08959798960099,0.18172719303924234,1.00108300867326,127.08767020115836,0.18176304451425795,1.0
1.0576441102756893,0.7,127.45671753302217,0.1835606491049342,1.001087308455891,127.4547952973626,0.1835963496458355,1.0
1.06265664160401,0.7,127.82456878295622,0.18538194400416952,1.001091604631727,127.82265207915499,0.18541749397937468,1.0
1.0676691729323307,0.7,128.19314978495623,0.18719115569206424,1.0010958972492399,128.19123859214494,0.18722655547596956,1.0
1.0726817042606516,0.7,128.5624585945684,0.18898836186607748,1.001100186231047,128.56055289193537,0.18902361183911975,1.0
1.0776942355889725,0.7,128.93249327729885,0.19077363996061725,1.0011044716067936,128.93059304408985,0.19080874050924623,1.0
1.0827067669172932,0.7,129.30325190858048,0.1925470671410523,1.0011087533707652,129.30135712409913,0.19258201865715097,1.0
1.0877192982456139,0.7,129.67473257373868,0.19430872029804425,1.0011130315770025,129.67284321734695,0.19434352317902492,1.0
1.0927318295739348,0.7,130.04693336795688,0.19605867604242677,1.0011173062102348,130.0450494190756,0.19609333069112278,1.0
1.0977443609022557,0.7,130.41985239624148,0.19779701069931277,1.0011215772071402,130.41797383435082,0.19783151752372552,1.0
1.1027568922305764,0.7,130.7934877733861,0.1995238003034765,1.0011258446463254,130.79161457802599,0.19955815971655433,1.0
1.107769423558897,0.7,131.16783762393575,0.20123912059474902,1.0011301085405069,131.16596977470633,0.20127333301437145,1.0
1.112781954887218,0.7,131.5429000821504,0.2029430470127762,1.0011343688479473,131.54103755871245,0.2029771128616531,1.0
1.117794486215539,0.7,131.91867329196765,0.20463565469284406,1.001138625615466,131.91681607404303,0.20466957439812372,1.0
1.1228070175438596,0.7,132.2951554069659,0.20631701846167316,1.0011428788256624,132.29330347433788,0.20635079245502053,1.0
1.1278195488721803,0.7,132.67234459032633,0.20798721283286836,1.0011471285097797,132.67049792283998,0.2080208415502509,1.0
1.1328320802005012,0.7,133.05023901479476,0.20964631200359518,1.0011513746768859,133.0483975923574,0.2096797958850718,1.0
1.137844611528822,0.7,133.42883686264335,0.21129438985002413,1.001155617247045,133.42700066522477,0.21132772933976973,1.0
1.1428571428571428,0.7,133.80813632563147,0.21293151992403048,1.0011598563346853,133.8063053332644,0.21296471547006823,1.0
1.1478696741854635,0.7,134.18813560496685,0.21455777545028765,1.0011640919559115,134.18630979774716,0.21459082750434222,1.0
1.1528822055137844,0.7,134.56883291126599,0.21617322932189875,1.0011683240244031,134.56701226935309,0.21620613833939428,1.0
1.1578947368421053,0.7,134.95022646451412,0.21777795409779221,1.0011725525876385,134.94841096813124,0.21781072053770822,1.0
1.162907268170426,0.7,135.3323144940255,0.21937202199975148,1.0011767776894274,135.33050412346,0.21940464632436174,1.0
1.1679197994987467,0.7,135.7150952384028,0.22095550490945914,1.0011809993501355,135.7132899740064,0.22098798758427818,1.0
1.1729323308270676,0.7,136.09856694549669,0.22252847436572187,1.0011852174919678,136.09676676768572,0.22256081585945164,1.0
1.1779448621553885,0.7,136.4827278723647,0.2240910015614508,1.001189432145307,136.4809327616204,0.2241232023459283,1.0
1.1829573934837092,0.7,136.86757628523026,0.2256431573421187,1.0011936434198812,136.8657862220991,0.22567521789180045,1.0
1.18796992481203,0.7,137.2531104594416,0.22718501220286114,1.0011978512035165,137.25132542453522,0.22721693299509638,1.0
1.1929824561403508,0.7,137.6393286794298,0.22871663628581373,1.0012020555217744,137.63754865342563,0.22874841780087962,1.0
1.1979949874686717,0.7,138.02622923866733,0.2302380993791271,1.0012062564860247,138.02445420230845,0.23026974209954854,1.0
1.2030075187969924,0.7,138.41381043962613,0.23174947091429932,1.00121045400304,138.41204037372165,0.23178097532523623,1.0
1.208020050125313,0.7,138.80207059373552,0.2332508199641128,1.0012146481200683,138.80030547916076,0.23328218655302813,1.0
1.213032581453634,0.7,139.19100802133985,0.23474221524178218,1.0012188388588186,139.1892478390364,0.2347734444982843,1.0
1.218045112781955,0.7,139.5806210516563,0.23622372509835432,1.0012230261404254,139.57886578263228,0.23625481751438748,1.0
1.2230576441102756,0.7,139.970908022732,0.23769541752175227,1.0012272100648592,139.96915764806224,0.23772637359123805,1.0
1.2280701754385963,0.7,140.3618672814019,0.23915736013565492,1.0012313906610117,140.36012178222802,0.2391881803545699,1.0
1.2330827067669172,0.7,140.75349718324557,0.24060962019761845,1.0012355678971,140.75175654077617,0.2406403050635535,1.0
1.2380952380952381,0.7,141.14579609254443,0.24205226459821927,1.0012397417752859,141.1440602880551,0.24208281461066128,1.0
1.2431077694235588,0.7,141.5387623822389,0.24348535985980346,1.00124391227966,141.53703139707252,0.243515775519898,1.0
1.2481203007518795,0.7,141.93239443388515,0.2449089721355946,1.0012480794796113,141.9306682494518,0.24493925394614302,1.0
1.2531328320802004,0.7,142.32669063761207,0.24632316720909664,1.0012522433945257,142.32496923538937,0.24635331567449215,1.0
1.2581453634085213,0.7,142.7216493920781,0.24772801049278081,1.001256403947626,142.7199327536111,0.2477580261184329,1.0
1.263157894736842,0.7,143.1172691044277,0.24912356702747362,1.0012605612061223,143.11555721132896,0.2491534503203825,1.0
1.2681704260651627,0.7,143.5135481902484,0.2505099014822898,1.0012647152088643,143.51184102419825,0.25053965295075775,1.0
1.2731829573934836,0.7,143.9104850735272,0.2518870781534195,1.0012688659139637,143.90878261627364,0.25191669830676444,1.0
1.2781954887218046,0.7,144.30807818660713,0.25325516096400635,1.001273013350299,144.3063804199659,0.2532846503126802,1.0
1.2832080200501252,0.7,144.70632597014398,0.254614213463767,1.001277157528662,144.7046328759987,0.25464357251924374,1.0
1.288220551378446,0.7,145.10522687306272,0.2559642988286357,1.0012812985021147,145.10353843336492,0.25599352810324194,1.0
1.2932330827067668,0.7,145.5047793525142,0.25730547986080454,1.0012854362323524,145.50309554928322,0.2573345798676996,1.0
1.2982456140350878,0.7,145.9049818738315,0.2586378189879308,1.0012895706493234,145.90330268915469,0.2586667902411388,1.0
1.3032581453634084,0.7,146.3058329104865,0.259961378263595,1.0012937019110775,146.30415832651914,0.25999022127795635,1.0
1.3082706766917291,0.7,146.7073309440465,0.2612762193677787,1.0012978300020086,146.70566094301196,0.26130493465847104,1.0
1.31328320802005,0.7,147.10947446413098,0.2625824036057014,1.0013019548581341,147.10780902832047,0.26261099168862234,1.0
1.318295739348371,0.7,147.51226196836762,0.26387999190899536,1.0013060765703932,147.51060108014042,0.26390845330054313,1.0
1.3233082706766917,0.7,147.9156919623496,0.26516904483554615,1.0013101950654062,147.91403560413292,0.2651973800524601,1.0
1.3283208020050123,0.7,148.31976295959174,0.2664496225694133,1.0013143104264317,148.31811111388078,0.2664778321289858,1.0
1.3333333333333333,0.7,148.72447348148745,0.2677217849221867,1.0013184226881156,148.72282613084542,0.2677498693417897,1.0
1.3383458646616542,0.7,149.1298220572655,0.26898559133212907,1.0013225317194028,149.12817918432341,0.26901355112946024,1.0
1.3433583959899749,0.7,149.53580722394656,0.2702411008651606,1.001326637615143,149.53416881140348,0.27026893655828266,1.0
1.3483709273182956,0.7,149.94242752630038,0.2714883722157926,1.0013307404768885,149.94079355692313,0.27151608432260965,1.0
1.3533834586466165,0.7,150.34968151680252,0.27272746370727097,1.0013348402239772,150.3480519734258,0.27275505274585843,1.0
1.3583959899749374,0.7,150.75756775559145,0.27395843329181524,1.0013389368254895,150.75594262111773,0.2739858997803528,1.0
1.363408521303258,0.7,151.16608481042545,0.2751813385518629,1.0013430303678599,151.16446406782492,0.27520868300836643,1.0
1.3684210526315788,0.7,151.57523125664002,0.27639623670068736,1.0013471208809168,151.57361488895057,0.2764234596430586,1.0
1.3734335839598997,0.7,151.98500567710488,0.2776031845829978,1.0013512083169993,151.98339366743198,0.277630286528987,1.0
1.3784461152882206,0.7,152.39540666218147,0.2788022386755671,1.0013552926375486,152.39379899369808,0.27882922014282197,1.0
1.3834586466165413,0.7,152.80643280968008,0.27999345508829165,1.001359373948925,152.80482946562674,0.28002031659415194,1.0
1.388471177944862,0.7,153.21808272481775,0.28117688956547693,1.0013634522685153,153.2164836885023,0.2812036316268556,1.0
1.3934837092731829,0.7,153.63035502017567,0.28235259748598995,1.0013675275637866,153.62876027497327,0.2823792206196507,1.0
1.3984962406015038,0.7,154.0432483156568,0.2835206338648011,1.00137159985549,154.0416578450099,0.28354713858695746,1.0
1.4035087719298245,0.7,154.456761238444,0.284681053353645,1.0013756691170896,154.45517502586208,0.2847074401801277,1.0
1.4085213032581452,0.7,154.8708924229577,0.2858339102422207,1.0013797354252558,154.86931045201737,0.28586017968833066,1.0
1.413533834586466,0.7,155.28564051081412,0.28697925845955274,1.001383798799638,155.28406276515884,0.28700541104003396,1.0
1.418546365914787,0.7,155.70100415078335,0.28811715157459084,1.0013878591824825,155.6994306141235,0.28814318780376746,1.0
1.4235588972431077,0.7,156.1169819987478,0.289247642797563,1.0013919165833975,156.1154126548604,0.2892735631889436,1.0
1.4285714285714284,0.7,156.5335727176605,0.290370784981242,1.0013959710488385,156.5320075503892,0.29039659004774676,1.0
1.4335839598997493,0.7,156.95077497750367,0.29148663062223323,1.0014000226228565,156.94921397075868,0.2915123208761077,1.0
1.4385964912280702,0.7,157.3685874552475,0.29259523186213854,1.0014040713013264,157.36703059300532,0.292620807814985,1.0
1.443609022556391,0.7,157.78700883480903,0.29369664048871735,1.0014081170411744,157.78545610111252,0.29372210265115606,1.0
1.4486215538847116,0.7,158.206037807011,0.2947909079371487,1.0014121598863581,158.204489185969,0.29481625681904844,1.0
1.4536340852130325,0.7,158.625673069541,0.29587808529176507,1.001416199896779,158.6241285453285,0.295903321402329,1.0
1.4586466165413534,0.7,159.0459133269108,0.2969582232870698,1.0014202369982226,159.04437288376857,0.296983347134389,1.0
1.463659147869674,0.7,159.46675729041576,0.29803137230891297,1.0014242712129113,159.4652209126503,0.29805638440019666,1.0
1.4686716791979948,0.7,159.88820367809421,0.2990975823965034,1.001428302629771,159.88667135007762,0.2991224832381958,1.0
1.4736842105263157,0.7,160.31025121468758,0.3001569032435014,1.0014323311931186,160.30872292085743,0.3001816933408934,1.0
1.4786967418546366,0.7,160.7328986315997,0.3012093841992194,1.0014363569338067,160.73137435645882,0.30123406405659625,1.0
1.4837092731829573,0.7,161.15614466685736,0.30225507427070153,1.0014403798770974,161.15462439497372,0.302279644391348,1.0
1.488721804511278,0.7,161.5799880650702,0.30329402212358514,1.0014443999970148,161.5784717810768,0.3033184830096822,1.0
1.493734335839599,0.7,162.00442757739114,0.3043262760840415,1.001448417346533,162.00291526598576,0.3043506282368129,1.0
1.4987468671679198,0.7,162.42946196147685,0.30535188414019676,1.001452431901007,162.42795360742207,0.30537612805955305,1.0
1.5037593984962405,0.7,162.85508998144846,0.30637089394347927,1.0014564436663629,162.85358556957127,0.30639503012816793,1.0
1.5087719298245612,0.7,163.28131040785246,0.30738335281051277,1.0014604526922595,163.27980992304424,0.3074073817582943,1.0
1.5137844611528821,0.7,163.70812201762155,0.308389307724545,1.0014644589985575,163.70662544483795,0.30841322993192244,1.0
1.518796992481203,0.7,164.13552359403602,0.3093888053370786,1.0014684625314496,164.13403091829665,0.30941262129911395,1.0
1.5238095238095237,0.7,164.5635139266849,0.3103818919691561,1.001472463335309,164.5620251330732,0.3104056021797872,1.0
1.5288220551378444,0.7,164.99209181142763,0.31136861361370793,1.0014764614821503,164.99060688509078,0.3113922185656206,1.0
1.5338345864661653,0.7,165.4212560503558,0.3123490159365734,1.0014804569076712,165.41977497650444,0.31237251612118566,1.0
1.5388471177944862,0.7,165.8510054517548,0.31332314427823027,1.0014844495911457,165.84952821566299,0.31334654018556285,1.0
1.543859649122807,0.7,166.28133883006595,0.31429104365555505,1.001488439644938,166.27986541707085,0.3143143357743854,1.0
1.5488721804511276,0.7,166.71225500584902,0.31525275876392556,1.0014924270265486,166.7107854013508,0.31527594758138333,1.0
1.5538847117794485,0.7,167.1437528057442,0.3162083339778603,1.00149641171011,167.14228699520578,0.3162314199799692,1.0
1.5588972431077694,0.7,167.57583106243493,0.31715781335383,1.0015003937718385,167.57436903138182,0.3171807970251037,1.0
1.5639097744360901,0.7,168.0084886146106,0.31810124063124023,1.0015043731892712,168.00703034863076,0.3181241224548368,1.0
1.5689223057644108,0.7,168.44172430692956,0.31903865923447805,1.0015083500251132,168.44026979167322,0.3190614396920193,1.0
1.5739348370927317,0.7,168.87553698998218,0.319970112274629,1.0015123242698942,168.8740862111616,0.31999279184629925,1.0
1.5789473684210527,0.7,169.30992552025424,0.32089564255092284,1.0015162957966193,169.3084784636435,0.3209182217153461,1.0
1.5839598997493733,0.7,169.74488876009028,0.32181529255229413,1.0015202647154964,169.74344541152513,0.3218377717869101,1.0
1.588972431077694,0.7,170.18042557765745,0.3227291044602232,1.001524231191542,170.17898592303516,0.32275148424072064,1.0
1.593984962406015,0.7,170.6165348469093,0.32363712014958335,1.0015281950833375,170.61509887218838,0.32365940095000134,1.0
1.5989974937343359,0.7,171.05321544754992,0.3245393811901027,1.0015321563130772,171.0517831387499,0.3245615634829859,1.0
1.6040100250626566,0.7,171.4904662649979,0.32543592884866324,1.0015361150391633,171.48903760819925,0.32545801310532685,1.0
1.6090225563909772,0.7,171.9282861903512,0.3263268040914282,1.0015400712838314,171.92686117169507,0.32634879078128565,1.0
1.6140350877192982,0.7,172.3666741203515,0.3272120475847069,1.0015440249308956,172.36525272603942,0.32723393717564697,1.0
1.619047619047619,0.7,172.80562895734886,0.32809169969709284,1.0015479760409187,172.80421117364276,0.32811349265563505,1.0
1.6240601503759398,0.7,173.24514960926703,0.32896580050154345,1.001551924693813,173.24373542248887,0.32898749729222265,1.0
1.6290726817042605,0.7,173.68523498956847,0.3298343897769134,1.0015558708733068,173.68382438609999,0.3298559908627692,1.0
1.6340852130325814,0.7,174.12588401721982,0.3306975070095983,1.0015598145233269,174.1244769835025,0.3307190128522193,1.0
1.6390977443609023,0.7,174.56709561665718,0.3315551913952921,1.0015637556770838,174.56569213919192,0.33157660245453324,1.0
1.644110275689223,0.7,175.0088687177522,0.3324074818411251,1.0015676944004166,175.00746878309914,0.33242879857510155,1.0
1.6491228070175437,0.7,175.45120225577787,0.3332544169672025,1.0015716306903424,175.4498058505562,0.33327563983244524,1.0
1.6541353383458646,0.7,175.89409517137463,0.33409603510836017,1.001575564561139,175.8927022822624,0.33411716455981,1.0
1.6591478696741855,0.7,176.33754641051672,0.33493237431603173,1.0015794959132898,176.33615702425055,0.3349534108065928,1.0
1.6641604010025062,0.7,176.78155492447866,0.3357634723595093,1.001583424838237,176.7801690278535,0.335784416340813,1.0
1.6691729323308269,0.7,177.22611966980188,0.33658936672896456,1.0015873514468845,177.22473724967102,0.3366102186508657,1.0
1.6741854636591478,0.7,177.67123960826194,0.3374100946360461,1.0015912756045795,177.6698606515366,0.3374308549464011,1.0
1.6791979949874687,0.7,178.11691370683502,0.33822569301591465,1.001595197354171,178.11553820048414,0.33824636216106785,1.0
1.6842105263157894,0.7,178.5631409376658,0.339036198529427,1.0015991167278055,178.56176886871583,0.339056776954042,1.0
1.68922305764411,0.7,179.00992027803443,0.33984164756445545,1.0016030337465596,179.0085516335693,0.33986213571145285,1.0
1.694235588972431,0.7,179.45725071032453,0.34064207623806997,1.0016069484503551,179.45588547748517,0.34066247454851606,1.0
1.699248120300752,0.7,179.9051312219908,0.3414375203979614,1.0016108607217689,179.90376938797507,0.34145782931133506,1.0
1.7042606516290726,0.7,180.35356080552708,0.342228015623967,1.0016147706228689,180.3522023575896,0.3422482355780456,1.0
1.7092731829573933,0.7,180.8025384584346,0.34301359723074376,1.001618678310766,180.8011833838864,0.3430337286613274,1.0
1.7142857142857142,0.7,181.25206318319047,0.3437943002689612,1.0016225836685622,181.25071146939885,0.34381434361003294,1.0
1.719298245614035,0.7,181.702133987216,0.3445701595266062,1.0016264866279643,181.70078562160427,0.34459011521070915,1.0
1.7243107769423558,0.7,182.15274988284577,0.34534120953137215,1.0016303873045644,182.1514048528931,0.34536107798906035,1.0
1.7293233082706765,0.7,182.6039098872964,0.3461074845524461,1.00163428574812,182.6025681805375,0.34612726621266465,1.0
1.7343358395989974,0.7,183.05561302263578,0.3468690186019663,1.0016381818978903,183.05427462666088,0.34688871389171916,1.0
1.7393483709273183,0.7,183.50785831575243,0.347625845436641,1.00164207571531,183.50652321820675,0.34764545478115383,1.0
1.744360902255639,0.7,183.96064479832484,0.34837799855968843,1.0016459673489855,183.95931298690869,0.3483975223826761,1.0
1.7493734335839597,0.7,184.4139715067914,0.349125511223046,1.001649856751058,184.41264296925976,0.3491449499459507,1.0
1.7543859649122806,0.7,184.86783748232037,0.3498684164278909,1.0016537438080906,184.86651220648267,0.34988777047074837,1.0
1.7593984962406015,0.7,185.3222417707794,0.3506067469273324,1.001657628686422,185.3209197444995,0.35062601670833526,1.0
1.7644110275689222,0.7,185.77718342270657,0.3513405352281711,1.0016615113418386,185.77586463390222,0.3513597211636137,1.0
1.769423558897243,0.7,186.2326614932803,0.35206981359179235,1.0016653918167935,186.2313459299232,0.35208891609623083,1.0
1.7744360902255638,0.7,186.68867504229007,0.3527946140370033,1.0016692701246135,186.68736269240554,0.3528136335232013,1.0
1.7794486215538847,0.7,187.14522313410748,0.35351496834048457,1.0016731461422985,187.14391398577425,0.35353390521935624,1.0
1.7844611528822054,0.7,187.60230483765682,0.3542309080392405,1.001677020002318,187.6009988790068,0.35424976271995834,1.0
1.789473684210526,0.7,188.05991922638665,0.3549424644324466,1.0016808917349405,188.0586164456047,0.3549612373224409,1.0
1.794486215538847,0.7,188.51806537824106,0.3556496685825927,1.0016847612679787,188.51676576356488,0.3556683600872794,1.0
1.799498746867168,0.7,188.97674237563095,0.356352551317324,1.0016886286378661,188.97544591535055,0.35637116184048456,1.0
1.8045112781954886,0.7,189.43594930540604,0.3570511432313297,1.0016924938713696,189.43465598786395,0.35706967317505356,1.0
1.8095238095238093,0.7,189.8956852588267,0.357745474687742,1.0016963570157336,189.89439507241747,0.3577639244519961,1.0
1.8145363408521302,0.7,190.35594933153595,0.3584355758201214,1.0017002180507322,190.35466226470598,0.35845394580339773,1.0
1.8195488721804511,0.7,190.81674062353187,0.3591214765335251,1.001704076872949,190.81545666477922,0.3591397671322474,1.0
1.8245614035087718,0.7,191.27805823913974,0.3598032065064296,1.0017079336294972,191.27677737701387,0.35982141811549195,1.0
1.8295739348370925,0.7,191.73990128698495,0.3604807951929694,1.0017117883429423,191.73862351008663,0.36049892820514273,1.0
1.8345864661654134,0.7,192.20226887996577,0.36115427182350346,1.0017156409107397,192.20099417694658,0.36117232662992516,1.0
1.8395989974937343,0.7,192.66516013522593,0.3618236654068492,1.0017194913943959,192.66388849478838,0.3618416423969095,1.0
1.844611528822055,0.7,193.12857417412832,0.3624890047318552,1.0017233397932035,193.12730558502537,0.3625069042932023,1.0
1.8496240601503757,0.7,193.59251012222782,0.36315031836881695,1.0017271862132635,193.59124457326286,0.36316814088724847,1.0
1.8546365914786966,0.7,194.0569671092451,0.3638076346716326,1.0017310306112055,194.05570458927158,0.36382538053099056,1.0
1.8596491228070176,0.7,194.52194426904018,0.3644609817782949,1.0017348728372168,194.52068476696144,0.36447865136057356,1.0
1.8646616541353382,0.7,194.98744073958605,0.36511038761319714,1.0017387130653899,194.98618424435506,0.3651279812990258,1.0
1.869674185463659,0.7,195.45345566294296,0.3657558798891123,1.001742551324378,195.45220216356228,0.36577339805700704,1.0
1.8746867167919798,0.7,195.91998818523257,0.36639748610782896,1.0017463875252006,195.91873767075387,0.3664149291345151,1.0
1.8796992481203008,0.7,196.38703745661195,0.3670352335622251,1.0017502217550547,196.385789916136,0.3670526018228535,1.0
1.8847117794486214,0.7,196.85460263124853,0.3676691493379096,1.0017540539421272,196.8533580539249,0.36768644320562904,1.0
1.8897243107769421,0.7,197.32268286729456,0.36829926031410865,1.0017578841462123,197.32144124232138,0.3683164801604957,1.0
1.894736842105263,0.7,197.7912773268618,0.3689255931663096,1.001761712456086,197.7900386434857,0.3689427393609963,1.0
1.899749373433584,0.7,198.2603851759969,0.3695481743667617,1.0017655387264321,198.25914942351253,0.3695652472775459,1.0
1.9047619047619047,0.7,198.7300055846562,0.37016703018620256,1.00176936301042,198.72877275240617,0.37018403017931467,1.0
1.9097744360902253,0.7,199.20013772668133,0.37078218669584007,1.0017731853778484,199.198907804056,0.37079911413573186,1.0
1.9147869674185463,0.7,199.67078077977456,0.37139366976842525,1.0017770058383968,199.6695537562119,0.37141052501771843,1.0
1.9197994987468672,0.7,200.1419339254745,0.37200150507995655,1.0017808242968043,200.14070979045965,0.3720182884993415,1.0
1.9248120300751879,0.7,200.61359634913197,0.37260571811058263,1.0017846408004865,200.61237509219725,0.37262243005934925,1.0
1.9298245614035086,0.7,201.08576723988594,0.3732063341471459,1.0017884555124363,201.08454885061056,0.3732229749826024,1.0
1.9348370927318295,0.7,201.5584457906398,0.37380337828396226,1.0017922682624094,201.55723025864958,0.3738199483617035,1.0
1.9398496240601504,0.7,202.03163119803742,0.37439687542381694,1.0017960790578178,202.03041851300466,0.37441337509772743,1.0
1.944862155388471,0.7,202.50532266243982,0.3749868502804832,1.0017998879949899,202.50411281408302,0.37500327990268567,1.0
1.9498746867167918,0.7,202.97951938790177,0.3755733273793844,1.0018036950418707,202.97831236598554,0.3755896873002431,1.0
1.9548872180451127,0.7,203.45422058214857,0.3761563310593612,1.0018075002421667,203.45301637648325,0.37617262162759046,1.0
1.9598997493734336,0.7,203.92942545655276,0.3767358854740095,1.0018113035759972,203.92822405699442,0.37675210703657047,1.0
1.9649122807017543,0.7,204.4051332261117,0.37731201459295716,1.001815105007928,204.40393462256174,0.37732816749490294,1.0
1.969924812030075,0.7,204.8813431094244,0.37788474220335044,1.0018189046450514,204.88014729182936,0.37790082678830395,1.0
1.9749373433583959,0.7,205.35805432866906,0.3784540919116459,1.0018227024428414,205.35686128702056,0.3784701085213278,1.0
1.9799498746867168,0.7,205.83526610958066,0.3790200871440812,1.0018264982816603,205.83407583391502,0.3790360361185765,1.0
1.9849624060150375,0.7,206.3129776814285,0.37958275114871953,1.0018302923924671,206.3117901618267,0.37959863282658635,1.0
1.9899749373433582,0.7,206.79118827699435,0.38014210699732875,1.0018340847655558,206.79000350358172,0.380157921715075,1.0
1.994987468671679,0.7,207.2698971325504,0.3806981775854119,1.0021635553675037,207.26871509549633,0.3807139256779726,1.0
2.0,0.7,207.74910348783698,0.3812520757770723,1.0028163444249625,207.7479241773549,0.3812677575208019,1.0
