z,H_TF,q_TF,j_TF,H_LCDM,q_LCDM,j_LCDM
0.0,70.00349991250437,-0.6198380161983803,1.2241775822417758,70.0,-0.5498000000000001,1.0
0.005012531328320802,70.13763510116547,-0.614442769164787,1.2231019561084533,70.15857859374348,-0.5450586571186959,1.0
0.010025062656641603,70.27324554313662,-0.6090405637831956,1.2220249650168742,70.31838427659302,-0.540313034263562,1.0
0.015037593984962405,70.4103290317145,-0.6036320056045443,1.2209467298540155,70.47941659258294,-0.535563596181913,1.0
0.020050125313283207,70.54888330990426,-0.5982176969396891,1.2198673708549757,70.64167502604349,-0.5308108044742998,1.0
0.02506265664160401,70.68890607086628,-0.5927982366495383,1.2187870075611311,70.80515900236917,-0.5260551174669198,1.0
0.03007518796992481,70.83039495838565,-0.5873742199402279,1.2177057587793014,70.96986788879168,-0.5212969900876521,1.0
0.03508771929824561,70.97334756736296,-0.5819462381634197,1.2166237425419395,71.13580099515717,-0.5165368737457487,1.0
0.040100250626566414,71.11776144432595,-0.5765148786218018,1.2155410760683616,71.30295757470769,-0.5117752162152012,1.0
0.045112781954887216,71.26363408796054,-0.5710807243798668,1.2144578757270355,71.47133682486603,-0.5070124615218008,1.0
0.05012531328320802,71.410962949661,-0.5656443540800323,1.213374256998934,71.64093788802401,-0.5022490498339129,1.0
0.05513784461152882,71.55974543409754,-0.5602063417641641,1.2122903344419709,71.8117598523336,-0.4974854173569707,1.0
0.06015037593984962,71.70997889980129,-0.554767256700549,1.2112062216565265,71.98380175250053,-0.49272199623169666,1.0
0.06516290726817042,71.86166065976525,-0.5493276632163674,1.210122031252072,72.15706257058027,-0.48795921443605794,1.0
0.07017543859649122,72.0147879820604,-0.5438881205356993,1.2090378748149018,72.33154123677578,-0.4831974956909546,1.0
0.07518796992481203,72.16935809046659,-0.5384491826230988,1.2079538628769768,72.50723663023673,-0.4784372593696359,1.0
0.08020050125313283,72.3253681651167,-0.5330113980327554,1.206870104885885,72.68414757986007,-0.47367892041083903,1.0
0.08521303258145363,72.48281534315399,-0.5275753097632656,1.205786709175926,72.86227286509124,-0.4689228892356403,1.0
0.09022556390977443,72.64169671940117,-0.5221414551180235,1.2047037829403149,73.04161121672628,-0.4641695716680042,1.0
0.09523809523809523,72.8020093470411,-0.5167103655712368,1.203621432204514,73.22216131771371,-0.45941936885901613,1.0
0.10025062656641603,72.96375023830775,-0.5112825666395642,1.2025397618006826,73.40392180395666,-0.45467267721477445,1.0
0.10526315789473684,73.12691636518716,-0.5058585777593714,1.2014588753432562,73.58689126511456,-0.44992988832792524,1.0
0.11027568922305764,73.29150466012734,-0.50043891216959,1.2003788752056408,73.77106824540405,-0.4451913889128093,1.0
0.11528822055137844,73.45751201675668,-0.4950240768001628,1.1992998624980236,73.95645124439886,-0.4404575607441966,1.0
0.12030075187969924,73.6249352906099,-0.48961457216604853,1.198221937046295,74.1430387178286,-0.43572878059957587,1.0
0.12531328320802004,73.79377129986122,-0.48421089226676217,1.1971451973720781,74.33082907837588,-0.43100542020496424,1.0
0.13032581453634084,73.96401682606374,-0.4788135244914087,1.196069740673851,74.5198206964716,-0.4262878461842051,1.0
0.13533834586466165,74.13566861489451,-0.4734229495291812,1.1949956628091674,74.71001190108812,-0.4215764200117138,1.0
0.14035087719298245,74.30872337690488,-0.4680396412852683,1.193923058277948,74.90140098053018,-0.4168714979686293,1.0
0.14536340852130325,74.48317778827514,-0.462664066802131,1.1928520202068547,75.09398618322305,-0.4121734311023324,1.0
0.15037593984962405,74.65902849157321,-0.4572966861860911,1.1917826403347171,75.28776571849806,-0.40748256518928305,1.0
0.15538847117794485,74.83627209651651,-0.45193795253917624,1.190715008999014,75.48273775737458,-0.40279924070113526,1.0
0.16040100250626566,75.01490518073663,-0.446588311896159,1.189649215123389,75.67890043333921,-0.3981237927740735,1.0
0.16541353383458646,75.1949242905463,-0.4412482031667244,1.1885853462061913,75.87625184312093,-0.3934565511813284,1.0
0.17042606516290726,75.37632594170786,-0.43591805808270123,1.1875234883100265,76.07479004746274,-0.38879784030881626,1.0
0.17543859649122806,75.55910662020301,-0.430598301150279,1.1864637260523037,76.27451307188919,-0.3841479791338509,1.0
0.18045112781954886,75.74326278300312,-0.42528934960714004,1.1854061425967626,76.47541890746959,-0.3795072812068715,1.0
0.18546365914786966,75.92879085883976,-0.41999161338442537,1.1843508196459667,76.677505511577,-0.3748760546361337,1.0
0.19047619047619047,76.115687248975,-0.4147054950734558,1.1832978374347467,76.8807708086425,-0.37025460207530536,1.0
0.19548872180451127,76.30394832797067,-0.40943138989712113,1.1822472747245685,77.08521269090446,-0.36564322071390865,1.0
0.20050125313283207,76.4935704444568,-0.404169685685854,1.1811992087988272,77.29082901915324,-0.3610422022705525,1.0
0.20551378446115287,76.68454992189807,-0.39892076285809674,1.1801537154590278,77.4976176234703,-0.35645183298889027,1.0
0.21052631578947367,76.87688305935838,-0.39368499440517235,1.1791108690218508,77.70557630396227,-0.3518723936362481,1.0
0.21553884711779447,77.07056613226301,-0.3884627458804688,1.1780707423170746,77.91470283148928,-0.34730415950485904,1.0
0.22055137844611528,77.26559539315782,-0.383254375392836,1.1770334066863417,78.1249949483878,-0.34274740041564244,1.0
0.22556390977443608,77.46196707246534,-0.3780602336041037,1.1759989319827442,78.33645036918767,-0.33820238072446296,1.0
0.23057644110275688,77.65967737923724,-0.37288066373062334,1.1749673865712122,78.54906678132306,-0.33366935933081243,1.0
0.23558897243107768,77.85872250190286,-0.36771600154873374,1.1739388373296873,78.76284184583741,-0.32914858968884697,1.0
0.24060150375939848,78.05909860901365,-0.3625665754040487,1.1729133496510538,78.97777319808212,-0.32464031982071573,1.0
0.24561403508771928,78.2608018499829,-0.3574327062244673,1.1718909874458194,79.19385844840903,-0.3201447923321178,1.0
0.2506265664160401,78.46382835582064,-0.35231470753680794,1.17087181314551,79.41109518285619,-0.315662244430026,1.0
0.2556390977443609,78.66817423986345,-0.3472128854869595,1.1698558877067733,79.62948096382729,-0.31119290794251153,1.0
0.2606516290726817,78.87383559849879,-0.3421275388634487,1.1688432706161567,79.84901333076424,-0.3067370093406043,1.0
0.2656641604010025,79.0808085118836,-0.3370589591243207,1.1678340198955508,80.06968980081302,-0.3022947697621269,1.0
0.2706766917293233,79.28908904465706,-0.3320074304272288,1.166828192108275,80.29150786948273,-0.2978664050374381,1.0
0.2756892230576441,79.49867324664703,-0.326973229662633,1.1658258423657697,80.5144650112975,-0.2934521257170235,1.0
0.2807017543859649,79.70955715357013,-0.32195662648999823,1.1648270243349028,80.73855868044157,-0.28905213710086686,1.0
0.2857142857142857,79.92173678772518,-0.3169578833768947,1.163831790245846,80.96378631139696,-0.28466663926954294,1.0
0.2907268170426065,80.13520815867979,-0.3119772556408943,1.162840190900506,81.19014531957424,-0.2802958271169659,1.0
0.2957393483709273,80.34996726394985,-0.30701499149416245,1.1618522756814975,81.41763310193582,-0.27593989038473543,1.0
0.3007518796992481,80.56601008967186,-0.3020713320906434,1.1608680925616333,81.64624703761187,-0.27159901369801354,1.0
0.3057644110275689,80.7833326112679,-0.2971465115757336,1.1598876881139057,81.87598448850915,-0.2672733766028754,1.0
0.3107769423558897,81.00193079410282,-0.2922407571383504,1.1589111075219451,82.10684279991207,-0.2629631536050726,1.0
0.3157894736842105,81.22180059413388,-0.2873542890652899,1.1579383945909443,82.33881930107636,-0.25866851421014736,1.0
0.3208020050125313,81.44293795855256,-0.28248732079777694,1.1569695917590015,82.57191130581533,-0.254389622964841,1.0
0.3258145363408521,81.66533882641832,-0.27764005899011024,1.1560047401088969,82.80611611307845,-0.25012663949973435,1.0
0.3308270676691729,81.8889991292841,-0.27281270357030596,1.1550438793802593,83.0414310075223,-0.24587971857306834,1.0
0.3358395989974937,82.11391479181371,-0.26800544780264324,1.1540870479821101,83.27785326007401,-0.24164901011568207,1.0
0.3408521303258145,82.34008173239097,-0.2632184783520183,1.1531342830057736,83.51538012848691,-0.2374346592770148,1.0
0.3458646616541353,82.56749586372023,-0.2584519753500102,1.152185620238118,83.75400885788865,-0.23323680647211498,1.0
0.3508771929824561,82.79615309341844,-0.2537061124625768,1.1512410941751314,83.9937366813216,-0.22905558742960708,1.0
0.3558897243107769,83.02604932459856,-0.24898105695927608,1.1503007380357917,84.23456082027536,-0.2248911332405532,1.0
0.3609022556390977,83.25718045644444,-0.24427696978393798,1.149364583776234,84.47647848521184,-0.2207435704081665,1.0
0.3659147869674185,83.48954238477674,-0.23959400562668776,1.1484326621041752,84.7194868760826,-0.21661302089831846,1.0
0.37092731829573933,83.72313100261019,-0.23493231299724437,1.1475050024936029,84.96358318283819,-0.21249960219079012,1.0
0.37593984962406013,83.95794220070198,-0.23029203429940448,1.1465816331996932,85.2087645859302,-0.20840342733122263,1.0
0.38095238095238093,84.19397186809123,-0.22567330590663226,1.1456625812739516,85.45502825680522,-0.2043246049837102,1.0
0.38596491228070173,84.43121589262955,-0.2210762582386685,1.144747872579553,85.70237135839149,-0.20026323948399283,1.0
0.39097744360902253,84.66967016150272,-0.21650101583909065,1.1438375318068692,85.95079104557762,-0.19621943089320182,1.0
0.39598997493734334,84.90933056174319,-0.21194769745373598,1.1429315824891773,86.20028446568371,-0.19219327505211192,1.0
0.40100250626566414,85.1501929807338,-0.20741641610991712,1.1420300470185103,86.4508487589249,-0.18818486363585252,1.0
0.40601503759398494,85.3922533067025,-0.20290727919635543,1.1411329466616607,86.70248105886732,-0.18419428420903805,1.0
0.41102756892230574,85.63550742920789,-0.19842038854376054,1.1402403015763094,86.95517849287634,-0.18022162028127497,1.0
0.41604010025062654,85.87995123961598,-0.1939558405059857,1.139352130827265,87.20893818255742,-0.17626695136299986,1.0
0.42105263157894735,86.12558063156779,-0.1895137260416876,1.1384684524028055,87.46375724418932,-0.1723303530216117,1.0
0.42606516290726815,86.3723915014381,-0.18509413079643022,1.1375892832311096,87.71963278914991,-0.1684118969378574,1.0
0.43107769423558895,86.62037974878523,-0.18069713518516028,1.1367146391967533,87.97656192433456,-0.16451165096243303,1.0
0.43609022556390975,86.86954127679181,-0.1763228144750003,1.1358445351572806,88.23454175256697,-0.16062967917276305,1.0
0.44110275689223055,87.11987199269672,-0.17197123886828725,1.1349789849598075,88.49356937300273,-0.15676604192991994,1.0
0.44611528822055135,87.3713678082182,-0.16764247358580864,1.134118001457679,88.7536418815257,-0.1529207959356509,1.0
0.45112781954887216,87.6240246399681,-0.16333657895016895,1.1332615965271404,89.01475637113684,-0.14909399428947634,1.0
0.45614035087719296,87.87783840985728,-0.15905361046923894,1.1324097810840275,89.27690993233604,-0.1452856865458283,1.0
0.46115288220551376,88.13280504549228,-0.15479361891962717,1.131562565100463,89.54009965349664,-0.1414959187711946,1.0
0.46616541353383456,88.38892048056357,-0.1505566504301259,1.13071995762154,89.80432262123297,-0.13772473360123783,1.0
0.47117794486215536,88.64618065522471,-0.14634274656507906,1.129881966781998,90.06957592076061,-0.13397217029786257,1.0
0.47619047619047616,88.9045815164633,-0.14215194440762557,1.129048599822862,90.33585663624987,-0.1302382648061966,1.0
0.48120300751879697,89.16411901846324,-0.13798427664276858,1.1282198631080567,90.60316185117215,-0.12652304981146212,1.0
0.48621553884711777,89.42478912295861,-0.13383977164022776,1.127395762140967,90.87148864863948,-0.12282655479570748,1.0
0.49122807017543857,89.68658779957912,-0.12971845353703126,1.1265763015809545,91.14083411173725,-0.11914880609437428,1.0
0.49624060150375937,89.94951102618724,-0.12562034231980346,1.1257614852598021,91.41119532385001,-0.11548982695267518,1.0
0.5012531328320802,90.21355478920711,-0.12154545390671156,1.1249513161981024,91.68256936898075,-0.11184963758175659,1.0
0.506265664160401,90.47871508394535,-0.11749380022902944,1.1241457966215525,91.95495333206347,-0.10822825521462442,1.0
0.5112781954887218,90.74498791490358,-0.11346538931228622,1.123344927977178,92.22834429926911,-0.10462569416181089,1.0
0.5162907268170426,91.01236929608305,-0.10946022535695865,1.1225487109494654,92.50273935830499,-0.10104196586675795,1.0
0.5213032581453634,91.28085525128144,-0.10547830881868103,1.121757145476382,92.77813559870785,-0.09747707896090285,1.0
0.5263157894736842,91.55044181438157,-0.1015196364879315,1.1209702307653138,93.05453011213044,-0.09393103931843672,1.0
0.531328320802005,91.82112502963258,-0.09758420156917402,1.1201879653088667,93.33191999262189,-0.09040385011072916,1.0
0.5363408521303258,92.09290095192321,-0.09367199375942015,1.1194103469005792,93.61030233690167,-0.08689551186039035,1.0
0.5413533834586466,92.36576564704767,-0.08978299932618428,1.118637372650491,93.8896742446276,-0.08340602249496032,1.0
0.5463659147869674,92.6397151919639,-0.08591720118480817,1.1178690390005928,94.17003281865755,-0.07993537740020418,1.0
0.5513784461152882,92.91474567504453,-0.08207457897512838,1.1171053417401509,94.4513751653053,-0.0764835694730045,1.0
0.556390977443609,93.19085319632032,-0.07825510913746436,1.1163462760208827,94.7336983945902,-0.073050589173828,1.0
0.5614035087719298,93.46803386771654,-0.07445876498790294,1.115591836372,95.01699962048123,-0.06963642457875885,1.0
0.5664160401002506,93.74628381328233,-0.07068551679286061,1.1148420167151034,95.30127596113506,-0.066241061431082,1.0
0.5714285714285714,94.0255991694126,-0.06693533184290246,1.1140968103789315,95.58652453912835,-0.06286448319240623,1.0
0.5764411027568922,94.30597608506349,-0.06320817452580374,1.1133562101139503,95.87274248168455,-0.05950667109331553,1.0
0.581453634085213,94.58741072196062,-0.059504006398828024,1.1126202081067988,96.15992692089493,-0.05616760418353173,1.0
0.5864661654135338,94.86989925480081,-0.05582278626021575,1.1118887959945571,96.44807499393421,-0.05284725938158852,1.0
0.5914786967418546,95.15343787144698,-0.05216447021986259,1.111161964878874,96.73718384327071,-0.049545611523997835,1.0
0.5964912280701754,95.43802277311666,-0.04852901176917679,1.110439705339911,97.02725061687104,-0.046262633413904686,1.0
0.6015037593984962,95.72365017456394,-0.04491636185010062,1.109722007450132,97.31827246839973,-0.04299829586921988,1.0
0.606516290726817,96.01031630425511,-0.0413264689232854,1.1090088607879152,97.61024655741335,-0.03975256777022407,1.0
0.6115288220551378,96.298017404538,-0.03775927903541132,1.1083002544509992,97.90317004954971,-0.03652541610663462,1.0
0.6165413533834586,96.58674973180524,-0.034214735885639724,1.1075961770697518,98.19704011671183,-0.033316806024130674,1.0
0.6215538847117794,96.87650955665137,-0.030692780891190652,1.106896616820264,98.49185393724703,-0.030126700870328094,1.0
0.6265664160401002,97.16729316402413,-0.02719335325203953,1.10620156143727,98.78760869612101,-0.026955062240201166,1.0
0.631578947368421,97.45909685336967,-0.023716390014720257,1.1055109982268851,99.08430158508716,-0.02380185002094104,1.0
0.6365914786967418,97.75191693877223,-0.020261826135240413,1.104824914079168,99.38192980285102,-0.020667022436257954,1.0
0.6416040100250626,98.04574974908797,-0.016829594541089343,1.1041432954804995,99.68049055523001,-0.017550536090106483,1.0
0.6466165413533834,98.34059162807343,-0.013419626192345935,1.1034661285257852,99.9799810553087,-0.01445234600984624,1.0
0.6516290726817042,98.63643893450836,-0.010031850141877907,1.1027933989304692,100.28039852358933,-0.011372405688824139,1.0
0.656641604010025,98.93328804231322,-0.006666193594629943,1.102125092042377,100.58174018813794,-0.008310667128383797,1.0
0.6616541353383458,99.23113534066144,-0.003322581965999216,1.1014611928533569,100.88400328472602,-0.005267080879290842,1.0
0.6666666666666666,99.52997723408653,-9.389392999770152e-07,1.1008016860107626,101.18718505696798,-0.0022415960825835635,1.0
0.6716791979949874,99.82981014258405,0.0032988134776921196,1.1001465558287316,101.49128275645414,0.0007658394901646215,1.0
0.6766917293233082,100.13063050170861,0.006576754897101411,1.0994957862992933,101.79629364287965,0.003755279397158917,1.0
0.681704260651629,100.43243476266595,0.009832966496236883,1.0988493611032906,102.10221498416924,0.006726778487285756,1.0
0.6867167919799498,100.73521939240045,0.013067530963780438,1.0982072636211184,102.40904405659796,0.009680392861595832,1.0
0.6917293233082706,101.03898087367759,0.01628053244689287,1.0975694769432802,102.71677814490789,0.012616179835370778,1.0
0.6967418546365914,101.343715705162,0.019472056499223456,1.0969359838807606,103.02541454242088,0.015534197900772373,1.0
0.7017543859649122,101.64942040149107,0.022642190029825926,1.0963067669752276,103.33495055114754,0.018434506690073516,1.0
0.706766917293233,101.95609149334389,0.025791021252978608,1.0956818085090347,103.64538348189241,0.0213171669394705,1.0
0.7117794486215538,102.26372552750624,0.02891863963890029,1.0950610905150673,103.95671065435543,0.02418224045347306,1.0
0.7167919799498746,102.57231906693085,0.03202513586536049,1.0944445947863861,104.26892939722961,0.027029790069872606,1.0
0.7218045112781954,102.88186869079391,0.035110601770182326,1.0938323028857113,104.5820370482954,0.02985987962528469,1.0
0.7268170426065163,103.19237099454736,0.038175130304622495,1.0932241961547262,104.89603095451135,0.03267257392126499,1.0
0.731829573934837,103.50382258996721,0.04121881548763762,1.0926202557231923,105.21090847210128,0.03546793869099685,1.0
0.7368421052631579,103.81622010519794,0.04424175236101835,1.0920204625179095,105.52666696663823,0.038246040566542794,1.0
0.7418546365914787,104.12956018479316,0.04724403694539103,1.0914247972714892,105.84330381312493,0.04100694704666408,1.0
0.7468671679197995,104.44383948975245,0.05022576619708263,1.0908332405309575,106.16081639607113,0.04375072646520084,1.0
0.7518796992481203,104.75905469755477,0.05318703796583346,1.0902457726661945,106.47920210956768,0.04647744796000719,1.0
0.7568922305764411,105.07520250218805,0.056127950953361205,1.089662373878194,106.79845835735742,0.04918718144244538,1.0
0.7619047619047619,105.39227961417537,0.059048604672760074,1.0890830242071694,107.11858255290305,0.051879997567424674,1.0
0.7669172932330827,105.71028276059805,0.06194909940873217,1.0885077035404798,107.43957211945208,0.05455596770399129,1.0
0.7719298245614035,106.02920868511488,0.06482953617864418,1.0879363916203977,107.76142449009859,0.05721516390645798,1.0
0.7769423558897243,106.3490541479787,0.06769001669439523,1.087369068051713,108.08413710784232,0.05985765888607264,1.0
0.7819548872180451,106.66981592604927,0.07053064332509451,1.0868057123091823,108.4077074256448,0.06248352598321838,1.0
0.7869674185463659,106.99149081280353,0.0733515190605365,1.0862463037448034,108.73213290648278,0.06509283914014508,1.0
0.7919799498746867,107.31407561834257,0.07615274747546485,1.0856908215949455,109.05741102339883,0.06768567287422234,1.0
0.7969924812030075,107.63756716939571,0.07893443269461753,1.0851392449873247,109.38353925954932,0.07026210225171337,1.0
0.8020050125313283,107.9619623093218,0.08169667935854563,1.084591552947806,109.7105151082499,0.07282220286206287,1.0
0.8070175438596491,108.28725789810775,0.08443959259018974,1.0840477244070812,110.03833607301824,0.0753660507926921,1.0
0.8120300751879699,108.61345081236416,0.08716327796221579,1.083507738207173,110.36699966761441,0.07789372260430061,1.0
0.8170426065162907,108.9405379453185,0.08986784146509175,1.0829715731077996,110.69650341607866,0.08040529530666518,1.0
0.8220551378446115,109.26851620680563,0.09255338947589586,1.0824392077925997,111.026844852767,0.082900846334931,1.0
0.8270676691729323,109.59738252325576,0.0952200287278584,1.0819106208751914,111.35802152238429,0.08538045352639378,1.0
0.8320802005012531,109.92713383768027,0.0978678662806085,1.0813857909051163,111.69003098001514,0.08784419509776109,1.0
0.8370927318295739,110.25776710965454,0.10049700949113327,1.0808646963736206,112.02287079115231,0.09029214962289145,1.0
0.8421052631578947,110.58927931529905,0.10310756598543191,1.0803473157193009,112.35653853172337,0.0927243960110058,1.0
0.8471177944862155,110.92166744725813,0.10569964363085305,1.0798336273336313,112.69103178811483,0.09514101348536319,1.0
0.8521303258145363,111.25492851467614,0.10827335050911091,1.079323609566326,113.02634815719425,0.09754208156239685,1.0
0.8571428571428571,111.58905954317201,0.11082879488996689,1.0788172407305916,113.36248524633045,0.09992768003130403,1.0
0.8621553884711779,111.92405757481141,0.11336608520556646,1.0783144991082387,113.6994406734116,0.10229788893408309,1.0
0.8671679197994987,112.25991966807703,0.11588533002542523,1.0778153629546676,114.03721206686139,0.104652788546016,1.0
0.8721804511278195,112.59664289783697,0.11838663803204907,1.0773198105037236,114.37579706565319,0.10699245935658497,1.0
0.8771929824561403,112.93422435531099,0.12087011799718073,1.0768278199724322,114.71519331932255,0.10931698205081841,1.0
0.8822055137844611,113.27266114803524,0.1233358787586647,1.0763393695656085,115.05539848797764,0.1116264374910656,1.0
0.8872180451127819,113.61195039982506,0.12578402919791887,1.075854437480335,115.39641024230818,0.11392090669918842,1.0
0.8922305764411027,113.95208925073602,0.12821467821800225,1.0753730019103478,115.7382262635924,0.1162004708391644,1.0
0.8972431077694235,114.29307485702336,0.13062793472226897,1.0748950410502747,116.08084424370233,0.1184652112000999,1.0
0.9022556390977443,114.63490439109975,0.1330239075936006,1.0744205330997758,116.42426188510764,0.12071520917964196,1.0
0.9072681704260651,114.97757504149166,0.13540270567420865,1.073949456267565,116.76847690087767,0.12295054626778823,1.0
0.9122807017543859,115.32108401279392,0.13776443774598746,1.0734817887753254,117.11348701468195,0.12517130403108223,1.0
0.9172932330827067,115.66542852562301,0.14010921251142472,1.0730175088615062,117.45928996078918,0.12737756409719747,1.0
0.9223057644110275,116.01060581656894,0.14243713857504092,1.0725565947850242,117.8058834840647,0.1295694081398937,1.0
0.9273182957393483,116.35661313814568,0.14474832442536667,1.0720990248288447,118.15326533996667,0.13174691786435067,1.0
0.9323308270676691,116.70344775874031,0.14704287841743113,1.071644777303473,118.50143329454053,0.13391017499286262,1.0
0.9373433583959899,117.05110696256084,0.14932090875576765,1.0711938305503368,118.85038512441231,0.13605926125089574,1.0
0.9423558897243107,117.39958804958277,0.1515825234779138,1.070746162945069,119.20011861678051,0.1381942583535003,1.0
0.9473684210526315,117.74888833549475,0.1538278304384082,1.0703017529006917,119.55063156940678,0.14031524799207196,1.0
0.9523809523809523,118.09900515164263,0.1560569372932643,1.0698605788707125,119.90192179060504,0.14242231182145182,1.0
0.9573934837092731,118.44993584497271,0.1582699514849215,1.0694226193521095,120.25398709922983,0.1445155314473705,1.0
0.9624060150375939,118.80167777797386,0.16046698022765638,1.068987852888244,120.60682532466281,0.14659498841421725,1.0
0.9674185463659147,119.15422832861859,0.16264813049345306,1.0685562580716643,120.96043430679882,0.14866076419314056,1.0
0.9724310776942355,119.50758489030318,0.16481350899831604,1.0681278135468315,121.3148118960302,0.1507129401704661,1.0
0.9774436090225563,119.86174487178678,0.16696322218901982,1.0677024980127596,121.66995595323036,0.15275159763642931,1.0
0.9824561403508771,120.21670569712974,0.16909737623029275,1.0672802902255534,122.02586434973593,0.15477681777422037,1.0
0.9874686716791979,120.57246480563084,0.17121607699241248,1.0668611690008885,122.38253496732837,0.15678868164932935,1.0
0.9924812030075187,120.92901965176402,0.17331943003922134,1.0664451132163857,122.73996569821404,0.15878727019919414,1.0
0.9974937343358395,121.28636770511388,0.17540754061653807,1.0660321018139203,123.09815444500359,0.16077266422313774,1.0
1.0025062656641603,121.64450645031084,0.1774805136409674,1.0656221138018414,123.45709912069027,0.16274494437259657,1.0
1.007518796992481,122.0034333869653,0.1795384536890967,1.0652151282571258,123.81679764862744,0.16470419114162915,1.0
1.012531328320802,122.36314602960117,0.18158146498707017,1.0648111243274465,124.17724796250496,0.16665048485770462,1.0
1.0175438596491229,122.72364190758876,0.18360965140053276,1.0644100812331714,124.53844800632484,0.1685839056727625,1.0
1.0225563909774436,123.08491856507693,0.1856231164249369,1.0640119782692892,124.9003957343761,0.17050453355453743,1.0
1.0275689223057642,123.44697356092486,0.18762196317620639,1.0636167948072675,125.26308911120867,0.17241244827815239,1.0
1.0325814536340852,123.80980446863298,0.18960629438174426,1.0632245102968354,125.62652611160661,0.17430772941796202,1.0
1.037593984962406,124.17340887627347,0.19157621237178168,1.0628351042677016,125.99070472056036,0.17619045633965347,1.0
1.0426065162907268,124.53778438642034,0.19353181907105776,1.0624485563312096,126.35562293323859,0.17806070819259223,1.0
1.0476190476190474,124.90292861607892,0.19547321599082634,1.0620648461819235,126.72127875495895,0.17991856390241057,1.0
1.0526315789473684,125.26883919661473,0.19740050422117839,1.06168395359915,127.08767020115836,0.1817641021638372,1.0
1.0576441102756893,125.63551377368229,0.19931378442367476,1.0613058584484039,127.4547952973626,0.1835974014337547,1.0
1.06265664160401,126.00295000715313,0.20121315682428165,1.0609305406828091,127.82265207915499,0.1854185399244892,1.0
1.0676691729323307,126.37114557104375,0.20309872120660466,1.060557980344438,128.19123859214494,0.1872275955973246,1.0
1.0726817042606516,126.74009815344299,0.2049705769054111,1.0601881575655996,128.56055289193537,0.1890246461562337,1.0
1.0776942355889725,127.10980545643902,0.20682882280043247,1.0598210525700673,128.93059304408985,0.19080976904182578,1.0
1.0827067669172932,127.48026519604643,0.2086735573104479,1.0594566456742527,129.30135712409913,0.19258304142550497,1.0
1.0877192982456139,127.85147510213247,0.21050487838763332,1.0590949172883246,129.67284321734695,0.19434454020383374,1.0
1.0927318295739348,128.22343291834335,0.21232288351217576,1.058735847917275,130.0450494190756,0.19609434199310027,1.0
1.0977443609022557,128.5961364020304,0.2141276696871437,1.058379418161937,130.41797383435082,0.19783252312408162,1.0
1.1027568922305764,128.96958332417552,0.21591933343360936,1.0580256087199496,130.79161457802599,0.19955915963700144,1.0
1.107769423558897,129.34377146931712,0.21769797078601338,1.0576744003866783,131.16596977470633,0.20127432727667682,1.0
1.112781954887218,129.7186986354752,0.21946367728777116,1.0573257740560789,131.54103755871245,0.20297810148785156,1.0
1.117794486215539,130.0943626340767,0.22121654798710888,1.0569797107215249,131.91681607404303,0.20467055741070883,1.0
1.1228070175438596,130.47076128988067,0.22295667743312997,1.0566361914765858,132.29330347433788,0.206351769876564,1.0
1.1278195488721803,130.847892440903,0.22468415967209965,1.0562951975157533,132.67049792283998,0.2080218134037286,1.0
1.1328320802005012,131.22575393834146,0.2263990882439455,1.0559567101351486,133.0483975923574,0.20968076219354503,1.0
1.137844611528822,131.6043436465003,0.22810155617897343,1.0556207107331537,133.42700066522477,0.21132869012658873,1.0
1.1428571428571428,131.983659442715,0.22979165599478057,1.0552871808110285,133.8063053332644,0.2129656707590306,1.0
1.1478696741854635,132.36369921727692,0.2314694796933725,1.0549561019734814,134.18630979774716,0.21459177731915857,1.0
1.1528822055137844,132.74446087335787,0.2331351187584776,1.0546274559291893,134.56701226935309,0.21620708270405697,1.0
1.1578947368421053,133.12594232693448,0.23478866415304278,1.0543012244913006,134.94841096813124,0.2178116594764321,1.0
1.162907268170426,133.50814150671306,0.23643020631692102,1.0539773895778823,135.33050412346,0.21940557986159215,1.0
1.1679197994987467,133.8910563540539,0.23805983516473583,1.0536559332123443,135.7132899740064,0.2209889157445677,1.0
1.1729323308270676,134.27468482289595,0.23967764008392023,1.0533368375238175,136.09676676768572,0.22256173866737594,1.0
1.1779448621553885,134.65902487968137,0.2412837099329237,1.0530200847475155,136.4809327616204,0.2241241198264199,1.0
1.1829573934837092,135.04407450328011,0.2428781330395895,1.0527056572250413,136.8657862220991,0.22567613007002718,1.0
1.18796992481203,135.42983168491486,0.24446099719968917,1.0523935374046784,137.25132542453522,0.22721783989611644,1.0
1.1929824561403508,135.81629442808548,0.24603238967561358,1.052083707841645,137.63754865342563,0.22874931944999477,1.0
1.1979949874686717,136.2034607484941,0.24759239719521675,1.0517761511983157,138.02445420230845,0.23027063852227792,1.0
1.2030075187969924,136.59132867397003,0.24914110595081085,1.051470850244421,138.41204037372165,0.23178186654693822,1.0
1.208020050125313,136.9798962443948,0.2506786015982967,1.051167787857209,138.80030547916076,0.23328307259946435,1.0
1.213032581453634,137.3691615116273,0.2522049692564423,1.050866947021587,139.1892478390364,0.23477432539514553,1.0
1.218045112781955,137.75912253942926,0.25372029350629366,1.0505683108302297,139.57886578263228,0.23625569328746354,1.0
1.2230576441102756,138.14977740339035,0.2552246583907145,1.0502718624836669,139.96915764806224,0.23772724426659853,1.0
1.2280701754385963,138.5411241908542,0.25671814741406007,1.049977585290344,140.36012178222802,0.23918904595804302,1.0
1.2330827067669172,138.93316100084397,0.2582008435419689,1.0496854626666507,140.75175654077617,0.24064116562132076,1.0
1.2380952380952381,139.3258859439882,0.2596728292012773,1.0493954781369432,141.1440602880551,0.24208367014880627,1.0
1.2431077694235588,139.719297142447,0.26113418628005425,1.0491076153335208,141.53703139707252,0.24351662606464863,1.0
1.2481203007518795,140.1133927298385,0.2625849961277422,1.0488218579965989,141.9306682494518,0.24494009952379048,1.0
1.2531328320802004,140.50817085116503,0.2640253395554144,1.0485381899742474,142.32496923538937,0.24635415631108182,1.0
1.2581453634085213,140.9036296627402,0.2654552968361352,1.048256595222318,142.7199327536111,0.24775886184048712,1.0
1.263157894736842,141.2997673321154,0.2668749477054244,1.0479770578043366,143.11555721132896,0.24915428115438298,1.0
1.2681704260651627,141.69658203800725,0.26828437136182215,1.0476995618914011,143.51184102419825,0.2505404789229422,1.0
1.2731829573934836,142.0940719702249,0.26968364646754917,1.0474240917620266,143.90878261627364,0.25191751944360496,1.0
1.2781954887218046,142.49223532959746,0.27107285114926305,1.047150631801998,144.3063804199659,0.2532854666406328,1.0
1.2832080200501252,142.89107032790213,0.27245206299890135,1.0468791665041985,144.7046328759987,0.2546443840647419,1.0
1.288220551378446,143.290575187792,0.27382135907461813,1.0466096804684106,145.10353843336492,0.255994334892818,1.0
1.2932330827067668,143.69074814272463,0.27518081590179944,1.0463421584011123,145.50309554928322,0.2573353819277058,1.0
1.2982456140350878,144.09158743689048,0.2765305094741646,1.0460765851152554,145.90330268915469,0.2586675875980726,1.0
1.3032581453634084,144.4930913251418,0.2778705152549461,1.045812945530012,146.30415832651914,0.25999101395834656,1.0
1.3082706766917291,144.8952580729219,0.2792009081781446,1.0455512246705374,146.70566094301196,0.261305722688723,1.0
1.31328320802005,145.2980859561946,0.28052176264986084,1.0452914076676858,147.10780902832047,0.2626117750952406,1.0
1.318295739348371,145.70157326137357,0.28183315254969465,1.0450334797577265,147.51060108014042,0.26390923210992345,1.0
1.3233082706766917,146.10571828525283,0.2831351512322189,1.044777426282054,147.91403560413292,0.26519815429098803,1.0
1.3283208020050123,146.51051933493682,0.28442783152851203,1.044523232686869,148.31811111388078,0.26647860182311267,1.0
1.3333333333333333,146.91597472777076,0.2857112657477634,1.0442708845228568,148.72282613084542,0.26775063451776626,1.0
1.3383458646616542,147.32208279127195,0.286985525678934,1.0440203674448498,149.12817918432341,0.26901431181360147,1.0
1.3433583959899749,147.72884186306067,0.28825068259247755,1.0437716672114792,149.53416881140348,0.27026969277689705,1.0
1.3483709273182956,148.13625029079193,0.2895068072421223,1.0435247696848147,149.94079355692313,0.271516836102063,1.0
1.3533834586466165,148.544306432087,0.29075396986670454,1.0432796608299975,150.3480519734258,0.2727558001121959,1.0
1.3583959899749374,148.95300865446578,0.29199224019205605,1.0430363267148537,150.75594262111773,0.273986642759688,1.0
1.363408521303258,149.3623553352792,0.2932216874329432,1.0427947535095075,151.16446406782492,0.27520942162688455,1.0
1.3684210526315788,149.77234486164204,0.2944423802950533,1.0425549274859758,151.57361488895057,0.27642419392679574,1.0
1.3734335839598997,150.18297563036592,0.29565438697702895,1.0423168350177652,151.98339366743198,0.2776310165038487,1.0
1.3784461152882206,150.59424604789294,0.2968577751725503,1.0420804625794404,152.39379899369808,0.2788299458346932,1.0
1.3834586466165413,151.00615453022922,0.2980526120724525,1.04184579674621,152.80482946562674,0.28002103802904355,1.0
1.388471177944862,151.41869950287932,0.2992389643668931,1.0416128241934828,153.2164836885023,0.28120434883057266,1.0
1.3934837092731829,151.8318794007805,0.300416898247555,1.0413815316964223,153.62876027497327,0.2823799336178423,1.0
1.3984962406015038,152.24569266823747,0.30158647940988526,1.0411519061295034,154.0416578450099,0.2835478474052717,1.0
1.4035087719298245,152.66013775885767,0.3027477730553765,1.0409239344660466,154.45517502586208,0.28470814484415374,1.0
1.4085213032581452,153.07521313548676,0.3039008438938753,1.0406976037777544,154.86931045201737,0.2858608802236984,1.0
1.413533834586466,153.4909172701444,0.3050457561459279,1.0404729012342422,155.28406276515884,0.2870061074721204,1.0
1.418546365914787,153.90724864396043,0.30618257354515754,1.040249814102557,155.6994306141235,0.28814388015775916,1.0
1.4235588972431077,154.3242057471114,0.30731135934066756,1.0400283297466926,156.1154126548604,0.28927425149022934,1.0
1.4285714285714284,154.7417870787575,0.3084321762994797,1.0398084356271047,156.5320075503892,0.2903972743216119,1.0
1.4335839598997493,155.1599911469799,0.30954508670899217,1.0395901193002142,156.94921397075868,0.29151300114767054,1.0
1.4385964912280702,155.5788164687181,0.31065015237946714,1.039373368417902,157.36703059300532,0.29262148410909794,1.0
1.443609022556391,155.99826156970803,0.31174743464654187,1.0391581707270139,157.78545610111252,0.2937227749927962,1.0
1.4486215538847116,156.41832498442054,0.3128369943737632,1.0389445140688411,158.204489185969,0.29481692523318115,1.0
1.4536340852130325,156.83900525599984,0.3139188919551401,1.0387323863786146,158.6241285453285,0.2959039859135155,1.0
1.4586466165413534,157.26030093620247,0.3149931873177241,1.0385217756849863,159.04437288376857,0.29698400776726963,1.0
1.463659147869674,157.682210585337,0.31605993992419856,1.038312670109501,159.4652209126503,0.29805704117950227,1.0
1.4686716791979948,158.1047327722035,0.3171192087754944,1.0381050578660824,159.88667135007762,0.2991231361882698,1.0
1.4736842105263157,158.52786607403397,0.3181710524134176,1.037898927260495,160.30872292085743,0.30018234248605813,1.0
1.4786967418546366,158.95160907643225,0.3192155289232972,1.0376942666898226,160.73137435645882,0.301234709421236,1.0
1.4837092731829573,159.3759603733157,0.3202526959366392,1.0374910646419246,161.15462439497372,0.30228028599952683,1.0
1.488721804511278,159.80091856685564,0.3212826106338056,1.0372893096949054,161.5784717810768,0.30331912088550617,1.0
1.493734335839599,160.2264822674194,0.322305329746694,1.0370889905165759,162.00291526598576,0.30435126240411314,1.0
1.4987468671679198,160.65265009351202,0.3233209095614389,1.0368900958639065,162.42795360742207,0.30537675854218493,1.0
1.5037593984962405,161.0794206717185,0.3243294059211146,1.0366926145824917,162.85358556957127,0.30639565695000415,1.0
1.5087719298245612,161.5067926366468,0.3253308742284555,1.0364965356059976,163.27980992304424,0.30740800494287024,1.0
1.5137844611528821,161.93476463087052,0.3263253694485795,1.0363018479556194,163.70662544483795,0.30841384950267736,1.0
1.518796992481203,162.36333530487244,0.32731294611171946,1.0361085407395323,164.13403091829665,0.30941323727951553,1.0
1.5238095238095237,162.79250331698825,0.3282936583159668,1.035916603152338,164.5620251330732,0.310406214593284,1.0
1.5288220551378444,163.22226733335066,0.32926755973001365,1.0357260244745234,164.99060688509078,0.3113928274353157,1.0
1.5338345864661653,163.6526260278338,0.3302347035959057,1.0355367940718954,165.41977497650444,0.31237312147001783,1.0
1.5388471177944862,164.08357808199835,0.33119514273179673,1.03534890139504,165.84952821566299,0.31334714203652503,1.0
1.543859649122807,164.51512218503623,0.3321489295347073,1.035162335978765,166.27986541707085,0.3143149341503604,1.0
1.5488721804511276,164.94725703371668,0.3330961159832879,1.03497708744154,166.7107854013508,0.3152765425051123,1.0
1.5538847117794485,165.37998133233194,0.33403675364058283,1.034793145484953,167.14228699520578,0.3162320114741193,1.0
1.5588972431077694,165.8132937926434,0.33497089365679344,1.034610499893145,167.57436903138182,0.3171813851121634,1.0
1.5639097744360901,166.24719313382857,0.33589858677204765,1.0344291405322683,168.00703034863076,0.31812470715717533,1.0
1.5689223057644108,166.6816780824278,0.33681988331916424,1.0342490573499146,168.44026979167322,0.31906202103194525,1.0
1.5739348370927317,167.1167473722918,0.33773483322641984,1.0340702403745783,168.8740862111616,0.3199933698458446,1.0
1.5789473684210527,167.55239974452928,0.33864348602031447,1.0338926797150876,169.3084784636435,0.3209187963965534,1.0
1.5839598997493733,167.9886339474549,0.33954589082833264,1.03371636556006,169.74344541152513,0.32183834317179305,1.0
1.588972431077694,168.42544873653804,0.34044209638170564,1.033541288177346,170.17898592303516,0.3227520523510681,1.0
1.593984962406015,168.86284287435123,0.3413321510181724,1.0333674379134734,170.61509887218838,0.3236599658074135,1.0
1.5989974937343359,169.30081513051942,0.34221610268472813,1.033194805193101,171.0517831387499,0.32456212510914373,1.0
1.6040100250626566,169.7393642816694,0.3430939989403814,1.0330233805184603,171.48903760819925,0.3254585715216105,1.0
1.6090225563909772,170.17848911137983,0.34396588695889774,1.0328531544688102,171.92686117169507,0.3263493460089635,1.0
1.6140350877192982,170.61818841013113,0.34483181353154224,1.0326841176998867,172.36525272603942,0.32723448923591403,1.0
1.619047619047619,171.05846097525622,0.34569182506981533,1.0325162609433536,172.80421117364276,0.3281140415695021,1.0
1.6240601503759398,171.4993056108912,0.3465459676081848,1.0323495750062537,173.24373542248887,0.3289880430808676,1.0
1.6290726817042605,171.94072112792688,0.3473942868068083,1.03218405077047,173.68382438609999,0.3298565335470225,1.0
1.6340852130325814,172.3827063439601,0.34823682795425426,1.0320196791921676,174.1244769835025,0.3307195524526265,1.0
1.6390977443609023,172.82526008324555,0.34907363597021046,1.0318564513012654,174.56569213919192,0.3315771389917619,1.0
1.644110275689223,173.26838117664835,0.34990475540818733,1.0316943582008864,175.00746878309914,0.33242933206971337,1.0
1.6491228070175437,173.7120684615963,0.35073023045821516,1.0315333910668187,175.4498058505562,0.33327617030474377,1.0
1.6541353383458646,174.15632078203313,0.35155010494953154,1.0313735411469784,175.8927022822624,0.3341176920298763,1.0
1.6591478696741855,174.60113698837145,0.3523644223532594,1.031214799760869,176.33615702425055,0.33495393529467,1.0
1.6641604010025062,175.0465159374465,0.3531732257850777,1.0310571582990538,176.7801690278535,0.3357849378670017,1.0
1.6691729323308269,175.49245649247015,0.35397655800788286,1.0309006082226189,177.22473724967102,0.3366107372348406,1.0
1.6741854636591478,175.9389575229851,0.35477446143444036,1.0307451410626367,177.6698606515366,0.33743137060802986,1.0
1.6791979949874687,176.3860179048194,0.3555669781300259,1.0305907484196486,178.11553820048414,0.33824687492005867,1.0
1.6842105263157894,176.83363652004147,0.3563541498150584,1.0304374219631278,178.56176886871583,0.3390572868298385,1.0
1.68922305764411,177.28181225691534,0.357136017867721,1.0302851534309578,179.0085516335693,0.339862642723475,1.0
1.694235588972431,177.73054400985635,0.35791262332657103,1.0301339346289138,179.45588547748517,0.3406629787160389,1.0
1.699248120300752,178.17983067938673,0.3586840068931427,1.0299837574301292,179.90376938797507,0.34145833065333386,1.0
1.7042606516290726,178.62967117209217,0.3594502089345335,1.0298346137745944,180.3522023575896,0.3422487341136613,1.0
1.7092731829573933,179.08006440057818,0.36021126948598337,1.0296864956686291,180.8011833838864,0.3430342244095823,1.0
1.7142857142857142,179.53100928342715,0.3609672282534411,1.029539395184371,181.25071146939885,0.3438148365896787,1.0
1.719298245614035,179.98250474515515,0.3617181246161174,1.0293933044592636,181.70078562160427,0.3445906054403056,1.0
1.7243107769423558,180.43454971617,0.3624639976290296,1.0292482156955514,182.1514048528931,0.3453615654873454,1.0
1.7293233082706765,180.88714313272857,0.363204886025531,1.0291041211597656,182.6025681805375,0.34612775099795523,1.0
1.7343358395989974,181.34028393689522,0.36394082821982887,1.0289610131822278,183.05427462666088,0.3468891959823095,1.0
1.7393483709273183,181.7939710765002,0.36467186230948956,1.0288188841565455,183.50652321820675,0.3476459341953415,1.0
1.744360902255639,182.2482035050983,0.3653980260779348,1.0286777265391094,183.95931298690869,0.3483979991384758,1.0
1.7493734335839597,182.70298018192787,0.3661193569969172,1.0285375328486055,184.41264296925976,0.3491454240613592,1.0
1.7543859649122806,183.15830007187057,0.3668358922289916,1.0283982956655073,184.86651220648267,0.3498882419635858,1.0
1.7593984962406015,183.6141621454105,0.3675476686299666,1.0282600076316024,185.3209197444995,0.3506264855964172,1.0
1.7644110275689222,184.0705653785946,0.36825472275134774,1.0281226614494854,185.77586463390222,0.35136018746449493,1.0
1.769423558897243,184.52750875299276,0.3689570908427635,1.0279862498820886,186.2313459299232,0.35208937982755106,1.0
1.7744360902255638,184.9849912556583,0.36965480885438073,1.027850765752188,186.68736269240554,0.3528140947021121,1.0
1.7794486215538847,185.4430118790891,0.3703479124393043,1.027716201941923,187.14391398577425,0.35353436386319337,1.0
1.7844611528822054,185.90156962118851,0.37103643695596467,1.0275825513923256,187.6009988790068,0.35425021884599306,1.0
1.789473684210526,186.36066348522695,0.37172041747049067,1.0274498071028426,188.0586164456047,0.35496169094757524,1.0
1.794486215538847,186.82029247980373,0.37239988875907026,1.0273179621308584,188.51676576356488,0.3556688112285502,1.0
1.799498746867168,187.2804556188088,0.37307488531029365,1.0271870095912297,188.97544591535055,0.35637161051474653,1.0
1.8045112781954886,187.74115192138538,0.37374544132748566,1.0270569426558236,189.43465598786395,0.357070119398875,1.0
1.8095238095238093,188.2023804118926,0.37441159073102437,1.026927754553042,189.89439507241747,0.35776436824219027,1.0
1.8145363408521302,188.66414011986805,0.3750733671606421,1.0267994385673742,190.35466226470598,0.358454387176141,1.0
1.8195488721804511,189.12643007999148,0.37573080397771497,1.0266719880389263,190.81545666477922,0.35914020610401653,1.0
1.8245614035087718,189.58924933204767,0.3763839342675379,1.0265453963629778,191.27677737701387,0.3598218547025833,1.0
1.8295739348370925,190.05259692089072,0.37703279084158536,1.0264196569895194,191.73862351008663,0.36049936242371716,1.0
1.8345864661654134,190.5164718964078,0.377677406239755,1.0262947634228095,192.20099417694658,0.36117275849602715,1.0
1.8395989974937343,190.98087331348333,0.37831781273260123,1.0261707092209293,192.66388849478838,0.3618420719264701,1.0
1.844611528822055,191.44580023196397,0.37895404232355223,1.026047487995329,193.12730558502537,0.36250733150196224,1.0
1.8496240601503757,191.911251716623,0.3795861267511107,1.0259250934103978,193.59124457326286,0.36316856579097734,1.0
1.8546365914786966,192.3772268371258,0.3802140974910426,1.0258035191830246,194.05570458927158,0.36382580314514246,1.0
1.8596491228070176,192.8437246679949,0.38083798575855177,1.025682759082158,194.52068476696144,0.3644790717008235,1.0
1.8646616541353382,193.31074428857596,0.38145782251043747,1.0255628069283773,194.98618424435506,0.36512839938070285,1.0
1.869674185463659,193.77828478300341,0.3820736384472383,1.0254436565934664,195.45220216356228,0.365773813895349,1.0
1.8746867167919798,194.24634524016682,0.38268546401536296,1.0253253019999828,195.91873767075387,0.3664153427447807,1.0
1.8796992481203008,194.71492475367717,0.3832933294092058,1.0252077371208361,196.385789916136,0.3670530132200194,1.0
1.8847117794486214,195.1840224218337,0.38389726457324547,1.025090955978867,196.8533580539249,0.3676868524046364,1.0
1.8897243107769421,195.65363734759083,0.3844972992041318,1.0249749526464373,197.32144124232138,0.36831688717628985,1.0
1.894736842105263,196.1237686385252,0.38509346275275824,1.0248597212450021,197.7900386434857,0.3689431442082567,1.0
1.899749373433584,196.59441540680345,0.3856857844263162,1.0247452559447114,198.25914942351253,0.36956564997095165,1.0
1.9047619047619047,197.0655767691495,0.38627429319033935,1.0246315509639918,198.72877275240617,0.3701844307334423,1.0
1.9097744360902253,197.53725184681298,0.38685901777073006,1.0245186005691491,199.198907804056,0.3707995125649537,1.0
1.9147869674185463,198.00943976553717,0.3874399866557734,1.0244063990739563,199.6695537562119,0.3714109213363652,1.0
1.9197994987468672,198.4821396555275,0.3880172280981342,1.0242949408392656,200.14070979045965,0.3720186827216978,1.0
1.9248120300751879,198.95535065142025,0.38859077011684273,1.024184220272599,200.61237509219725,0.3726228221995953,1.0
1.9298245614035086,199.42907189225147,0.38916064049926313,1.0240742318277662,201.08454885061056,0.3732233650547938,1.0
1.9348370927318295,199.90330252142635,0.38972686680304913,1.0239649700044617,201.55723025864958,0.3738203363795869,1.0
1.9398496240601504,200.37804168668853,0.3902894763580831,1.023856429347889,202.03041851300466,0.3744137610752769,1.0
1.944862155388471,200.85328854008955,0.39084849626840623,1.023748604448364,202.50411281408302,0.3750036638536236,1.0
1.9498746867167918,201.32904223795907,0.39140395341412604,1.0236414899409407,202.97831236598554,0.375590069238279,1.0
1.9548872180451127,201.80530194087498,0.39195587445331626,1.0235350805050274,203.45301637648325,0.376173001566217,1.0
1.9598997493734336,202.28206681363346,0.39250428582390073,1.0234293708640088,203.92822405699442,0.37675248498915304,1.0
1.9649122807017543,202.75933602522008,0.39304921374551993,1.023324355784883,204.40393462256174,0.3773285434749549,1.0
1.969924812030075,203.23710874878003,0.3935906842213901,1.02322003007787,204.88014729182936,0.37790120080904566,1.0
1.9749373433583959,203.7153841615898,0.39412872304013935,1.0231163885960686,205.35686128702056,0.3784704805957977,1.0
1.9799498746867168,204.19416144502802,0.3946633557776378,1.0230134262350663,205.83407583391502,0.37903640625991786,1.0
1.9849624060150375,204.67343978454699,0.3951946077988078,1.022911137932599,206.3117901618267,0.3795990010478232,1.0
1.9899749373433582,205.1532183696447,0.39572250425942546,1.0228095186681743,206.79000350358172,0.3801582880290102,1.0
1.994987468671679,205.63349639383662,0.3962470701079015,1.0227085634627238,207.26871509549633,0.3807142900974121,1.0
2.0,206.1142730546276,0.3967683300870566,1.0226082673782466,207.7479241773549,0.38126702997275186,1.0
