z,mu_SN,mu_err,mu_model,residual
0.50309,22.93445,0.12605,22.939588977088274,-0.005138977088275709
0.4948,22.8802,0.11765,22.896316093802103,-0.016116093802104103
0.67767,24.0377,0.2056,23.720642651170824,0.31705734882917724
0.8665,24.34685,0.17385,24.369491839047743,-0.022641839047743417
0.79857,24.3605,0.17435,24.153819101327,0.20668089867299955
0.37144,22.28785,0.1245,22.156072409549186,0.13177759045081316
0.35582,22.05915,0.12645,22.046366887584984,0.012783112415014841
0.2836,21.40915,0.1028,21.47280112044894,-0.06365112044893806
0.4664,23.21635,0.1587,22.742682963376073,0.47366703662392595
0.94688,24.41155,0.1642,24.60381041030796,-0.19226041030796281
0.69315,23.79645,0.24445,23.7801689816021,0.016281018397901192
0.89693,24.40275,0.16645,24.4606747710588,-0.05792477105880067
0.78904,24.2188,0.11585,24.122109549217267,0.09669045078273442
0.59027,23.3354,0.1666,23.35752058089817,-0.022120580898171482
0.21075,20.64495,0.10525,20.73721537981145,-0.09226537981144745
0.85852,24.1237,0.1478,24.345048517858206,-0.22134851785820686
0.55875,23.1648,0.1335,23.213678786810735,-0.048878786810735875
0.9964,24.69965,0.1408,24.738377605598576,-0.03872760559857724
0.58294,23.34385,0.1258,23.324740321664994,0.01910967833500621
0.79656,23.85445,0.1588,24.14716248267087,-0.29271248267086847
0.91348,24.37895,0.13735,24.50897086792067,-0.13002086792067047
0.94846,24.66675,0.15105,24.608212966356962,0.05853703364303797
0.73362,23.8481,0.15575,23.92983983672553,-0.0817398367255322
0.7656,24.10805,0.1549,24.0424713614936,0.06557863850639833
0.98341,24.828,0.153,24.703744756315242,0.12425524368475749
0.70064,23.7492,0.1738,23.808505143561735,-0.059305143561736884
0.83814,24.1545,0.1807,24.281576915926454,-0.1270769159264553
0.3706,22.1401,0.1211,22.150283007796123,-0.010183007796122467
0.35858,21.95965,0.1186,22.06607291301548,-0.10642291301547857
0.52278,23.15915,0.14165,23.039712757076618,0.11943724292338231
0.70198,23.7115,0.26255,23.81354346113285,-0.10204346113284757
0.74613,23.8056,0.16465,23.97446574265626,-0.16886574265626209
0.59185,23.2429,0.12625,23.364534837640225,-0.12163483764022587
0.62063,23.5114,0.1131,23.48923900956782,0.022160990432176675
1.00279,25.0798,0.19135,24.755246579045195,0.32455342095480333
0.61064,23.47615,0.1329,23.44659711834738,0.029552881652620044
0.35833,21.9694,0.11425,22.064293955972328,-0.09489395597232786
0.45155,22.4159,0.12515,22.65879765710233,-0.24289765710232913
0.5526,22.98515,0.13425,23.184707763408294,-0.19955776340829345
0.75068,23.763,0.19155,23.99051382847993,-0.2275138284799283
0.82269,24.3356,0.14625,24.23242390006651,0.10317609993348853
0.95076,24.68515,0.14485,24.614608363666296,0.07054163633370436
0.34052,21.9463,0.10555,21.934486028012163,0.011813971987837846
0.81072,24.0795,0.17055,24.193705758641162,-0.11420575864116245
0.61124,23.7392,0.1593,23.449177009327133,0.29002299067286685
0.54831,22.8926,0.1438,23.16431563377157,-0.27171563377156716
1.02879,24.7289,0.16015,24.822775944898094,-0.09387594489809459
0.42244,22.35675,0.1192,22.486549950975377,-0.1297999509753751
0.70115,23.90875,0.1805,23.810423834220632,0.09832616577936903
0.68517,23.844,0.2326,23.749647270718793,0.09435272928120852
0.93189,24.54795,0.15235,24.561670352815117,-0.013720352815116854
0.74909,23.81055,0.18275,23.984916535624937,-0.1743665356249373
0.4684,22.73255,0.11785,22.75378777654294,-0.021237776542939457
0.95886,24.80665,0.17245,24.63700734983148,0.16964265016851954
0.84053,24.22255,0.1456,24.28909967098601,-0.06654967098601006
0.56276,23.2428,0.11755,23.23240476857534,0.010395231424659812
0.82854,24.39785,0.1526,24.251142761282086,0.14670723871791225
0.57875,23.22495,0.12065,23.305824086910736,-0.08087408691073605
0.8645,24.3693,0.14625,24.363386936401493,0.00591306359850563
0.85851,24.4442,0.16535,24.345017746586823,0.09918225341317566
0.58575,23.5694,0.1417,23.33735359002988,0.2320464099701205
0.48881,22.8653,0.1136,22.86461939335491,0.0006806066450906201
0.68866,23.6132,0.1518,23.763038246161432,-0.14983824616143337
0.32454,21.79365,0.10225,21.812545478238224,-0.018895478238224683
0.18538,20.4558,0.10405,20.424639887889345,0.031160112110654836
0.68196,23.59755,0.1484,23.7372714235287,-0.13972142352870165
0.92223,24.355,0.1708,24.534150217081542,-0.179150217081542
0.42866,22.751,0.1294,22.52427074074964,0.22672925925036225
0.69998,23.95255,0.2153,23.806020256394905,0.1465297436050932
0.57584,23.38495,0.13845,23.29260859930243,0.09234140069757046
0.51176,23.11305,0.1165,22.984126692104073,0.12892330789592776
0.64191,23.62155,0.1659,23.57789796298665,0.04365203701334863
0.35157,22.2272,0.1136,22.015743806564938,0.21145619343506183
0.34957,22.14445,0.11065,22.00121347747609,0.14323652252391028
0.35527,22.23665,0.113,22.042423069200726,0.19422693079927456
0.87217,24.3402,0.1332,24.38672286495392,-0.04652286495392133
0.92624,24.7687,0.10935,24.545609314959936,0.2230906850400629
0.41957,22.59095,0.12095,22.468969565071692,0.12198043492830735
0.89073,24.1804,0.14085,24.44235110878063,-0.2619511087806323
0.48057,22.7752,0.1151,22.820410681210756,-0.045210681210754444
0.5806,23.36785,0.1608,23.314192175091872,0.05365782490812876
0.80569,24.09575,0.1555,24.177265504721884,-0.08151550472188518
0.66464,23.6337,0.1611,23.669499090281203,-0.035799090281201984
0.74566,24.00735,0.1527,23.972802323601325,0.03454767639867384
0.73669,23.77845,0.1399,23.940860085208218,-0.16241008520821865
0.37053,22.04575,0.11295,22.14979992502038,-0.10404992502037658
0.85073,24.31865,0.1304,24.32096688179276,-0.002316881792758352
0.21946,20.8469,0.1023,20.836549448380243,0.010350551619758619
0.64764,23.6259,0.1613,23.601283626545527,0.024616373454474427
0.6006,23.4022,0.15455,23.40305711036341,-0.0008571103634089638
0.7607,23.92525,0.14995,24.025518724045586,-0.10026872404558773
0.47057,22.804,0.1221,22.76578600080477,0.03821399919522861
0.49737,22.9275,0.13225,22.909804428430707,0.017695571569291246
0.50736,22.9705,0.1253,22.96161416592791,0.008885834072092536
0.58728,23.44375,0.14055,23.344196546568714,0.09955345343128741
0.69915,23.77905,0.15635,23.802891829169024,-0.023841829169022333
0.76108,24.05415,0.16035,24.02683725417838,0.027312745821621576
0.78805,24.1069,0.13815,24.118793733447763,-0.011893733447763566
0.40547,22.564,0.11045,22.380928823957863,0.1830711760421373
0.80804,24.55735,0.16345,24.184958971905143,0.3723910280948566
0.58328,23.6081,0.12955,23.326269778377455,0.28183022162254545
0.72013,24.0226,0.19335,23.88087059123949,0.14172940876051143
0.83699,24.3054,0.1427,24.277949541643597,0.027450458356401697
0.80603,24.2544,0.1837,24.178380135527323,0.07601986447267706
0.50074,23.0505,0.13595,22.92739131995258,0.12310868004741948
0.53378,22.9345,0.1665,23.094096383025178,-0.1595963830251783
0.82212,24.1676,0.18525,24.23059299474865,-0.06299299474865094
0.12531,19.4684,0.10355,19.48822200504343,-0.019822005043430124
0.44368,22.57415,0.1349,22.613282483838272,-0.03913248383827295
0.68366,23.9441,0.2905,23.743832565748736,0.2002674342512627
0.72668,23.90005,0.1628,23.9047589209292,-0.004708920929200389
0.40455,22.44625,0.1075,22.375085481028027,0.07116451897197251
0.69065,23.7527,0.18375,23.770644160371663,-0.017944160371662576
0.57661,23.2437,0.1229,23.296111936027966,-0.05241193602796557
0.72068,23.87645,0.2029,23.882884473879248,-0.006434473879249225
0.55031,23.16815,0.1249,23.173841238839703,-0.0056912388397023506
0.84797,24.3105,0.16975,24.312381996934423,-0.0018819969344221477
0.43544,22.36675,0.109,22.564807237748045,-0.19805723774804562
0.30158,21.64245,0.0939,21.62724352440505,0.01520647559495103
0.58073,23.52355,0.1372,23.314779286121937,0.20877071387806367
0.34593,22.11525,0.111,21.97457007745214,0.14067992254786077
0.33094,21.7829,0.10685,21.86203587111962,-0.07913587111961817
0.44956,22.78895,0.14135,22.647359656802113,0.14159034319788688
0.29172,21.47215,0.12535,21.543636372557696,-0.07148637255769685
0.46127,22.62945,0.13775,22.713993023471406,-0.08454302347140796
0.63222,23.66065,0.20445,23.53788542258626,0.12276457741374003
0.26862,21.1762,0.0993,21.337067466599795,-0.16086746659979312
0.92491,24.7416,0.1923,24.541814298942615,0.19978570105738314
0.62522,23.46015,0.1303,23.50860900286283,-0.04845900286283111
0.60825,23.3767,0.1266,23.436295698890778,-0.05959569889077798
0.57828,23.2373,0.13895,23.30369376308477,-0.06639376308476841
0.71963,23.82525,0.2057,23.879038054993817,-0.05378805499381656
0.7666,24.24705,0.1593,24.045917983767527,0.20113201623247434
0.36791,22.24455,0.1019,22.13165994265631,0.11289005734369084
0.84852,24.33175,0.14855,24.314094839065834,0.01765516093416508
0.7766,24.0942,0.17835,24.080140701907485,0.014059298092515604
0.58375,23.2686,0.09915,23.328382128802186,-0.05978212880218692
0.58873,23.30085,0.13005,23.350666145093985,-0.04981614509398469
0.76859,24.2078,0.16885,24.052763310794692,0.155036689205307
0.5138,23.12745,0.1329,22.994501970328,0.1329480296720007
0.63771,23.37,0.2329,23.560627673177212,-0.19062767317721097
0.43487,22.5623,0.1145,22.561422013201312,0.0008779867986881129
0.58375,23.46355,0.14025,23.328382128802186,0.13516787119781526
0.66206,23.74875,0.17955,23.659256359374115,0.08949364062588572
0.62189,23.4108,0.1628,23.49457000161672,-0.08377000161672044
0.41664,22.5154,0.11755,22.450904607639576,0.06449539236042412
0.45169,22.36265,0.1377,22.65960053986193,-0.2969505398619319
0.73401,24.04855,0.24055,23.93124224643383,0.11730775356616974
0.74202,24.26275,0.21515,23.959886191447925,0.3028638085520754
0.34957,21.74,0.12,22.00121347747609,-0.26121347747609036
0.51476,23.18845,0.1355,22.999370976939122,0.1890790230608772
0.64364,23.60755,0.1943,23.58497979732299,0.022570202677009377
0.47058,22.65205,0.12925,22.76584116312795,-0.11379116312794935
0.26349,21.15515,0.1079,21.288977112631198,-0.13382711263119873
0.7427,23.92255,0.19885,23.96230399108848,-0.0397539910884781
0.91075,24.6116,0.16365,24.50106497689117,0.1105350231088309
0.33753,21.9137,0.10655,21.912078399728752,0.0016216002712461375
0.98377,24.92305,0.1439,24.704710793568726,0.21833920643127414
0.81369,24.26675,0.14105,24.20336526613165,0.06338473386834664
0.81773,24.3431,0.12085,24.21644875206545,0.12665124793455007
0.96075,24.5736,0.1577,24.642206232184837,-0.06860623218483752
0.75669,24.03965,0.1583,24.0115646338994,0.028085366100601306
0.87796,24.42165,0.14325,24.40420311116657,0.017446888833429597
0.80902,24.20795,0.1668,24.18816069149604,0.019789308503959546
0.62723,23.4134,0.138,23.51704776884114,-0.10364776884114235
0.93389,24.7653,0.2009,24.56733227303872,0.19796772696128073
0.69715,23.78265,0.16195,23.795338796754,-0.012688796753998588
0.76706,24.3849,0.17855,24.047501721962806,0.3373982780371918
0.86397,24.39625,0.15285,24.361766817444522,0.03448318255547633
0.51434,22.98745,0.11725,22.99724210903864,-0.009792109038642138
0.47039,23.1005,0.141,22.76479293328067,0.3357070667193298
0.9279,24.7789,0.1829,24.550338360021232,0.22856163997876777
0.63071,23.4092,0.1432,23.531596774925223,-0.1223967749252246
0.6157,23.56625,0.1433,23.46827893867673,0.09797106132327116
0.56475,23.2891,0.13595,23.241650182536834,0.047449817463167676
0.55775,23.2494,0.1349,23.208988835065046,0.040411164934955224
0.73561,24.06925,0.19205,23.93698838219093,0.1322616178090712
0.26199,21.15835,0.1082,21.2747520091462,-0.1164020091462028
0.76159,23.97575,0.15445,24.028605790383022,-0.05285579038302046
0.85852,24.54425,0.17845,24.345048517858206,0.19920148214179534
0.55875,23.6061,0.15165,23.213678786810735,0.3924212131892659
0.48072,22.74835,0.1138,22.821221689815626,-0.07287168981562786
0.92224,24.57175,0.18725,24.534178858771018,0.03757114122898386
0.47572,22.6952,0.109,22.79405312021409,-0.0988531202140912
0.8932,24.5781,0.1577,24.449666416009,0.1284335839910007
0.6319,23.1617,0.17705,23.536554045550876,-0.374854045550876
0.73602,24.02845,0.2108,23.938459065709825,0.08999093429017435
0.41865,22.38625,0.1152,22.463309932389922,-0.07705993238992193
0.53578,22.98355,0.1266,23.10386937968713,-0.12031937968712825
0.73501,24.09175,0.17825,23.934835124918617,0.1569148750813838
0.60987,23.5447,0.14865,23.44328229415039,0.10141770584960952
0.70198,23.8387,0.16475,23.81354346113285,0.025156538867150857
0.9833,24.78095,0.143,24.703449469287744,0.07750053071225693
0.75905,24.0557,0.15165,24.01978576516736,0.03591423483264222
0.64364,23.6045,0.2013,23.58497979732299,0.019520202677011156
0.51559,23.02365,0.1762,23.003573894126173,0.020076105873826577
0.80569,24.0139,0.1301,24.177265504721884,-0.1633655047218845
0.8007,23.82255,0.1606,24.16085501640948,-0.33830501640948185
0.71565,23.84395,0.19425,23.864408319541784,-0.020458319541784675
0.76668,24.2307,0.1806,24.046193461382874,0.18450653861712496
0.90173,24.5128,0.1511,24.4747736930445,0.0380263069554978
0.71868,23.68915,0.15095,23.8755532415154,-0.1864032415154
0.5796,23.1779,0.1197,23.30967198550921,-0.1317719855092072
0.96074,24.80925,0.14255,24.64217874830688,0.16707125169311965
0.64864,23.53665,0.159,23.605344188504734,-0.06869418850473252
0.93675,24.4717,0.1405,24.575407289245423,-0.10370728924542405
0.46156,22.76265,0.11115,22.715622583707447,0.047027416292554136
0.67065,23.78495,0.1775,23.693209149842037,0.09174085015796152
0.24649,21.16055,0.10805,21.123199344198486,0.03735065580151442
0.63822,23.49005,0.184,23.56273045000368,-0.07268045000368062
0.53532,23.06945,0.11085,23.101624452120102,-0.032174452120102615
0.77307,24.17605,0.17625,24.06811007346141,0.10793992653859164
0.3705,22.15255,0.1043,22.149592868281697,0.00295713171830414
0.69916,23.88895,0.1728,23.802929539511542,0.08602046048845935
0.3735,22.11185,0.1039,22.170219309501423,-0.058369309501422606
0.85298,24.3052,0.1508,24.32794499650605,-0.022744996506052217
0.60326,23.58805,0.1429,23.4146605378205,0.17338946217950024
0.53433,22.9223,0.1289,23.09678725375571,-0.17448725375571073
0.40048,22.2601,0.1151,22.349084406338402,-0.0889844063384011
0.3715,22.20135,0.10745,22.15648549982831,0.04486450017169119
0.83999,24.0253,0.15175,24.287402028673686,-0.2621020286736844
0.53278,23.059,0.11385,23.089196696413016,-0.03019669641301448
0.93225,24.704,0.21015,24.562690348139544,0.14130965186045685
0.55381,23.2838,0.1242,23.190432127252226,0.09336787274777336
0.84214,24.3261,0.1858,24.294155405929448,0.03194459407055206
0.72767,23.8687,0.19785,23.908351062548324,-0.03965106254832307
0.44255,22.67285,0.1137,22.606685042967218,0.06616495703278247
0.28251,21.5746,0.1073,21.46315048971437,0.11144951028563099
0.51961,23.03865,0.109,23.023838035379487,0.014811964620513152
1.0608,24.6873,0.16415,24.903569623500804,-0.21626962350080348
0.26849,21.24725,0.1051,21.33585926010743,-0.08860926010742887
0.2505,21.1763,0.1114,21.16323135185306,0.013068648146941086
0.69816,23.7924,0.2171,23.79915571385047,-0.006755713850470357
0.73012,23.7684,0.19115,23.91722026720547,-0.14882026720546904
0.99781,24.6122,0.0953,24.742109241630462,-0.12990924163046103
0.40946,22.451,0.10895,22.406129470696573,0.044870529303427276
0.12679,19.5429,0.11965,19.515933736199106,0.02696626380089384
0.25577,21.3344,0.1818,21.214954329792366,0.1194456702076323
0.08859,18.64345,0.10605,18.67861840266887,-0.03516840266886945
0.11782,19.19345,0.0991,19.343099962191676,-0.1496499621916776
0.18356,20.2951,0.1284,20.400721760917317,-0.10562176091731601
0.14055,19.871,0.11635,19.760021906811385,0.11097809318861351
0.15171,19.7933,0.10325,19.942141345449006,-0.14884134544900718
0.094,18.889,0.10285,18.815874404902036,0.07312559509796301
0.28631,21.6827,0.1504,21.496647441149467,0.18605255885053396
0.26318,21.3576,0.14295,21.286043168687474,0.07155683131252744
0.14167,19.79675,0.1047,19.778895617402622,0.017854382597377594
0.16053,19.9329,0.1156,20.077464252080087,-0.14456425208008739
0.1229,19.3948,0.11665,19.442434326104323,-0.04763432610432261
0.1262,19.36855,0.113,19.504922455994762,-0.13637245599476344
0.17331,20.15345,0.09925,20.261779204383235,-0.10832920438323512
0.16448,20.03175,0.1083,20.13584174379972,-0.10409174379972086
0.16018,19.92285,0.11045,20.072226580112773,-0.14937658011277222
0.24488,20.86815,0.1298,21.106956726243762,-0.2388067262437623
0.24805,20.98175,0.13435,21.138843356239054,-0.15709335623905218
0.27511,21.37075,0.15505,21.396708885216174,-0.0259588852161734
0.33015,21.9321,0.1589,21.855975420266635,0.07612457973336362
0.3307,21.82885,0.1481,21.860195910742984,-0.031345910742984984
0.1604,19.98615,0.10955,20.07551998290059,-0.0893699829005925
0.21861,20.87005,0.13435,20.82701684926049,0.04303315073950742
0.12005,19.36835,0.1021,19.387190141452106,-0.018840141452105996
0.17818,20.72835,0.1286,20.32871583228881,0.39963416771118787
0.279,21.50115,0.13265,21.431838246096607,0.06931175390339206
0.18562,20.48365,0.1298,20.427777191938606,0.05587280806139461
0.06641,17.9881,0.1134,18.017101411478667,-0.029001411478667194
0.25769,21.2775,0.14285,21.233554793292146,0.0439452067078534
0.27946,21.2773,0.1398,21.43596249127292,-0.15866249127292065
0.2655,21.0609,0.1301,21.30792148536889,-0.24702148536889013
0.18478,20.37525,0.1056,20.416778351471198,-0.0415283514711966
0.05715,17.65695,0.1072,17.675720189338936,-0.01877018933893737
0.32601,21.6733,0.1464,21.82399187265042,-0.1506918726504196
0.10902,19.1721,0.10285,19.161106803772388,0.010993196227612856
0.20299,20.7001,0.1382,20.645472511443483,0.05462748855651611
0.37949,22.13745,0.1395,22.21094647707236,-0.07349647707235718
0.21198,20.68915,0.12295,20.751470045515394,-0.06232004551539205
0.21327,20.78295,0.1364,20.76633840822866,0.016611591771340528
0.14393,19.83575,0.113,19.816560506091225,0.019189493908776
0.25218,21.1678,0.16095,21.179828365552492,-0.012028365552492204
0.25641,21.2758,0.1749,21.22116868367981,0.05463131632019014
0.2186,20.976,0.1685,20.826904510015932,0.14909548998406663
0.07883,18.5397,0.12205,18.4095664401159,0.1301335598841007
0.08328,18.7438,0.11605,18.53594762206497,0.20785237793502986
0.17008,20.2489,0.107,20.216416073065314,0.032483926934684604
0.23643,20.87655,0.14325,21.020063562515066,-0.1435135625150643
0.30538,21.3803,0.19765,21.65879338769283,-0.27849338769282994
0.08286,18.5179,0.1055,18.524297425135405,-0.006397425135403978
0.18905,20.2039,0.1187,20.472215299481146,-0.2683152994811451
0.08162,18.511,0.10425,18.48957139077783,0.021428609222169825
0.25626,21.2564,0.16145,21.219713322656606,0.03668667734339337
0.12631,19.58525,0.13485,19.506979117287845,0.07827088271215388
0.1028,19.16175,0.1443,19.023941427206,0.13780857279400038
0.1244,19.4784,0.1006,19.47103113591528,0.007368864084721594
0.37003,22.46065,0.1636,22.146347312284067,0.3143026877159336
0.20192,20.38595,0.11475,20.632569359258706,-0.24661935925870537
0.18004,20.68245,0.14335,20.353835049096983,0.32861495090301673
0.16163,20.1359,0.1299,20.093854161595974,0.042045838404025204
0.22644,20.8771,0.141,20.913562646523022,-0.03646264652302378
0.29649,21.4449,0.1446,21.58440347032855,-0.13950347032854893
0.24999,21.20115,0.13305,21.158173220353863,0.042976779646135554
0.14864,19.91815,0.1063,19.893318634441886,0.02483136555811427
0.14711,19.776,0.10335,19.868636333407412,-0.09263633340741251
0.2149,21.20185,0.1483,20.78500778522437,0.416842214775631
0.14462,19.8106,0.13965,19.827950820147013,-0.017350820147012058
0.13226,19.9293,0.1333,19.615796342688878,0.3135036573111236
0.2195,21.00055,0.1346,20.836997104395007,0.16355289560499386
0.38447,22.40575,0.14945,22.244353686272778,0.16139631372722363
0.1742,20.3461,0.1115,20.27414146184461,0.0719585381553891
0.17772,20.20345,0.1224,20.32246647208351,-0.11901647208350852
0.29911,21.51975,0.1301,21.606538660935552,-0.08678866093555371
0.1187,19.44875,0.1339,19.36059221061507,0.08815778938492969
0.17685,20.2397,0.106,20.310605114879028,-0.07090511487902873
0.24526,21.3752,0.1882,21.11079960063903,0.2644003993609694
0.1959,20.54825,0.11935,20.558775470992646,-0.010525470992647001
0.24832,21.09655,0.1326,21.141541900949786,-0.044991900949785446
0.30617,21.77705,0.16135,21.6653067193479,0.11174328065209949
0.24616,21.1569,0.13055,21.1198777352708,0.037022264729198895
0.13527,19.9671,0.1135,19.669113116670335,0.2979868833296635
0.21028,20.6402,0.1335,20.731748938856686,-0.09154893885668614
0.23603,21.1547,0.12315,21.015879495246875,0.13882050475312369
0.17831,20.37535,0.1134,20.33047946394389,0.044870536056109245
0.22043,20.81795,0.15445,20.847386103013267,-0.02943610301326771
0.31468,21.8201,0.1572,21.734502753528,0.08559724647199829
0.1846,20.55175,0.1118,20.414415668874444,0.1373343311255546
0.2611,21.2036,0.13865,21.266276862628676,-0.062676862628674
0.18122,20.21145,0.10535,20.369646505583393,-0.15819650558339404
0.38003,22.03255,0.1506,22.214588781585068,-0.18203878158506726
0.1846,20.38765,0.1082,20.414415668874444,-0.026765668874443094
0.20824,20.65465,0.12075,20.707887114503162,-0.05323711450316182
0.17746,20.33625,0.12905,20.318927879107665,0.017322120892334425
0.31555,21.7168,0.15355,21.74147942013484,-0.02467942013484148
0.24954,21.1676,0.1247,21.153701656333833,0.013898343666166824
0.20324,20.6509,0.11955,20.648478448682713,0.0024215513172869407
0.12347,19.4198,0.10285,19.453339281652365,-0.033539281652366526
0.20314,20.64385,0.12035,20.647276445682312,-0.003426445682311652
0.15352,20.1226,0.10495,19.970497091686187,0.152102908313811
0.33398,21.9349,0.1592,21.885234278508936,0.04966572149106341
0.19582,20.5286,0.1151,20.5577809149983,-0.029180914998299556
0.24943,21.0769,0.14445,21.152607448922776,-0.07570744892277759
0.1549,20.0251,0.1063,19.991909058992324,0.033190941007674724
0.15625,19.98785,0.12595,20.012683538288552,-0.024833538288550727
0.15819,19.81685,0.12375,20.042248395755227,-0.2253983957552279
0.309,21.8114,0.19685,21.68851286081956,0.12288713918043825
0.24828,21.1261,0.1388,21.141142267278195,-0.015042267278193577
0.18484,20.31575,0.1235,20.41756547855235,-0.10181547855234996
0.18353,20.5074,0.1247,20.400325711584475,0.10707428841552513
0.18212,20.37965,0.13765,20.381642690215354,-0.001992690215352866
0.17675,20.28545,0.129,20.30923839227817,-0.023788392278170534
0.17748,20.0718,0.12115,20.319200343311653,-0.24740034331165361
0.0718,18.0121,0.1254,18.19535852952473,-0.18325852952472843
0.13796,19.66285,0.10475,19.715834736562986,-0.05298473656298697
0.16941,20.46515,0.1317,20.20690697297694,0.25824302702305957
0.24527,20.7198,0.14705,21.11090066332049,-0.39110066332048987
0.14406,19.81665,0.10485,19.81871014918271,-0.002060149182710802
0.25163,21.2338,0.1462,21.174405713422953,0.05939428657704582
0.03743,16.7708,0.1166,16.723432475080106,0.04736752491989549
0.27716,21.8807,0.2055,21.415278632038127,0.4654213679618735
0.28712,21.2668,0.1491,21.50373493404091,-0.23693493404091015
0.19845,20.61015,0.13895,20.59028572101931,0.019864278980691097
0.16031,20.07605,0.129,20.074173153375785,0.0018768466242136128
0.21053,21.0136,0.15075,20.734657899739172,0.2789421002608279
0.23753,21.0147,0.1316,21.03153573560525,-0.016835735605248203
0.15499,20.14265,0.11795,19.99329900254681,0.14935099745319036
0.0939,18.94955,0.14945,18.813406312391937,0.13614368760806173
0.15253,20.08555,0.11355,19.95502666465767,0.13052333534233185
0.25693,21.2741,0.1446,21.226207210795852,0.0478927892041483
0.21231,20.80065,0.1303,20.75528175711919,0.045368242880812204
0.24583,20.88445,0.13085,21.116552363276444,-0.23210236327644296
0.13679,19.76485,0.11075,19.69561927526134,0.06923072473865943
0.32529,21.9051,0.1809,21.818391332017274,0.0867086679827267
0.10643,19.09035,0.10245,19.104910125261274,-0.014560125261272816
0.4008,22.30585,0.1602,22.35113749263211,-0.045287492632109405
0.1891,20.4864,0.13035,20.47285747904905,0.01354252095094921
0.19731,20.4352,0.1122,20.576245207200852,-0.1410452072008539
0.12783,19.5616,0.132,19.5352266928267,0.02637330717329789
0.12291,19.44025,0.1033,19.442626063257027,-0.002376063257027994
0.12687,19.59325,0.10365,19.51742282220538,0.075827177794622
0.21311,20.67635,0.1429,20.76449873020805,-0.08814873020805081
0.21075,20.727,0.12695,20.73721537981145,-0.0102153798114486
0.26826,21.4883,0.15275,21.33372051133458,0.15457948866541926
0.20431,20.66435,0.12435,20.661304371212,0.003045628787997856
0.26991,21.2859,0.12695,21.349027351251788,-0.06312735125178648
0.24162,20.98075,0.15175,21.073765688328645,-0.09301568832864504
0.2908,21.236,0.14645,21.53570241526651,-0.2997024152665091
0.35306,21.81675,0.1515,22.02651857381696,-0.20976857381696234
0.28509,21.60225,0.15435,21.485938132064977,0.11631186793502479
0.21929,20.6719,0.1534,20.834645942046112,-0.16274594204611148
0.17537,20.24765,0.1249,20.2903035537803,-0.04265355378030122
0.23517,20.9929,0.1458,21.00686246627183,-0.013962466271831175
0.15298,19.99965,0.1096,19.96206981942456,0.037580180575439215
0.20982,20.90475,0.1584,20.726386398481328,0.17836360151867225
0.29121,21.51945,0.1501,21.53924072327008,-0.01979072327008069
0.31353,21.8225,0.14945,21.725253714758647,0.09724628524135426
0.13672,19.7402,0.1138,19.69440444030246,0.04579555969754168
0.29532,21.7708,0.1925,21.574460279571316,0.19633972042868564
0.30369,21.49625,0.135,21.64480679766304,-0.14855679766304064
0.20532,20.73155,0.1351,20.673354298049016,0.058195701950982226
0.12175,19.34125,0.09805,19.42028855579682,-0.07903855579682073
0.17424,20.2369,0.11045,20.27469556975827,-0.03779556975826992
0.24862,21.2028,0.13995,21.14453748467989,0.05826251532010929
0.2453,21.1159,0.14105,21.111203831203742,0.0046961687962578935
0.13816,19.8495,0.1169,19.71927378281355,0.13022621718645055
0.24288,21.02795,0.1175,21.086642988382284,-0.05869298838228332
0.24237,21.18455,0.15195,21.081437984805053,0.10311201519494873
0.31437,21.3618,0.137,21.732012987103023,-0.37021298710302375
0.2754,21.4485,0.153,21.39934347931079,0.04915652068920906
0.30004,21.4204,0.15885,21.61435285007291,-0.19395285007290752
0.21735,20.89395,0.15665,20.81282382245993,0.0811261775400709
0.20311,20.5734,0.12555,20.646915748124908,-0.07351574812490824
0.19005,20.4061,0.1552,20.485031005027817,-0.07893100502781891
0.29003,21.3714,0.15315,21.529044306741685,-0.15764430674168395
0.22796,20.83435,0.15045,20.930042857582354,-0.09569285758235324
0.31032,21.45975,0.15795,21.699269837806252,-0.2395198378062524
0.13712,20.12265,0.11415,19.70133651394573,0.4213134860542702
0.08798,18.6796,0.1066,18.662647874438857,0.01695212556114356
0.08534,18.62285,0.1057,18.592293736828548,0.030556263171451548
0.19024,20.6486,0.11825,20.487458531610937,0.16114146838906152
0.09278,18.8576,0.109,18.785587783468674,0.07201221653132706
0.12891,19.58985,0.12795,19.555106860966294,0.034743139033704296
0.26136,21.1668,0.15835,21.26875535824261,-0.1019553582426127
0.26132,21.4559,0.17885,21.2683742247126,0.18752577528740133
0.1957,20.61715,0.12925,20.556288439644188,0.060861560355810695
0.14723,19.83975,0.1218,19.870580571141456,-0.030830571141457597
0.21154,21.14485,0.1818,20.746380069446484,0.3984699305535173
0.17972,20.30175,0.11325,20.34953119171036,-0.047781191710360105
0.1907,20.6928,0.11925,20.493327229647786,0.19947277035221234
0.3385,21.7897,0.1618,21.919367797036916,-0.129667797036916
0.11762,19.41925,0.10595,19.33910820747123,0.08014179252877085
0.28854,21.5295,0.1639,21.51611455724586,0.013385442754138666
0.26377,21.2679,0.15695,21.29162371407426,-0.023723714074257884
0.24931,21.38165,0.1409,21.15141332042131,0.23023667957869165
0.22939,20.8794,0.1271,20.945455541758104,-0.06605554175810369
0.08575,18.608,0.10035,18.603354865562242,0.004645134437758713
0.27631,21.62545,0.19055,21.407594217982226,0.2178557820177751
0.36165,22.1744,0.1645,22.087827465003667,0.086572534996332
0.30006,21.62535,0.16525,21.614520642403892,0.01082935759610848
0.11659,19.38465,0.1036,19.318445554427438,0.06620444557256278
0.15474,19.83105,0.1045,19.989435279904757,-0.15838527990475626
0.2501,21.2982,0.13225,21.159264898796078,0.1389351012039235
0.25149,21.209,0.1266,21.17302378620609,0.035976213793908585
0.12941,19.5471,0.1075,19.564256846970036,-0.01715684697003539
0.30894,21.72385,0.1693,21.688022948079603,0.03582705192039626
0.29859,21.66705,0.1633,21.602160024473026,0.06488997552697384
0.27057,21.3419,0.169,21.35512587052001,-0.013225870520010119
0.29318,21.57975,0.1437,21.556178944216132,0.023571055783868644
0.18988,20.46505,0.1185,20.48285693799362,-0.017806937993618988
0.12368,19.4023,0.1022,19.457344602113768,-0.05504460211376738
0.31262,21.63085,0.14295,21.717912577758018,-0.08706257775801873
0.3088,21.83605,0.15525,21.686879527592243,0.14917047240775716
0.20244,20.60265,0.13765,20.63884851717287,-0.03619851717287048
0.21139,20.6247,0.1276,20.744642692621238,-0.1199426926212368
0.1787,20.4025,0.1152,20.33576334713253,0.0667366528674691
0.30317,21.872,0.13765,21.640489111672753,0.23151088832724653
0.21432,20.8217,0.1308,20.778379353492102,0.043320646507897465
0.32007,21.6956,0.1358,21.77744077357075,-0.08184077357075026
0.21791,20.9318,0.14225,20.819141226615702,0.11265877338429675
0.07523,18.2988,0.10185,18.302255540906746,-0.0034555409067458243
0.2574,21.37115,0.15,21.230753182641866,0.14039681735813403
0.18446,20.3647,0.13065,20.412576675561954,-0.047876675561955295
0.11639,19.29475,0.10185,19.31441392343927,-0.019663923439271258
0.06481,17.87655,0.1109,17.961516766641534,-0.08496676664153213
0.10298,19.16045,0.103,19.02801934786375,0.13243065213625016
0.04437,16.92415,0.11995,17.104616819593577,-0.18046681959357613
0.16576,19.9345,0.12155,20.154480559383618,-0.21998055938361816
0.16799,20.0523,0.1219,20.18663627822733,-0.1343362782273303
0.17043,20.12375,0.14255,20.221370155864864,-0.09762015586486328
0.12029,19.52005,0.11295,19.391888991465567,0.12816100853443402
0.13855,19.76995,0.1308,19.725967376669953,0.043982623330048654
0.23353,20.92065,0.1527,20.989581050218522,-0.06893105021852364
0.24615,21.0223,0.14645,21.11977701981817,-0.09747701981816803
0.22259,21.0804,0.1546,20.871359360891507,0.20904063910849402
0.17893,20.2809,0.1225,20.338873693313037,-0.0579736933130377
0.19694,20.5818,0.1167,20.571672396768474,0.010127603231527615
0.22889,20.99445,0.14355,20.94007626904848,0.05437373095152154
0.26419,21.45355,0.1665,21.295589372850802,0.15796062714919756
0.1034,19.10195,0.1007,19.03750767520066,0.06444232479933731
0.21313,20.73185,0.12325,20.76472875280049,-0.0328787528004888
0.1568,19.944,0.1104,20.021099498140554,-0.07709949814055506
0.24317,21.24885,0.15475,21.089598226548947,0.15925177345105368
0.23823,21.2481,0.14335,21.038810380546526,0.20928961945347524
0.20827,20.70195,0.1319,20.70823952664283,-0.0062895266428313334
0.25085,21.4064,0.1659,21.166697777836614,0.23970222216338755
0.2251,20.861,0.12955,20.898949508491317,-0.03794950849131595
0.28707,21.45405,0.14295,21.5032978954761,-0.04924789547609976
0.32944,21.65335,0.14295,21.850516383334497,-0.19716638333449765
0.24575,21.128,0.1225,21.115745664642223,0.012254335357777535
0.11981,19.65185,0.142,19.382482663349915,0.2693673366500846
0.32891,22.21015,0.20955,21.84643496035527,0.3637150396447275
0.21037,20.57655,0.1203,20.732796514959613,-0.15624651495961217
0.20284,20.7349,0.1164,20.643667460152255,0.09123253984774493
0.28403,21.2982,0.13635,21.476598750237795,-0.17839875023779328
0.18046,20.13755,0.10565,20.359473667200877,-0.2219236672008762
0.26043,21.31275,0.1521,21.259878346883387,0.05287165311661468
0.14774,19.8403,0.1023,19.87882820651954,-0.038528206519540475
0.32753,21.80515,0.13855,21.835777942249056,-0.03062794224905474
0.24177,21.3452,0.1569,21.075302131681813,0.26989786831818563
0.22308,20.93075,0.1281,20.876767591386415,0.053982408613585164
0.18261,20.58185,0.1376,20.38815007201511,0.19369992798488767
0.15286,20.0024,0.10245,19.96019358755554,0.042206412444460994
0.13806,19.70325,0.10245,19.717554806180626,-0.014304806180625462
0.2071,21.03995,0.18575,20.69445873998291,0.3454912600170914
0.20291,20.64165,0.1209,20.64450995653036,-0.0028599565303615293
0.19777,20.49105,0.129,20.581920278382317,-0.0908702783823152
0.2223,20.9356,0.1392,20.868152800251092,0.06744719974890856
0.27307,21.30625,0.14505,21.378102815634843,-0.0718528156348448
0.18628,20.52515,0.11385,20.436386535909623,0.08876346409037694
0.15933,19.83815,0.1054,20.059464716220507,-0.22131471622050825
0.21911,20.8854,0.1261,20.832628387086157,0.052771612913844024
0.17354,20.4812,0.1283,20.26497929081604,0.2162207091839612
0.2441,20.96025,0.1449,21.099052952337505,-0.13880295233750672
0.13366,19.59395,0.101,19.64073395690306,-0.046783956903059476
0.28313,21.4441,0.13595,21.46864372242251,-0.024543722422510683
0.17365,20.3284,0.1373,20.266508485382705,0.06189151461729381
0.1963,20.70795,0.1369,20.56374312984609,0.14420687015390854
0.36924,22.26255,0.14325,22.140883317716256,0.12166668228374533
0.20562,20.5658,0.12095,20.676923389109806,-0.11112338910980668
0.17371,20.28215,0.12665,20.26734224250244,0.014807757497560914
0.12672,19.526,0.1097,19.51463010339747,0.011369896602531071
0.284,21.474,0.15145,21.47633400095376,-0.00233400095375913
0.19358,20.5958,0.1361,20.529776386616195,0.06602361338380547
0.10036,18.95705,0.11145,18.967987181998442,-0.01093718199844318
0.37386,22.3047,0.0854,22.172684156494437,0.13201584350556317
0.11787,19.35185,0.11365,19.344096956577776,0.007753043422223271
0.1919,20.5315,0.1404,20.508575799653695,0.022924200346306378
0.23657,21.01435,0.146,21.02152615553921,-0.007176155539209361
0.15881,19.99615,0.1245,20.051625186425017,-0.05547518642501714
0.07877,18.7576,0.11205,18.40781634768243,0.34978365231756925
0.13847,19.99935,0.13335,19.724595680824937,0.274754319175063
0.23359,20.88475,0.1537,20.99021526736205,-0.10546526736204953
0.1567,20.02475,0.15485,20.01957122605017,0.005178773949829463
0.08833,18.4809,0.11615,18.671824591394813,-0.19092459139481477
0.12995,19.79635,0.12165,19.574103808907307,0.22224619109269383
0.18223,20.3359,0.12625,20.38310482456605,-0.047204824566051684
0.25654,21.13985,0.14805,21.222429438870062,-0.08257943887006292
0.21651,20.8123,0.13625,20.803319306322454,0.008980693677546725
0.14519,19.90865,0.1399,19.83732092227172,0.0713290777282829
0.13653,19.58645,0.1105,19.69110427344815,-0.10465427344815126
0.20493,20.934,0.1568,20.6687079526392,0.26529204736080203
0.36939,22.04745,0.1558,22.141921696042974,-0.09447169604297301
0.12924,19.61205,0.10875,19.561149362608692,0.05090063739130812
0.26658,21.33225,0.14765,21.31804605938075,0.01420394061924668
0.27805,21.3866,0.13915,21.423301296782977,-0.036701296782975845
0.17461,20.5056,0.1317,20.279815922941783,0.22578407705821846
0.11376,19.1271,0.10675,19.260779415790328,-0.13367941579032916
0.11229,19.38095,0.1026,19.230292476874897,0.15065752312510128
0.15333,19.8424,0.10465,19.967534877310303,-0.12513487731030182
0.1965,20.7379,0.13845,20.566223765482885,0.17167623451711478
0.18914,20.88525,0.12885,20.473371119342875,0.41187888065712386
0.17708,20.47675,0.1273,20.313746077320527,0.16300392267947217
0.21731,20.7809,0.13945,20.812372062761508,-0.03147206276150882
0.18542,20.33785,0.1283,20.425163177973783,-0.08731317797378324
0.16382,20.0237,0.11915,20.126179116818204,-0.10247911681820199
0.2569,21.34695,0.16715,21.22591681391371,0.1210331860862901
0.1218,19.58065,0.13445,19.421255569504954,0.15939443049504476
0.16514,20.09405,0.10665,20.14546979242515,-0.05141979242515049
0.1984,20.6407,0.1317,20.589671469870122,0.051028530129876515
0.26828,21.39935,0.16265,21.333906548002123,0.06544345199787571
0.40078,22.165,0.1348,22.35100921075861,-0.1860092107586091
0.14566,19.6731,0.12755,19.845022458358347,-0.1719224583583454
0.05573,17.56165,0.10915,17.618719874796373,-0.05706987479637249
0.22425,21.16495,0.15345,20.88963773870974,0.2753122612902601
0.28622,21.42305,0.15585,21.495858957550677,-0.07280895755067718
0.18365,20.55265,0.14145,20.40190957935211,0.15074042064788884
0.1036,18.96075,0.10555,19.042013703855947,-0.08126370385594583
0.33096,22.03,0.19055,21.862189154368597,0.16781084563140425
0.2184,20.76195,0.1415,20.824656829903436,-0.06270682990343701
0.26327,21.035,0.1514,21.286895338719763,-0.25189533871976266
0.16267,20.2483,0.1303,20.10925499764139,0.1390450023586105
0.10689,19.2184,0.10455,19.114983739624233,0.10341626037576646
0.16503,20.0849,0.11585,20.143867852422357,-0.058967852422355804
0.10757,19.24475,0.10865,19.129802361006835,0.11494763899316496
0.12913,19.5083,0.1143,19.55913671199855,-0.050836711998552886
0.05948,17.71775,0.12625,17.76636286384691,-0.048612863846912546
0.04093,17.0528,0.11665,16.923526954959843,0.1292730450401578
0.01705,14.85645,0.1832,14.980450708976665,-0.1240007089766646
0.01531,14.59755,0.1613,14.743615747801702,-0.14606574780170156
0.01472,14.6158,0.14905,14.657238440028767,-0.04143844002876662
0.02673,15.97105,0.16165,15.973824447317508,-0.0027744473175079776
0.01732,14.8718,0.1587,15.01504206537906,-0.14324206537905937
0.04437,16.72085,0.19805,17.104616819593577,-0.3837668195935784
0.01567,14.4307,0.15405,14.794727434359846,-0.36402743435984597
0.02477,15.6593,0.1718,15.8050400285581,-0.14574002855809987
0.038,16.7664,0.13185,16.7572264884738,0.009173511526199718
0.0299,16.2413,0.123,16.222698722087248,0.018601277912750902
0.01012,13.90745,0.19825,13.83540123035964,0.07204876964036089
0.0258,16.1648,0.1376,15.895307071699822,0.2694929283001777
0.01038,14.0496,0.2048,13.89094590096624,0.15865409903375927
0.03791,16.5851,0.2001,16.75192306394501,-0.16682306394501012
0.03507,16.45115,0.16785,16.57795886571849,-0.12680886571849115
0.01268,14.4486,0.171,14.329661073614599,0.11893892638540216
0.02525,15.82815,0.13295,15.847553308848493,-0.019403308848492173
0.01908,15.3534,0.14115,15.228306856627402,0.1250931433725988
0.03489,16.36835,0.1667,16.566473627719187,-0.19812362771918757
0.0295,16.3438,0.12735,16.192761341669136,0.15103865833086516
0.03416,16.57565,0.1563,16.519299920152616,0.05635007984738394
0.04067,16.7928,0.1127,16.90924722109825,-0.11644722109825167
0.07515,17.8882,0.1248,18.29981571269496,-0.4116157126949602
0.05581,17.23215,0.12285,17.621967909242134,-0.389817909242133
0.02529,15.7896,0.1405,15.8510602423118,-0.06146024231179936
0.03501,16.6581,0.12485,16.574137144125675,0.08396285587432573
0.02846,16.0051,0.13405,16.1130178653834,-0.10791786538340276
0.0328,16.64085,0.12525,16.42873569485784,0.2121143051421619
0.03378,16.38795,0.1403,16.49435460824375,-0.10640460824374998
0.04597,17.2822,0.1025,17.184252936485567,0.09794706351443239
0.04341,16.93145,0.1209,17.05548806327467,-0.12403806327466782
0.05684,17.73355,0.1203,17.663393995708656,0.07015600429134494
0.02024,15.2868,0.12735,15.358512739262057,-0.07171273926205757
0.03191,16.59205,0.12775,16.367459815857973,0.22459018414202703
0.0415,16.9967,0.1259,16.954529935737643,0.0421700642623577
0.02639,15.93305,0.1399,15.945433727042559,-0.0123837270425593
0.02651,16.06745,0.1248,15.955494323574246,0.11195567642575455
0.02689,15.87545,0.126,15.987063686326682,-0.111613686326681
0.02349,15.6236,0.1338,15.687582616726619,-0.06398261672661931
0.05067,17.57225,0.158,17.40356119454349,0.16868880545651166
0.04093,16.7302,0.1297,16.923526954959843,-0.19332695495984353
0.06877,18.16815,0.11055,18.096792750288888,0.07135724971111301
0.01754,14.9841,0.1341,15.042838877570194,-0.05873887757019425
0.02557,15.8607,0.1496,15.875458849165017,-0.014758849165017907
0.02189,15.53085,0.1381,15.531587927693725,-0.000737927693725382
0.03155,16.1279,0.14115,16.342201190668522,-0.2143011906685217
0.06845,18.31035,0.1248,18.086141065015912,0.22420893498408745
0.02249,15.56975,0.1391,15.59136281285016,-0.021612812850159813
0.04949,17.32405,0.12545,17.35040928440664,-0.026359284406641592
0.03161,16.3736,0.12625,16.34643138838391,0.027168611616090743
0.03434,16.61295,0.1249,16.531021319191655,0.08192868080834614
0.04486,17.2055,0.14795,17.129296663998264,0.07620333600173623
0.01531,14.74935,0.1526,14.743615747801702,0.005734252198298151
0.03048,16.25295,0.1342,16.265426783354922,-0.012476783354923526
0.03837,16.9021,0.16555,16.778903602183174,0.12319639781682667
0.03682,16.77055,0.12655,16.68670370724507,0.08384629275493083
0.0221,15.7795,0.13695,15.55268897382864,0.22681102617135984
0.01402,14.64805,0.16195,14.55018809735957,0.09786190264042993
0.0589,17.792,0.11395,17.744124068861435,0.047875931138566585
0.05895,17.7707,0.10045,17.746049290616075,0.024650709383926994
0.06888,18.1778,0.15105,18.100443610626417,0.07735638937358402
0.0204,15.7067,0.156,15.375893842366953,0.330806157633047
0.02894,16.02685,0.1316,16.150168702798855,-0.12331870279885493
0.02384,15.7013,0.1335,15.720313813838263,-0.019013813838263616
0.01451,14.89705,0.16765,14.62565956129605,0.27139043870394985
0.03292,16.452,0.1185,16.436871462440525,0.01512853755947674
0.06455,17.78945,0.1136,17.95236146118093,-0.1629114611809328
0.01663,15.01385,0.15025,14.925542732604317,0.08830726739568284
0.05359,17.4687,0.1439,17.530119613252833,-0.06141961325283418
0.03163,16.21965,0.11945,16.347839730904962,-0.12818973090496044
0.02751,15.9978,0.1291,16.037641864424,-0.03984186442399995
0.02559,15.5514,0.1259,15.877191655698862,-0.3257916556988629
0.02401,15.78645,0.12635,15.736038994103499,0.05041100589650149
0.03713,16.56045,0.1177,16.705443021868152,-0.144993021868153
0.03408,16.39975,0.12455,16.514071304883704,-0.11432130488370262
0.02454,15.6001,0.1278,15.784378047127188,-0.18427804712718832
0.01697,14.91335,0.1531,14.970098204863792,-0.056748204863792395
0.01629,15.17685,0.15115,14.880083510101148,0.296766489898852
0.03184,16.34225,0.12125,16.36257059888703,-0.02032059888702875
0.037,16.74885,0.12725,16.697602963146867,0.05124703685313392
0.02932,15.8648,0.1457,16.17915895253576,-0.31435895253576085
0.0174,15.26595,0.1485,15.02518984479018,0.24076015520981997
0.03578,16.59205,0.1761,16.622700116560882,-0.030650116560881457
0.02845,16.04785,0.1364,16.1122374523427,-0.06438745234270016
0.05035,17.2903,0.16335,17.38926524693537,-0.09896524693537145
0.04269,16.93325,0.117,17.0179465465658,-0.08469654656579806
0.03212,16.23615,0.1431,16.38206559131108,-0.14591559131108056
0.02752,16.0669,0.14255,16.03844842358966,0.02845157641034035
0.03049,16.28725,0.1419,16.266156556631078,0.021093443368922493
0.01724,14.9294,0.1556,15.004848220522522,-0.07544822052252265
0.07063,18.05925,0.1229,18.157777733893543,-0.09852773389354397
0.05344,17.62205,0.1398,17.523782574671383,0.09826742532861843
0.02878,16.10835,0.12155,16.13785184117688,-0.029501841176877264
0.03518,16.42245,0.15235,16.58494733204728,-0.16249733204728045
0.03348,16.4802,0.15235,16.474464226747667,0.005735773252332876
0.04651,17.18185,0.11625,17.210526768181357,-0.028676768181355783
0.06119,17.9246,0.11905,17.830742072014278,0.09385792798572368
0.04714,17.16275,0.12315,17.240806760149898,-0.07805676014989871
0.0212,15.4466,0.1437,15.46082664869829,-0.01422664869829049
0.04028,16.8206,0.11335,16.887655454929156,-0.06705545492915732
0.03863,16.86145,0.1275,16.794012192792383,0.06743780720761805
0.03314,16.39225,0.12215,16.451713042844435,-0.05946304284443471
0.02414,15.68035,0.1291,15.747991171695947,-0.06764117169594641
0.02837,16.1044,0.12155,16.105984563491777,-0.0015845634917788232
0.01043,13.9248,0.20035,13.901468936148259,0.023331063851740552
0.02038,15.42955,0.14185,15.373729076676558,0.05582092332344324
0.0471,16.9842,0.14465,17.238895692967464,-0.25469569296746286
0.03984,16.7074,0.1146,16.863053958763903,-0.15565395876390298
0.0122,14.4566,0.1737,14.245008333032818,0.21159166696718223
0.01271,14.2811,0.1749,14.334845493271349,-0.053745493271348366
0.01763,14.9354,0.1562,15.054111900374789,-0.11871190037478918
0.02171,15.502,0.13615,15.513343513666168,-0.011343513666167482
0.01572,14.86115,0.1939,14.801734856980243,0.059415143019757366
0.01972,15.27645,0.15785,15.301074784979722,-0.024624784979721426
0.01678,14.92685,0.15925,14.945308978520924,-0.018458978520923708
0.01226,14.4674,0.17765,14.255769823877703,0.21163017612229673
0.05322,17.57915,0.12805,17.514457793125967,0.06469220687403165
0.03055,15.88935,0.45085,16.27052964097611,-0.3811796409761108
0.03001,16.1733,0.12025,16.230863576409536,-0.057563576409535244
0.01506,14.6193,0.15445,14.707421774769447,-0.08812177476944605
0.0153,14.6705,0.1456,14.742179178202175,-0.0716791782021744
0.04713,17.1679,0.1151,17.240329137917346,-0.07242913791734651
0.03411,16.515,0.1148,16.51603341948959,-0.0010334194895911253
0.0152,14.53545,0.1635,14.727762511723942,-0.19231251172394082
0.01504,14.69915,0.1491,14.704500792494077,-0.005350792494077439
0.02763,16.23455,0.1179,16.047301862722865,0.18724813727713396
0.03359,16.59355,0.1061,16.48177723872654,0.11177276127346047
0.01447,14.6408,0.16555,14.619593345690607,0.021206654309393613
0.02547,15.86575,0.1242,15.866775007591503,-0.0010250075915028134
0.01082,14.0086,0.18445,13.981878031256844,0.026721968743155244
0.01741,15.1,0.1498,15.0264550992832,0.07354490071679898
0.02031,15.30565,0.1353,15.36613434438981,-0.06048434438980976
0.04819,17.4344,0.12175,17.29041563120582,0.14398436879417886
0.02223,15.3918,0.13205,15.565653717459757,-0.17385371745975675
0.02811,16.3465,0.12485,16.08553931095153,0.2609606890484706
0.05458,17.4521,0.1018,17.571523502459623,-0.11942350245962174
0.05721,17.60445,0.1094,17.678098632545808,-0.07364863254580811
0.02091,15.36595,0.1368,15.43040596424638,-0.06445596424637934
0.01454,14.99535,0.1656,14.63019843607044,0.36515156392955994
0.0431,16.97675,0.10685,17.039400177304845,-0.06265017730484601
0.03273,16.3843,0.1205,16.42397506614414,-0.039675066144141624
0.03399,16.35135,0.11105,16.508174964173836,-0.15682496417383618
0.01382,14.47835,0.15385,14.518634725761164,-0.04028472576116293
0.05092,17.42035,0.1224,17.41466972063002,0.005680279369979502
0.01752,15.0558,0.1465,15.04032606110157,0.015473938898429296
0.02482,15.64995,0.13485,15.809507056380927,-0.1595570563809261
0.0288,16.09165,0.13605,16.139395070732302,-0.04774507073230083
0.01568,14.7589,0.1525,14.796130674704951,-0.03723067470495067
0.02197,15.36745,0.1436,15.539649615873987,-0.17219961587398736
0.03426,16.4701,0.12025,16.52581913085763,-0.05571913085763214
0.01698,14.6697,0.1558,14.971394882475057,-0.30169488247505605
0.02752,16.23595,0.1341,16.03844842358966,0.19750157641033894
0.03438,16.6071,0.12105,16.53361803857592,0.07348196142407915
0.01318,14.55605,0.17285,14.41453061602051,0.1415193839794906
0.01726,14.9156,0.1511,15.0074010236285,-0.09180102362850029
0.01209,13.9791,0.1914,14.225142652333272,-0.24604265233327105
0.05418,17.3218,0.11385,17.55488384448024,-0.233083844480241
0.0197,15.45455,0.1578,15.298836165066152,0.15571383493384694
0.01662,14.6312,0.14705,14.924218768514013,-0.2930187685140133
0.02398,15.8239,0.13525,15.73327185432942,0.0906281456705802
0.03144,16.31895,0.12075,16.33442560559371,-0.01547560559371064
0.01291,14.1903,0.1716,14.369103152246925,-0.17880315224692467
0.03827,16.99715,0.1201,16.773064763490982,0.22408523650901913
0.01532,14.9486,0.16405,14.745051395495064,0.2035486045049364
0.02643,15.91835,0.1425,15.948792185968625,-0.030442185968624358
0.0202,15.02285,0.15165,15.354145957639556,-0.331295957639556
0.0373,16.8196,0.11505,16.71565572474763,0.10394427525237049
0.02348,15.66265,0.13895,15.686640373887645,-0.02399037388764569
0.01635,14.8831,0.1518,14.888173002137766,-0.005073002137764959
0.02275,15.5348,0.13625,15.61677848063032,-0.08197848063031898
0.23027,21.0138,0.14645,20.95489568041363,0.058904319586368104
0.38164,22.52675,0.14085,22.22541887489834,0.30133112510165816
0.2534,21.09145,0.11245,21.191816663521546,-0.1003666635215481
0.15269,19.93715,0.11585,19.957533403291794,-0.020383403291795332
0.43673,22.84545,0.14185,22.5724526756936,0.2729973243063988
0.10242,19.15365,0.1077,19.01530922291199,0.13834077708800763
0.37164,22.12745,0.10645,22.157449179828358,-0.029999179828358535
0.46664,22.7822,0.11645,22.744018002883568,0.03818199711643189
0.19602,20.50135,0.109,20.560266664274412,-0.05891666427441322
0.31156,21.7417,0.10825,21.709336521314608,0.03236347868539369
0.0322,16.472,0.1289,16.387605463920696,0.08439453607930503
0.10989,19.29245,0.12085,19.17970288017236,0.11274711982763819
0.22562,20.723,0.12425,20.90462945040746,-0.1816294504074598
0.26051,21.22765,0.12265,21.260643047338608,-0.032993047338607084
0.22556,20.8629,0.1228,20.903974624317716,-0.0410746243177158
0.44758,22.59905,0.1524,22.635931972147052,-0.03688197214705369
0.44007,22.85455,0.16925,22.592150141810063,0.26239985818993716
0.33742,21.74045,0.14605,21.911250543322307,-0.17080054332230787
0.52851,22.8422,0.14315,23.0681762186284,-0.2259762186284
0.57613,23.2359,0.14515,23.29392844041283,-0.05802844041282995
0.38775,22.3891,0.15885,22.26613720794953,0.122962792050469
0.36001,21.92755,0.1335,22.076227320153446,-0.14867732015344615
0.34701,21.7912,0.14045,21.98250228290767,-0.19130228290767093
0.43927,22.56615,0.132,22.587444905839074,-0.02129490583907412
0.34923,21.8575,0.11575,21.99873584639565,-0.14123584639564868
0.43015,22.5444,0.12545,22.533230299168256,0.011169700831743512
0.50818,22.7793,0.14135,22.965823614165057,-0.1865236141650577
0.28845,21.4826,0.1256,21.515331709028853,-0.032731709028851697
0.17281,20.49025,0.1308,20.25480887155958,0.23544112844042075
0.31774,21.8387,0.1521,21.75896235428947,0.0797376457105301
0.27509,21.50715,0.1382,21.396527107106653,0.11062289289334615
0.10293,18.90405,0.12325,19.02688745897208,-0.12283745897207865
0.20584,20.5539,0.15765,20.679537519079272,-0.12563751907927312
0.2646,21.2449,0.1389,21.29945548941433,-0.05455548941433008
0.23466,20.8644,0.19515,21.001499829097543,-0.1370998290975436
0.21434,20.73405,0.17345,20.778608185743014,-0.04455818574301418
0.42784,23.03515,0.17065,22.51932719473165,0.5158228052683533
0.40214,22.2536,0.149,22.35971884559766,-0.10611884559765983
0.32218,21.54775,0.14025,21.794067691346218,-0.24631769134621706
0.45173,22.72345,0.12465,22.659829901440705,0.06362009855929429
0.16139,20.07365,0.12015,20.09028642133462,-0.01663642133462062
0.35161,22.05965,0.1158,22.016033681464872,0.04361631853512904
0.249,21.02715,0.11585,21.14832632340175,-0.12117632340175177
0.08223,18.52945,0.1223,18.506716432634587,0.022733567365413876
0.10588,19.1167,0.10015,19.092810256768313,0.023889743231688243
0.33293,22.0508,0.14375,21.877243805105646,0.1735561948943527
0.10227,19.0531,0.1106,19.011893806379444,0.041206193620556775
0.29282,21.4896,0.1351,21.553092028465205,-0.06349202846520541
0.13269,19.53775,0.0994,19.623481113719667,-0.08573111371966746
0.27088,21.22425,0.12,21.357985569001347,-0.1337355690013453
0.10044,19.0807,0.10935,18.96984221227807,0.11085778772192967
0.35363,22.1458,0.14555,22.030629530056483,0.11517046994351787
0.42353,22.599,0.2655,22.49319759055739,0.10580240944261021
0.30012,21.71085,0.11935,21.615023966419873,0.09582603358012776
0.14761,19.88745,0.11365,19.876728226898702,0.010721773101298737
0.22853,20.96525,0.12895,20.93619719648102,0.02905280351897943
0.1388,19.82205,0.1072,19.730249451662107,0.09180054833789342
0.14343,19.88005,0.10815,19.808275670599446,0.07177432940055439
0.09201,18.9547,0.1139,18.766276656327545,0.18842334367245428
0.1568,20.1239,0.12545,20.021099498140554,0.10280050185944489
0.23851,21.19555,0.2471,21.041715337452242,0.15383466254775868
0.14949,20.15155,0.16675,19.90692971488618,0.24462028511382172
0.50718,22.9937,0.1404,22.960689162143762,0.033010837856238595
0.25249,21.20755,0.11325,21.182879213899856,0.024670786100145392
0.28397,21.3163,0.1146,21.476069229389548,-0.15976922938954985
0.2368,21.0224,0.1241,21.023927447636627,-0.0015274476366258227
0.34092,21.88785,0.1485,21.937469645039076,-0.04961964503907623
0.26388,21.064,0.1418,21.292662830728514,-0.22866283072851346
0.34872,22.1162,0.13315,21.995014654462583,0.12118534553741611
0.32095,21.71485,0.1245,21.784387428646173,-0.06953742864617496
0.13523,19.80745,0.1216,19.668411824933205,0.13903817506679417
0.30666,21.88165,0.1627,21.669338840385425,0.21231115961457547
0.23362,21.21045,0.1599,20.990532325761922,0.21991767423807929
0.30078,21.91835,0.1704,21.620555084202646,0.29779491579735407
0.36783,21.9904,0.12345,22.131104198445893,-0.1407041984458921
0.1694,20.2554,0.1144,20.20676475352455,0.048635246475452476
0.07976,18.337,0.10315,18.436529448339517,-0.09952944833951705
0.1806,20.3864,0.1142,20.361350725467393,0.025049274532605637
0.18071,20.34675,0.16425,20.362824688705192,-0.01607468870519213
0.23086,21.03315,0.15375,20.961206686361226,0.07194331363877282
0.04582,17.29255,0.1243,17.176901674736268,0.11564832526373081
0.22146,20.7853,0.1197,20.85884456343938,-0.07354456343938054
0.20073,20.5274,0.21145,20.618144724012925,-0.0907447240129251
0.0755,18.378,0.11965,18.310472272958638,0.06752772704136234
0.02627,15.98385,0.1362,15.935328610967513,0.04852138903248715
0.19141,20.055,0.15515,20.502359945760208,-0.44735994576020843
0.1777,20.3552,0.11035,20.32219444820647,0.033005551793529264
0.18542,20.5371,0.1169,20.425163177973783,0.11193682202621602
0.34931,22.02925,0.13805,21.99931918335952,0.029930816640479918
0.27131,21.30945,0.10785,21.36194790029997,-0.052497900299972144
0.29212,21.17535,0.1226,21.547078065076068,-0.37172806507606637
0.37051,21.7944,0.11375,22.149661888612346,-0.35526188861234687
0.09641,18.8215,0.14795,18.874626522598437,-0.05312652259843631
0.18058,20.2752,0.1117,20.3610826500959,-0.0858826500958969
0.27446,21.3734,0.1525,21.39079445989829,-0.01739445989829136
0.2451,21.2589,0.1441,21.109182140522815,0.1497178594771853
0.36135,21.9082,0.2036,22.08570892322121,-0.17750892322120748
0.23152,20.92185,0.1499,20.968248637315913,-0.04639863731591376
0.14648,19.91105,0.11095,19.858402716993712,0.05264728300628718
0.15948,20.18505,0.1775,20.06172152675605,0.12332847324395146
0.41929,22.4583,0.14905,22.467248335598793,-0.008948335598791601
0.31894,21.66595,0.15665,21.768494668102175,-0.10254466810217622
0.51941,22.97595,0.19605,23.022833379411413,-0.04688337941141185
0.15069,19.9375,0.11,19.926022772521026,0.011477227478973617
0.30249,21.6135,0.15825,21.634831986177087,-0.021331986177088424
0.21073,20.73865,0.1623,20.736982973583086,0.0016670264169142968
0.23943,20.71895,0.1478,21.05123613862077,-0.33228613862076983
0.3318,21.7581,0.12005,21.86861844288767,-0.11051844288767043
0.20072,20.72485,0.1607,20.6180231721131,0.10682682788689846
0.36082,22.1621,0.14215,22.081962877600564,0.08013712239943516
0.24275,21.3408,0.1213,21.085317071036176,0.25548292896382563
0.22146,20.82175,0.14915,20.85884456343938,-0.03709456343937845
0.12068,19.3688,0.1916,19.399506854366084,-0.030706854366084002
0.3416,21.88605,0.16925,21.942534949254426,-0.05648494925442549
0.25051,21.0268,0.13165,21.163330447205883,-0.1365304472058817
0.38054,22.1535,0.1307,22.21802388952899,-0.06452388952898858
0.31079,21.81735,0.13845,21.703090164185472,0.11425983581452925
0.1994,20.3968,0.14145,20.6019294197507,-0.2051294197507012
0.24001,21.0934,0.1643,21.057221221605143,0.036178778394855726
0.50275,22.89585,0.20855,22.937827263247602,-0.041977263247602536
0.37013,22.10035,0.1358,22.14703811875334,-0.046688118753341
0.27001,21.36745,0.13725,21.34995239249187,0.01749760750813323
0.26312,21.391,0.1313,21.28547492472246,0.10552507527753718
0.26801,21.22475,0.16715,21.33139411158344,-0.10664411158343867
0.30801,21.95175,0.1182,21.680417099672123,0.27133290032787727
0.25001,21.3768,0.1625,21.158371736378445,0.2184282636215542
0.28051,21.3787,0.11055,21.44535313126462,-0.0666531312646228
0.3148,21.9041,0.12485,21.735466018360857,0.16863398163914312
0.3284,22.1329,0.16575,21.842501040009008,0.2903989599909913
0.32944,21.9869,0.11895,21.850516383334497,0.13638361666550125
0.25848,21.13905,0.14085,21.24117046770157,-0.10212046770156746
0.22448,20.6681,0.15385,20.892160435460664,-0.22406043546066456
0.21079,20.9208,0.1231,20.73768013713431,0.18311986286569137
0.38734,22.2944,0.18525,22.263423282039017,0.030976717960982114
0.30642,21.6875,0.1493,21.667364991757918,0.020135008242082364
0.36491,22.2065,0.1423,22.11074116055625,0.09575883944375008
0.2488,21.1327,0.1596,21.146333053191075,-0.013633053191075106
0.2988,21.39335,0.16425,21.603929044629975,-0.21057904462997357
0.12365,19.5741,0.1083,19.45677278327383,0.11732721672617075
0.33159,21.7689,0.1401,21.867012594599576,-0.09811259459957711
0.38246,22.18595,0.1824,22.23091868152719,-0.04496868152719102
0.24074,21.13115,0.11795,21.064735799543445,0.06641420045655622
0.17144,20.2873,0.17315,20.235612790299445,0.05168720970055318
0.2088,20.859,0.16115,20.71445849928619,0.14454150071381022
0.2896,21.715,0.1649,21.525319439113265,0.18968056088673535
0.24599,21.1466,0.1219,21.118165118892424,0.028434881107575194
0.13659,19.76145,0.12305,19.692146867233223,0.0693031327667768
0.15062,19.8557,0.11605,19.92491301657091,-0.0692130165709095
0.1187,19.26765,0.1244,19.36059221061507,-0.09294221061507102
0.24494,21.05305,0.1237,21.10756381906491,-0.05451381906491193
0.3507,21.9623,0.10725,22.009432408427504,-0.04713240842750466
0.61992,23.4834,0.1156,23.486230187673907,-0.002830187673907858
0.21986,20.83145,0.10825,20.841022970162275,-0.00957297016227443
0.09929,19.1829,0.10965,18.943044594414065,0.239855405585935
0.40996,22.4668,0.20545,22.409271053041355,0.05752894695864441
0.50276,22.81425,0.2082,22.937879090558493,-0.12362909055849158
0.38171,22.31495,0.143,22.225888816874093,0.0890611831259065
0.27989,21.2969,0.11365,21.43981182060902,-0.14291182060901875
0.23071,20.74845,0.15255,20.959603934045166,-0.2111539340451678
0.42693,22.5594,0.1627,22.51383089839187,0.045569101608130325
0.55014,23.1391,0.14355,23.173032754784384,-0.0339327547843844
0.32531,21.96765,0.14105,21.818547077669717,0.14910292233028244
0.35092,22.00245,0.1283,22.011029529730838,-0.008579529730837976
0.32832,21.97245,0.18155,21.841883523522082,0.13056647647791664
0.45059,22.4503,0.1316,22.653285741576784,-0.20298574157678573
0.06441,18.09975,0.1085,17.947416932041573,0.15233306795842694
0.06559,17.91255,0.12675,17.988777996678284,-0.07622799667828417
0.31811,21.8116,0.12465,21.761904630904613,0.04969536909538519
0.14539,20.2551,0.1724,19.840600827568164,0.4144991724318352
0.13947,19.7799,0.1129,19.741688996689536,0.03821100331046523
0.42967,22.75515,0.1527,22.530347471729986,0.2248025282700148
0.21641,20.59575,0.11555,20.802185595854763,-0.20643559585476368
0.36616,21.88675,0.1841,22.119476866344318,-0.2327268663443185
0.38083,22.2063,0.1382,22.219975631646054,-0.013675631646055564
0.42086,22.47585,0.16245,22.4768853810879,-0.0010353810878989123
0.19958,20.61175,0.15295,20.604129760558504,0.007620239441497034
0.5109,22.8206,0.17305,22.97974120112409,-0.1591412011240898
0.42696,22.6189,0.15295,22.514012283664602,0.10488771633539784
0.31579,21.9342,0.1522,21.743400529878453,0.1907994701215472
0.57824,23.2802,0.1624,23.303512403211837,-0.02331240321183614
0.48176,23.0166,0.15415,22.826839260424453,0.18976073957554718
0.39267,22.18855,0.1588,22.29849211006101,-0.1099421100610094
0.17359,20.08825,0.1083,20.265674481949393,-0.17742448194939442
0.33059,21.9984,0.1153,21.85935224897479,0.13904775102520972
0.29948,21.70345,0.1614,21.609650568508332,0.09379943149166792
0.22943,20.95825,0.1411,20.945885466241887,0.012364533758113083
0.29291,21.54425,0.1708,21.553864039268493,-0.009614039268491581
0.20861,20.59295,0.11275,20.712230572771833,-0.11928057277183512
0.27509,21.2869,0.11615,21.396527107106653,-0.10962710710665391
0.30337,21.66825,0.11865,21.642150450306726,0.026099549693274327
0.35902,22.19585,0.1342,22.069201192361096,0.12664880763890451
0.3602,21.8702,0.1604,22.07757372819852,-0.20737372819851885
0.34902,21.98165,0.1223,21.997204097562804,-0.01555409756280568
0.63056,23.3169,0.11795,23.530971174285643,-0.21407117428564248
0.32092,22.0192,0.15495,21.784150855876238,0.23504914412376365
0.51002,22.84675,0.1182,22.9752462290753,-0.12849622907529934
0.36646,22.0067,0.1243,22.121569260247075,-0.114869260247076
0.13823,19.7944,0.1038,19.720476416942997,0.07392358305700242
0.1792,20.54675,0.14915,20.342520628133908,0.20422937186609147
0.17157,20.22,0.11585,20.23744053833394,-0.01744053833393977
0.27047,21.2356,0.1242,21.354202825953056,-0.11860282595305449
0.34688,22.23255,0.2533,21.98154849835448,0.2510015016455185
0.47942,22.6131,0.1463,22.81418383071504,-0.2010838307150422
0.31894,21.9169,0.137,21.768494668102175,0.14840533189782334
0.51879,22.9578,0.1518,23.019716828154632,-0.06191682815463295
0.3799,22.18215,0.1306,22.213712607564805,-0.03156260756480478
0.37089,22.13805,0.26375,22.15228338164233,-0.014233381642331011
0.18152,20.474,0.12575,20.373651055564007,0.10034894443599285
0.22374,20.75105,0.12225,20.884035705632474,-0.1329857056324748
0.14135,19.8422,0.13225,19.773518166190204,0.06868183380979431
0.30567,21.68485,0.12015,21.66118589651099,0.023664103489011268
0.40471,22.12805,0.15365,22.376102845792996,-0.24805284579299425
0.28578,21.43725,0.1358,21.492000195687982,-0.05475019568798345
0.30156,21.5859,0.13495,21.627076484123723,-0.04117648412372432
0.26388,21.2319,0.12955,21.292662830728514,-0.06076283072851396
0.50091,22.9717,0.1963,22.928275551914812,0.04342444808518664
0.30525,21.64295,0.1129,21.65772029226118,-0.014770292261179208
0.38598,22.28245,0.126,22.254403124674628,0.028046875325372866
0.1986,20.6442,0.1223,20.592127694535574,0.05207230546442787
0.09121,18.75805,0.1103,18.74605171392815,0.011998286071850828
0.47796,22.9261,0.1649,22.806257824116305,0.11984217588369717
0.33159,21.831,0.11675,21.867012594599576,-0.036012594599576175
0.47175,22.70965,0.15,22.77228840873806,-0.06263840873806004
0.33081,21.7726,0.15595,21.861039354601235,-0.08843935460123475
0.26088,21.3572,0.14225,21.264177321434783,0.09302267856521595
0.07141,18.15745,0.1192,18.182897833200155,-0.02544783320015398
0.18141,20.426,0.1593,20.372183374332028,0.053816625667970186
0.33829,21.91315,0.151,21.917791474729324,-0.0046414747293219705
0.12211,19.37365,0.11495,19.427243112036717,-0.05359311203671524
0.25012,21.1135,0.14315,21.1594633438572,-0.04596334385720269
0.16046,20.16235,0.167,20.076417506870367,0.0859324931296328
0.29843,21.99485,0.16045,21.600811373218985,0.39403862678101476
0.38887,22.11805,0.14095,22.273536126756287,-0.15548612675628704
0.29245,21.4687,0.1649,21.549914648879938,-0.08121464887993923
0.32841,21.6655,0.17245,21.842578221345452,-0.17707822134545026
0.30549,21.6995,0.13305,21.659701101462662,0.03979889853733809
0.28546,21.46645,0.1395,21.489190254465772,-0.022740254465773546
0.42886,22.4792,0.1471,22.52547492891181,-0.046274928911810065
0.17967,20.481,0.1699,20.34885785009023,0.1321421499097717
0.18959,20.50025,0.1605,20.479143253101196,0.02110674689880554
0.24849,21.19025,0.14705,21.14323975978589,0.047010240214110155
0.40927,22.48095,0.19045,22.404934918302363,0.07601508169763704
0.24146,20.85675,0.13015,21.072125955959986,-0.21537595595998482
0.33748,21.8791,0.16625,21.91170212724833,-0.03260212724832812
0.0706,18.48435,0.29975,18.15680634271367,0.3275436572863306
0.34546,21.9593,0.1626,21.971110406777516,-0.011810406777517102
0.3306,21.98705,0.15615,21.85942895450704,0.12762104549295827
0.05495,17.60185,0.1165,17.586811713933155,0.015038286066843654
0.42359,22.37855,0.1425,22.493563078497278,-0.11501307849727738
0.1072,19.19495,0.1111,19.121750493407557,0.07319950659244157
0.2854,21.2265,0.12315,21.488663111328496,-0.2621631113284941
0.32553,21.91925,0.1384,21.820259787757106,0.09899021224289584
0.33493,21.74575,0.1129,21.89244383889459,-0.14669383889458842
0.2909,21.30595,0.15955,21.536565782078515,-0.23061578207851596
0.44058,22.4238,0.13695,22.595145427918663,-0.1713454279186628
0.24111,21.09055,0.1118,21.06853594323132,0.02201405676867907
0.46101,22.75035,0.16435,22.712530642051863,0.03781935794813762
0.11944,19.33475,0.1245,19.375206022359013,-0.04045602235901313
0.54539,23.34415,0.1462,23.1503477388103,0.193802261189699
0.41155,22.6089,0.1289,22.41923847355353,0.18966152644646783
0.26848,21.34225,0.14435,21.335766301666478,0.0064836983335219145
0.04976,17.35275,0.13525,17.36267990596882,-0.009929905968821373
0.41131,22.5817,0.15385,22.417736081918964,0.16396391808103772
0.07369,18.2355,0.1566,18.25484929243979,-0.019349292439791554
0.31841,22.0816,0.21085,21.76428829717597,0.317311702824032
0.4193,22.16135,0.152,22.46730983766611,-0.3059598376661121
0.42028,22.49015,0.2331,22.47332907496018,0.01682092503981991
0.43885,22.46285,0.19185,22.584971678245967,-0.12212167824596776
0.4804,22.68865,0.17225,22.819491062045397,-0.13084106204539836
0.1998,20.66375,0.13595,20.606816804337246,0.05693319566275434
0.30143,21.81235,0.1445,21.62599050916268,0.18635949083731873
0.2902,21.4412,0.13835,21.530515719300514,-0.08931571930051518
0.3092,21.58775,0.1462,21.69014536371336,-0.10239536371335944
0.2956,21.7291,0.123,21.576842969065485,0.15225703093451415
0.33848,21.88335,0.13905,21.91921770369299,-0.03586770369298975
0.3786,22.21555,0.1463,22.20493343391114,0.010616566088859969
0.0896,18.72405,0.11685,18.704834847920605,0.019215152079393505
0.4507,22.6586,0.15475,22.653917907560146,0.004682092439853847
0.4604,22.8011,0.14725,22.70909730550321,0.09200269449679155
1.206,25.73935,0.3352,25.2412517899628,0.49809821003720245
1.33,25.6034,0.1484,25.498057285967054,0.10534271403294682
1.54,25.9072,0.21065,25.881094970406483,0.02610502959351635
1.55,26.00705,0.18565,25.897956014781943,0.10909398521805613
1.7,26.0592,0.2832,26.138098325565213,-0.0788983255652127
1.8,26.2011,0.18795,26.286219712069265,-0.08511971206926461
2.26,26.877,0.2548,26.872254551624177,0.0047454483758215815
1.914,26.1609,0.2559,26.444941449023464,-0.2840414490234622
1.3,25.52015,0.17875,25.438265092059137,0.08188490794086434
1.34,25.4652,0.1632,25.517678564523532,-0.05247856452353261
1.02,24.88235,0.1657,24.80014171199903,0.08220828800097024
0.735,23.70605,0.134,23.934799227422136,-0.228749227422135
1.12,25.0639,0.1649,25.046643368739385,0.017256631260615052
1.23,25.28615,0.19155,25.293019914251982,-0.0068699142519825784
1.23,25.4985,0.17085,25.293019914251982,0.20548008574801813
0.854,24.3128,0.21455,24.331102359814334,-0.018302359814335034
1.37,25.5159,0.1622,25.575645545789047,-0.059745545789049004
0.9752,24.7061,0.13985,24.68161591457957,0.024484085420429125
0.97,25.11545,0.26175,24.667502488299508,0.44794751170049096
0.74,23.8446,0.12605,23.952691423801102,-0.10809142380110259
1.39,25.36305,0.20125,25.613564396033116,-0.25051439603311465
1.305,25.2642,0.235,25.448328853612754,-0.184128853612755
0.935,24.2666,0.1658,24.570469311917822,-0.30386931191782196
1.014,24.85445,0.2291,24.78457768426009,0.06987231573991082
1.315,25.54235,0.1987,25.468337488681573,0.07401251131842557
1.092,24.63835,0.26405,24.97996172533011,-0.34161172533011097
