L_m,dt_tfgr
1e-06,5.187621121425476e-19
1.022126745416898e-06,5.187637803658509e-19
1.0447430836965423e-06,5.187654562751889e-19
1.0678598479355607e-06,5.187671399059802e-19
1.0914881109317605e-06,5.187688312938056e-19
1.1156391904879185e-06,5.187705304744108e-19
1.1403246548329588e-06,5.187722374837059e-19
1.1655563281630622e-06,5.187739523577663e-19
1.1913462963053807e-06,5.187756751328342e-19
1.2177069125070942e-06,5.187774058453185e-19
1.2446508033525381e-06,5.187791445317961e-19
1.2721908748112575e-06,5.187808912290125e-19
1.3003403184199096e-06,5.187826459738827e-19
1.3291126176009149e-06,5.187844088034914e-19
1.3585215541209572e-06,5.187861797550949e-19
1.3885812146923632e-06,5.187879588661208e-19
1.419305997720548e-06,5.187897461741692e-19
1.4507106202007901e-06,5.18791541717014e-19
1.4828101247675632e-06,5.187933455326028e-19
1.5156198868998938e-06,5.187951576590585e-19
1.5491556222861187e-06,5.187969781346791e-19
1.5834333943515997e-06,5.1879880699794e-19
1.6184696219530324e-06,5.188006442874929e-19
1.6542810872429736e-06,5.18802490042169e-19
1.6908849437083882e-06,5.188043443009777e-19
1.728298724387093e-06,5.18806207103108e-19
1.7665403502659558e-06,5.188080784879302e-19
1.8056281388649686e-06,5.18809958494996e-19
1.8455808130112248e-06,5.188118471640388e-19
1.8864175098070358e-06,5.188137445349759e-19
1.928157789796519e-06,5.188156506479084e-19
1.970821646334955e-06,5.188175655431223e-19
2.0144295151655206e-06,5.188194892610889e-19
2.0590022842078775e-06,5.188214218424668e-19
2.1045613035633566e-06,5.188233633281014e-19
2.151128395741558e-06,5.188253137590269e-19
2.198725866113196e-06,5.188272731764663e-19
2.2473765135942314e-06,5.188292416218328e-19
2.2971036415664516e-06,5.188312191367305e-19
2.3479310690396216e-06,5.188332057629554e-19
2.3998831420606867e-06,5.188352015424962e-19
2.4529847453753738e-06,5.18837206517535e-19
2.507261314347829e-06,5.188392207304484e-19
2.5627388471440456e-06,5.188412442238084e-19
2.6194439171847966e-06,5.188432770403833e-19
2.677403685874187e-06,5.188453192231388e-19
2.736645915609795e-06,5.188473708152384e-19
2.7971989830806866e-06,5.188494318600445e-19
2.859091892859719e-06,5.188515024011196e-19
2.922354291296549e-06,5.188535824822273e-19
2.987016480718047e-06,5.188556721473325e-19
3.05310943394298e-06,5.188577714406029e-19
3.120664809117766e-06,5.1885988040641e-19
3.1897149648805875e-06,5.1886199908933e-19
3.2602929758609768e-06,5.18864127534144e-19
3.3324326485223533e-06,5.188662657858404e-19
3.4061685373551734e-06,5.188684138896145e-19
3.4815359614282793e-06,5.188705718908698e-19
3.558571021306578e-06,5.188727398352196e-19
3.6373106163429872e-06,5.188749177684875e-19
3.7177924623529885e-06,5.18877105736708e-19
3.8000551096803436e-06,5.188793037861281e-19
3.884137961662423e-06,5.188815119632077e-19
3.970081293504236e-06,5.188837303146216e-19
4.057926271570002e-06,5.188859588872591e-19
4.147714973101574e-06,5.188881977282261e-19
4.239490406373248e-06,5.188904468848457e-19
4.333296531292459e-06,5.188927064046587e-19
4.429178280456295e-06,5.188949763354258e-19
4.5271815806740054e-06,5.188972567251273e-19
4.627353374965659e-06,5.188995476219653e-19
4.729741645047547e-06,5.189018490743634e-19
4.834395434315225e-06,5.189041611309696e-19
4.941364871334932e-06,5.1890648384065495e-19
5.050701193854963e-06,5.189088172525165e-19
5.1624567733482245e-06,5.18911161415878e-19
5.276685140097842e-06,5.189135163802898e-19
5.393441008837927e-06,5.189158821955313e-19
5.512780304961541e-06,5.189182589116115e-19
5.634760191308715e-06,5.189206465787695e-19
5.759439095547085e-06,5.189230452474763e-19
5.8868767381583854e-06,5.189254549684359e-19
6.017134161044287e-06,5.189278757925857e-19
6.1502737567650345e-06,5.189303077710982e-19
6.286359298425203e-06,5.189327509553816e-19
6.42545597022062e-06,5.189352053970816e-19
6.5676303986611795e-06,5.189376711480818e-19
6.7129506844846496e-06,5.189401482605047e-19
6.861486435276432e-06,5.189426367867136e-19
7.013308798811293e-06,5.189451367793133e-19
7.168490497132696e-06,5.189476482911508e-19
7.3271058613862035e-06,5.18950171375317e-19
7.4892308674237575e-06,5.189527060851479e-19
7.654943172195633e-06,5.189552524742247e-19
7.824322150947626e-06,5.189578105963765e-19
7.99744893524144e-06,5.189603805056799e-19
8.174406451816187e-06,5.189629622564616e-19
8.355279462309773e-06,5.189655559032981e-19
8.540154603859355e-06,5.18968161501018e-19
8.7291204305999e-06,5.189707791047029e-19
8.922267456081227e-06,5.189734087696878e-19
9.119688196623429e-06,5.189760505515636e-19
9.321477215631606e-06,5.189787045061767e-19
9.52773116889132e-06,5.18981370689632e-19
9.738548850866023e-06,5.189840491582924e-19
9.954031242019161e-06,5.189867399687808e-19
1.0174281557183189e-05,5.189894431779818e-19
1.0399405294998822e-05,5.189921588430417e-19
1.0629510288448423e-05,5.189948870213704e-19
1.086470675650722e-05,5.18997627770643e-19
1.1105107356937708e-05,5.190003811488e-19
1.1350827240252012e-05,5.190031472140497e-19
1.1601984104868259e-05,5.190059260248682e-19
1.1858698253487601e-05,5.190087176400019e-19
1.2121092650718333e-05,5.190115221184676e-19
1.2389292981975411e-05,5.1901433951955445e-19
1.2663427713682968e-05,5.190171699028253e-19
1.2943628154808923e-05,5.190200133281175e-19
1.32300285197614e-05,5.190228698555439e-19
1.352276599267646e-05,5.190257395454954e-19
1.3821980793128698e-05,5.190286224586411e-19
1.412781624329551e-05,5.190315186559298e-19
1.4440418836607656e-05,5.19034428198591e-19
1.4759938307918653e-05,5.190373511481376e-19
1.508652770522712e-05,5.19040287566365e-19
1.542034346298566e-05,5.190432375153548e-19
1.576154547703227e-05,5.190462010574738e-19
1.6110297181179455e-05,5.190491782553775e-19
1.6466765625497986e-05,5.190521691720095e-19
1.683112155633314e-05,5.190551738706042e-19
1.7203539498090988e-05,5.190581924146875e-19
1.7584197836834794e-05,5.190612248680783e-19
1.7973278905730846e-05,5.190642712948896e-19
1.8370969072384853e-05,5.190673317595304e-19
1.877745882811126e-05,5.190704063267071e-19
1.9192942879177162e-05,5.190734950614239e-19
1.961762024006578e-05,5.19076598028985e-19
2.0051694328803143e-05,5.190797152949959e-19
2.0495373064394026e-05,5.190828469253647e-19
2.0948868966414267e-05,5.190859929863036e-19
2.141239925680607e-05,5.190891535443298e-19
2.1886185963926394e-05,5.190923286662679e-19
2.2370456028897124e-05,5.190955184192502e-19
2.286544141430844e-05,5.190987228707188e-19
2.3371379215327888e-05,5.191019420884271e-19
2.388851177326723e-05,5.191051761404409e-19
2.4417086791662887e-05,5.191084250951396e-19
2.4957357454924315e-05,5.191116890212184e-19
2.5509582549608e-05,5.1911496798768925e-19
2.607402658837452e-05,5.191182620638828e-19
2.6650959936688966e-05,5.191215713194486e-19
2.724065894232403e-05,5.191248958243585e-19
2.784340606772938e-05,5.191282356489065e-19
2.84594900253294e-05,5.191315908637109e-19
2.908920591581461e-05,5.191349615397159e-19
2.9732855369493625e-05,5.191383477481928e-19
3.039074669077186e-05,5.191417495607417e-19
3.1063195005828004e-05,5.191451670492935e-19
3.175052241355748e-05,5.191486002861098e-19
3.2453058139855786e-05,5.191520493437868e-19
3.317113869531623e-05,5.191555142952545e-19
3.3905108036416105e-05,5.1915899521378e-19
3.465531773027031e-05,5.191624921729682e-19
3.542212712302978e-05,5.191660052467635e-19
3.620590351200606e-05,5.191695345094513e-19
3.700702232160507e-05,5.191730800356601e-19
3.782586728315269e-05,5.191766419003622e-19
3.866283061870038e-05,5.191802201788763e-19
3.951831322889709e-05,5.191838149468676e-19
4.039272488501813e-05,5.191874262803516e-19
4.128648442524381e-05,5.191910542556936e-19
4.22000199552799e-05,5.191946989496113e-19
4.31337690534184e-05,5.191983604391768e-19
4.408817898013466e-05,5.192020388018172e-19
4.5063706892322827e-05,5.192057341153173e-19
4.606082006227097e-05,5.192094464578204e-19
4.707999610148248e-05,5.192131759078304e-19
4.8121723189448534e-05,5.192169225442134e-19
4.91865003074839e-05,5.192206864461992e-19
5.0274837477735876e-05,5.192244676933837e-19
5.138725600748166e-05,5.192282663657292e-19
5.2524288738832276e-05,5.192320825435674e-19
5.3686480303960064e-05,5.192359163076009e-19
5.4874387385975095e-05,5.192397677389038e-19
5.608857898557292e-05,5.192436369189248e-19
5.732963669358227e-05,5.192475239294888e-19
5.859815496954454e-05,5.192514288527971e-19
5.989474142645558e-05,5.192553517714313e-19
6.122001712180971e-05,5.192592927683536e-19
6.257461685508225e-05,5.192632519269088e-19
6.395918947179459e-05,5.192672293308266e-19
6.537439817430826e-05,5.19271225064223e-19
6.682092083949411e-05,5.192752392116018e-19
6.829945034343228e-05,5.19279271857857e-19
6.981069489329563e-05,5.19283323088274e-19
7.135537836657632e-05,5.192873929885321e-19
7.293424065782013e-05,5.192914816447056e-19
7.454803803303049e-05,5.192955891432665e-19
7.61975434919166e-05,5.19299715571085e-19
7.788354713815524e-05,5.193038610154325e-19
7.960685655784634e-05,5.193080255639834e-19
8.136829720634132e-05,5.193122093048164e-19
8.31687128036327e-05,5.193164123264165e-19
8.500896573848978e-05,5.193206347176771e-19
8.688993748153915e-05,5.193248765679019e-19
8.881252900748353e-05,5.193291379668066e-19
9.0777661226663e-05,5.193334190045209e-19
9.278627542616697e-05,5.193377197715902e-19
9.483933372070395e-05,5.193420403589786e-19
9.69378195134502e-05,5.193463808580684e-19
9.908273796709372e-05,5.193507413606652e-19
0.00010127511648530081,5.193551219589968e-19
0.00010351600520483787,5.193595227457183e-19
0.00010580647749857971,5.193639438139107e-19
0.00010814763048964964,5.193683852570856e-19
0.00011054058557693488,5.193728471691856e-19
0.00011298648897223066,5.193773296445873e-19
0.00011548651224926847,5.193818327781024e-19
0.00011804185290489363,5.1938635666498035e-19
0.00012065373493265926,5.193909014009102e-19
0.0001233234094091121,5.193954670820226e-19
0.00012605215509305155,5.19400053804892e-19
0.00012884127903804696,5.1940466166653795e-19
0.0001316921172185095,5.194092907644285e-19
0.00013460603516961573,5.19413941196481e-19
0.000137584428641392,5.194186130610651e-19
0.00014062872426726957,5.19423306457004e-19
0.00014374038024743475,5.194280214835776e-19
0.00014692088704729785,5.194327582405235e-19
0.0001501717681114184,5.194375168280398e-19
0.00015349458059322536,5.19442297346787e-19
0.00015689091610088533,5.194470998978905e-19
0.00016036240145967369,5.194519245829417e-19
0.0001639106994912143,5.194567715040019e-19
0.00016753750980996222,5.194616407636027e-19
0.0001712445696373085,5.194665324647494e-19
0.00017503365463369965,5.194714467109225e-19
0.00017890657974916878,5.194763836060799e-19
0.0001828652000926868,5.194813432546597e-19
0.00018691141182074797,5.194863257615824e-19
0.00019104715304561884,5.19491331232252e-19
0.0001952744047636824,5.194963597725593e-19
0.0001995951918043249,5.195014114888846e-19
0.00020401158379981633,5.195064864880982e-19
0.00020852569617665323,5.195115848775642e-19
0.0002131396911688357,5.195167067651421e-19
0.00021785577885356477,5.195218522591898e-19
0.00022267621820985786,5.195270214685648e-19
0.00022760331820058526,5.195322145026274e-19
0.00023263943887845106,5.195374314712427e-19
0.00023778699251644455,5.195426724847829e-19
0.000243048444763306,5.195479376541299e-19
0.00024842631582455693,5.19553227090677e-19
0.00025392318166966507,5.195585409063325e-19
0.0002595416752659185,5.195638792135205e-19
0.00026528448783960293,5.195692421251847e-19
0.0002711543701650823,5.195746297547898e-19
0.00027715413388240467,5.195800422163248e-19
0.0002832866528440618,5.195854796243044e-19
0.00028955486449154755,5.195909420937723e-19
0.0002959617712623767,5.195964297403034e-19
0.0003025104420282338,5.196019426800057e-19
0.00030920401356494614,5.196074810295238e-19
0.0003160456920549808,5.196130449060408e-19
0.000323038754623189,5.196186344272805e-19
0.00033018655090652846,5.196242497115103e-19
0.0003374925046585212,5.196298908775434e-19
0.00034496011538921154,5.196355580447426e-19
0.0003525929600414128,5.196412513330206e-19
0.00036039469470403995,5.196469708628442e-19
0.0003683690563633573,5.196527167552368e-19
0.0003765198646929727,5.196584891317799e-19
0.000384851023883439,5.196642881146168e-19
0.00039336652451234076,5.19670113826455e-19
0.0004020704454557557,5.196759663905679e-19
0.0004109669558420144,5.196818459307988e-19
0.0004200603170486882,5.196877525715625e-19
0.00042935488474376643,5.196936864378482e-19
0.0004388551109719938,5.196996476552226e-19
0.00044856554628737607,5.197056363498318e-19
0.0004584908419328686,5.197116526484046e-19
0.0004686357520682969,5.197176966782551e-19
0.00047900513604756916,5.197237685672853e-19
0.0004896039607462808,5.197298684439879e-19
0.0005004373029408192,5.197359964374485e-19
0.0005115103517401098,5.197421526773492e-19
0.0005228284110711717,5.197483372939711e-19
0.0005343969022196653,5.197545504181965e-19
0.0005462213664266594,5.197607921815125e-19
0.0005583074675428522,5.197670627160137e-19
0.0005706609947415265,5.197733621544037e-19
0.0005832878652915266,5.197796906299999e-19
0.0005961941273915988,5.197860482767352e-19
0.0006093859630674424,5.19792435229161e-19
0.0006228696911328675,5.197988516224499e-19
0.000636651770216467,5.19805297592399e-19
0.0006507388018552649,5.198117732754327e-19
0.0006651375336568143,5.198182788086054e-19
0.000679854862531262,5.198248143296041e-19
0.0006948978379949321,5.198313799767526e-19
0.0007102736655469995,5.19837975889013e-19
0.0007259897101208857,5.198446022059888e-19
0.0007420534996120181,5.198512590679294e-19
0.0007584727284836523,5.1985794661573125e-19
0.0007752552614524709,5.198646649909417e-19
0.0007924091372557412,5.19871414335762e-19
0.0008099425725018228,5.198781947930504e-19
0.0008278639656058789,5.19885006506325e-19
0.0008461819008126647,5.198918496197662e-19
0.0008649051523083343,5.198987242782214e-19
0.000884042688423225,5.1990563062720635e-19
0.0009036036759276358,5.199125688129095e-19
0.0009235974844226608,5.199195389821941e-19
0.0009440336908281693,5.199265412826025e-19
0.0009649220839700999,5.199335758623581e-19
0.000986272669269249,5.199406428703689e-19
0.0010080956735338152,5.199477424562314e-19
0.0010304015498579751,5.199548747702329e-19
0.0010532009826288609,5.19962039963355e-19
0.0010765048926443164,5.199692381872763e-19
0.0011003244423439034,5.199764695943775e-19
0.0011246710411556384,5.199837343377417e-19
0.0011495563509610481,5.199910325711606e-19
0.0011749922916811427,5.199983644491356e-19
0.0012009910469859889,5.2000573012688185e-19
0.0012275650701306228,5.200131297603325e-19
0.001254727089920081,5.200205635061402e-19
0.0012824901168064292,5.200280315216819e-19
0.001310867449120693,5.200355339650616e-19
0.0013398726794426863,5.2004307099511395e-19
0.001369519701111773,5.200506427714075e-19
0.001399822714881701,5.200582494542474e-19
0.0014307962357226792,5.200658912046805e-19
0.0014624550997739726,5.200735681844975e-19
0.0014948144714503168,5.200812805562363e-19
0.0015278898507055947,5.2008902848318645e-19
0.0015616970804572213,5.200968121293917e-19
0.001596252354174811,5.201046316596537e-19
0.001631572223636763,5.201124872395363e-19
0.0016676736068584573,5.201203790353679e-19
0.0017045737961958963,5.201283072142454e-19
0.0017422904666286384,5.201362719440384e-19
0.0017808416842260205,5.20144273393392e-19
0.0018202459148006912,5.2015231173173105e-19
0.0018605220327536367,5.201603871292625e-19
0.001901689330114906,5.201684997569809e-19
0.0019437675257843918,5.201766497866707e-19
0.0019867767749770586,5.201848373909101e-19
0.002030737678877184,5.201930627430752e-19
0.002075671294506204,5.202013260173432e-19
0.002121599144808906,5.202096273886963e-19
0.0021685432289628034,5.202179670329261e-19
0.0022165260329156033,5.202263451266354e-19
0.002265570540155856,5.202347618472447e-19
0.002315700242721909,5.202432173729939e-19
0.002366939152454468,5.202517118829464e-19
0.0024193118124981186,5.202602455569941e-19
0.0024728433090573615,5.202688185758599e-19
0.0025275592834127533,5.202774311211023e-19
0.002583485944202947,5.202860833751189e-19
0.0026406500799784627,5.202947755211506e-19
0.00269907907203326,5.203035077432852e-19
0.0027588009075202205,5.203122802264616e-19
0.0028198441928568275,5.203210931564738e-19
0.0028822381674274916,5.203299467199745e-19
0.0029460127175890295,5.203388411044795e-19
0.0030111983909860687,5.203477764983708e-19
0.0030778264111831904,5.203567530909025e-19
0.003145928692620849,5.203657710722025e-19
0.0032155378559021886,5.203748306332787e-19
0.0032866872434181376,5.203839319660212e-19
0.003359410935318217,5.203930752632083e-19
0.00343374376583475,5.204022607185084e-19
0.0035097213399682397,5.204114885264864e-19
0.003587380050541975,5.204207588826063e-19
0.0036667570956339796,5.204300719832359e-19
0.003747890496394677,5.204394280256511e-19
0.0038308191152588173,5.204488272080399e-19
0.00391558267456034,5.204582697295068e-19
0.004002221775559157,5.20467755790077e-19
0.00409077791788892,5.204772855907004e-19
0.004181293519435121,5.204868593332564e-19
0.004273811936652991,5.2049647722055785e-19
0.004368377485335017,5.205061394563554e-19
0.004465035461837938,5.205158462453423e-19
0.004563832164779447,5.205255977931579e-19
0.004664814917214977,5.205353943063931e-19
0.004768032089305147,5.2054523599259365e-19
0.004873533121484807,5.205551230602655e-19
0.004981368548144721,5.20565055718879e-19
0.005091590021837268,5.205750341788731e-19
0.005204250338017685,5.205850586516601e-19
0.005319403460332813,5.205951293496302e-19
0.005437104546469363,5.206052464861556e-19
0.005557409974574155,5.20615410275596e-19
0.0056803773702588925,5.20625620933302e-19
0.005806065634202526,5.206358786756209e-19
0.005934534970364331,5.206461837199001e-19
0.006065846914821262,5.206565362844928e-19
0.0062000643652433945,5.206669365887623e-19
0.006337251611021523,5.206773848530862e-19
0.006477474364061429,5.20687881298862e-19
0.0066207997902595,5.206984261485111e-19
0.006767296541674831,5.207090196254842e-19
0.006917034789413131,5.207196619542652e-19
0.007070086257238309,5.207303533603766e-19
0.00722652425592773,5.20741094070385e-19
0.007386423718387689,5.207518843119043e-19
0.007549861235545799,5.207627243136019e-19
0.007716915093037635,5.207736143052031e-19
0.007887665308705105,5.207845545174961e-19
0.008062193670924521,5.2079554518233675e-19
0.008240583777782803,5.208065865326537e-19
0.008422921077120431,5.208176788024537e-19
0.008609292907460509,5.208288222268259e-19
0.008799788539843392,5.208400170419476e-19
0.008994499220587053,5.208512634850885e-19
0.009193518214993479,5.208625617946165e-19
0.009396940852022265,5.208739122100029e-19
0.00960486456995261,5.208853149718262e-19
0.009817388963055744,5.208967703217794e-19
0.010034615829299954,5.20908278502673e-19
0.01025664921911125,5.209198397584417e-19
0.01048359548521297,5.209314543341492e-19
0.01071556333356802,5.209431224759933e-19
0.010952663875448548,5.209548444313107e-19
0.011195010680657454,5.209666204485838e-19
0.011442719831927815,5.209784507774441e-19
0.011695909980525797,5.209903356686793e-19
0.011954702403083847,5.210022753742374e-19
0.012219221059691662,5.210142701472328e-19
0.012489592653272284,5.210263202419511e-19
0.012765946690272,5.21038425913856e-19
0.013048415542693367,5.210505874195924e-19
0.013337134511500438,5.210628050169939e-19
0.013632241891427333,5.210750789650877e-19
0.013933879037220546,5.210874095241e-19
0.014242190431346976,5.210997969554617e-19
0.014557323753200402,5.211122415218139e-19
0.014879429949838829,5.211247434870139e-19
0.01520866330828748,5.211373031161401e-19
0.015545181529441307,5.211499206754986e-19
0.01588914580360272,5.211625964326282e-19
0.01624072088769101,5.211753306563064e-19
0.01660007518415988,5.211881236165556e-19
0.016967380821661153,5.212009755846478e-19
0.017342813737493645,5.212138868331116e-19
0.017726553761875846,5.212268576357371e-19
0.01811878470408383,5.212398882675827e-19
0.018519694440494717,5.212529790049801e-19
0.018929475004578283,5.212661301255409e-19
0.01934832267888016,5.212793419081619e-19
0.019776438089039734,5.212926146330317e-19
0.020214026299888964,5.213059485816367e-19
0.02066129691367713,5.213193440367666e-19
0.021118464170469003,5.213328012825208e-19
0.021585747050764853,5.213463206043147e-19
0.02206336938039073,5.213599022888857e-19
0.022551559937709617,5.213735466242987e-19
0.023050552563205283,5.213872538999532e-19
0.02356058627149015,5.214010244065896e-19
0.024081905365792276,5.214148584362942e-19
0.02461475955497504,5.214287562825068e-19
0.02515940407314613,5.214427182400263e-19
0.025716099801913556,5.214567446050173e-19
0.02628511339534604,5.214708356750164e-19
0.026866717407699157,5.214849917489385e-19
0.027461190423967115,5.214992131270833e-19
0.02806881719332319,5.215135001111415e-19
0.028689888765513302,5.21527853004202e-19
0.029324702630267,5.215422721107575e-19
0.029973562859793156,5.215567577367117e-19
0.03063678025442925,5.215713101893856e-19
0.03131467249151246,5.215859297775243e-19
0.03200756427754569,5.216006168113028e-19
0.03271578750373001,5.216153716023344e-19
0.03343968140493838,5.216301944636757e-19
0.0341795927222077,5.216450857098341e-19
0.034935875868825246,5.216600456567743e-19
0.035708893100091094,5.216750746219255e-19
0.03649901468683611,5.216901729241878e-19
0.03730661909277935,5.217053408839393e-19
0.03813209315581047,5.217205788230427e-19
0.03897583227328261,5.21735887064853e-19
0.03983824059140525,5.21751265934223e-19
0.040719731198828484,5.217667157575118e-19
0.041620726324509486,5.217822368625913e-19
0.04254165753995829,5.217978295788527e-19
0.043482965965957895,5.218134942372141e-19
0.04444510248385829,5.218292311701277e-19
0.04542852795154665,5.218450407115871e-19
0.04643371342419496,5.218609231971337e-19
0.047461140379893324,5.218768789638647e-19
0.04851130095027498,5.218929083504397e-19
0.049584698156244236,5.219090116970888e-19
0.050681846148921184,5.219251893456197e-19
0.051803270455916865,5.21941441639424e-19
0.05294950823305765,5.219577689234862e-19
0.05412110852168057,5.219741715443901e-19
0.05531863251162011,5.219906498503265e-19
0.056542653810015664,5.220072041911008e-19
0.0577937587160658,5.220238349181403e-19
0.05907254650186181,5.220405423845022e-19
0.0603796296994365,5.22057326944881e-19
0.06171563439416251,5.220741889556159e-19
0.0630812005246445,5.220911287746986e-19
0.06447698218924573,5.221081467617812e-19
0.06590364795939703,5.221252432781838e-19
0.06736188119983949,5.221424186869025e-19
0.0688523803959518,5.221596733526166e-19
0.07037585948832045,5.221770076416975e-19
0.07193304821471405,5.221944219222156e-19
0.07352469245962247,5.222119165639487e-19
0.07515155461153226,5.2222949193839e-19
0.0768144139281059,5.222471484187559e-19
0.07851406690944132,5.222648863799944e-19
0.08025132767959199,5.222827061987926e-19
0.08202702837652638,5.223006082535856e-19
0.08384201955071845,5.223185929245642e-19
0.08569717057255596,5.223366605936828e-19
0.08759337004876339,5.22354811644668e-19
0.08953152624804052,5.2237304646302755e-19
0.09151256753611742,5.223913654360573e-19
0.09353744282043577,5.224097689528507e-19
0.0956071220046714,5.224282574043062e-19
0.09772259645331108,5.22446831183137e-19
0.09988487946651176,5.224654906838779e-19
0.10209500676546501,5.224842363028956e-19
0.10435403698850093,5.225030684383958e-19
0.10666305219817127,5.225219874904322e-19
0.10902315839954951,5.22540993860916e-19
0.11143548607000249,5.225600879536231e-19
0.11390119070068194,5.225792701742038e-19
0.11642145334999748,5.225985409301919e-19
0.11899748120933815,5.226179006310121e-19
0.12163050818130954,5.2263734968799055e-19
0.1243217954707653,5.226568885143622e-19
0.12707263218891884,5.226765175252807e-19
0.12988433597081817,5.226962371378274e-19
0.13275825360648733,5.227160477710197e-19
0.13569576168603031,5.227359498458206e-19
0.13869826725900916,5.227559437851474e-19
0.14176720850841443,5.227760300138818e-19
0.14490405543954443,5.227962089588776e-19
0.1481103105841313,5.228164810489716e-19
0.15138750972004436,5.228368467149914e-19
0.15473722260691797,5.2285730638976545e-19
0.1581610537380591,5.228778605081326e-19
0.1616606431089898,5.228985095069506e-19
0.16523766700299444,5.2291925382510715e-19
0.1688938387940522,5.229400939035275e-19
0.17263090976753082,5.229610301851853e-19
0.17645066995904446,5.22982063115112e-19
0.1803549490118697,5.230031931404059e-19
0.18434561705333297,5.230244207102425e-19
0.1884245855905934,5.230457462758836e-19
0.192593808426241,5.230671702906881e-19
0.19685528259415924,5.230886932101205e-19
0.20121104931609213,5.231103154917614e-19
0.2056631949793762,5.231320375953179e-19
0.21021385213631072,5.231538599826326e-19
0.21486520052563676,5.231757831176948e-19
0.21961946811661825,5.231978074666488e-19
0.22447893217622966,5.232199334978058e-19
0.22944592035995023,5.232421616816531e-19
0.2345228118267007,5.232644924908649e-19
0.23971203837844568,5.23286926400311e-19
0.24501608562501123,5.233094638870693e-19
0.25043749417468125,5.23332105430435e-19
0.2559788608511303,5.233548515119307e-19
0.2616428399372908,5.233777026153175e-19
0.26743214444673796,5.234006592266049e-19
0.27334954742320605,5.234237218340623e-19
0.2793978832688636,5.234468909282279e-19
0.28558004910197454,5.234701670019217e-19
0.2918990061445992,5.23493550550254e-19
0.29835778114100686,5.235170420706374e-19
0.3049594678074645,5.235406420627973e-19
0.31170722831411296,5.235643510287825e-19
0.31860429479962693,5.235881694729763e-19
0.3256539709193886,5.236120979021076e-19
0.33285963342792446,5.236361368252621e-19
0.34022473379634616,5.236602867538922e-19
0.34775279986558977,5.236845482018296e-19
0.3554474375362299,5.237089216852956e-19
0.36331233249568284,5.237334077229127e-19
0.3713512519836342,5.237580068357152e-19
0.3795680465965232,5.237827195471615e-19
0.38796665213195375,5.23807546383145e-19
0.39655109147392453,5.23832487872005e-19
0.4053254765197611,5.238575445445394e-19
0.4142940101496967,5.238827169340154e-19
0.4234609882400257,5.239080055761808e-19
0.43283080172080074,5.239334110092765e-19
0.4424079386790697,5.239589337740479e-19
0.4521969865086361,5.239845744137566e-19
0.46220263410740114,5.240103334741917e-19
0.4724296741233162,5.24036211503683e-19
0.4828830052500309,5.240622090531116e-19
0.493567634573345,5.240883266759223e-19
0.504488679969571,5.241145649281364e-19
0.5156513725569646,5.241409243683628e-19
0.5270610592014077,5.241674055578101e-19
0.5387232050775178,5.2419400906030045e-19
0.5506433962864434,5.242207354422794e-19
0.5628273425315707,5.242475852728303e-19
0.5752808798534361,5.242745591236856e-19
0.5880099734251634,5.2430165756923985e-19
0.601020720409739,5.243288811865615e-19
0.6143193528805259,5.243562305554064e-19
0.6279122408063881,5.2438370625823e-19
0.641805895102865,5.244113088801999e-19
0.6560069707508704,5.2443903900920865e-19
0.6705222699843868,5.244668972358867e-19
0.6853587455486918,5.244948841536159e-19
0.7005235040306937,5.2452300035854125e-19
0.7160238092629342,5.245512464495841e-19
0.7318670858029327,5.245796230284564e-19
0.7480609224895027,5.246081306996728e-19
0.7646130760777579,5.246367700705641e-19
0.7815314749545633,5.246655417512898e-19
0.7988242229361757,5.246944463548534e-19
0.8164996031499359,5.247234844971135e-19
0.8345660820018345,5.247526567967988e-19
0.8530323132318671,5.247819638755206e-19
0.8719071420591362,5.248114063577871e-19
0.8911996094186556,5.248409848710174e-19
0.9109189562919012,5.248707000455534e-19
0.9310746281332004,5.249005525146758e-19
0.9516762793940368,5.249305429146164e-19
0.9727337781474893,5.24960671884573e-19
0.9942572108149782,5.249909400667228e-19
1.0162568869975963,5.250213481062365e-19
1.0387433444143634,5.250518966512921e-19
1.0617273539497174,5.250825863530903e-19
1.0852199248127194,5.251134178658674e-19
1.109232309810398,5.251443918469104e-19
1.1337760107377703,5.251755089565708e-19
1.1588627838871512,5.252067698582798e-19
1.1845046456793424,5.252381752185623e-19
1.2107138784194222,5.252697257070515e-19
1.2375030361799164,5.253014219965039e-19
1.2648849508141078,5.253332647628135e-19
1.2928727381024372,5.253652546850272e-19
1.3214798040348803,5.253973924453594e-19
1.3507198512323324,5.25429678729207e-19
1.3806068855101035,5.254621142251642e-19
1.411155222586602,5.254946996250384e-19
1.4423794949405018,5.255274356238638e-19
1.474294658819607,5.255603229199182e-19
1.506916001404801,5.25593362214738e-19
1.540259148132535,5.256265542131326e-19
1.574340070179315,5.25659899623201e-19
1.609175092111794,5.256933991563473e-19
1.6447808997061686,5.257270535272951e-19
1.6811745479405433,5.257608634541047e-19
1.7183734691641923,5.25794829658188e-19
1.756395481447544,5.258289528643246e-19
1.7952587971169236,5.258632338006772e-19
1.8349820314781802,5.25897673198809e-19
1.8755842117332802,5.259322717936977e-19
1.9170847860942557,5.25967030323754e-19
1.9595036330987758,5.260019495308357e-19
2.0028610711318393,5.260370301602652e-19
2.047177868158189,5.260722729608458e-19
2.0924752516700376,5.261076786848776e-19
2.1387749188549,5.261432480881752e-19
2.1860990469884536,5.261789819300827e-19
2.2344703040572904,5.262148809734915e-19
2.2839118596167847,5.262509459848572e-19
2.334447395889164,5.262871777342159e-19
2.386101119107144,5.263235769952015e-19
2.4388977711086084,5.263601445450622e-19
2.492862641187769,5.263968811646787e-19
2.548021578208626,5.264337876385801e-19
2.6044010029864166,5.264708647549624e-19
2.662027920943011,5.265081133057048e-19
2.7209299350423914,5.265455340863879e-19
2.781135259012297,5.26583127896311e-19
2.8426727308584208,5.266208955385097e-19
2.905571826677689,5.266588378197734e-19
2.9698626747770973,5.266969555506634e-19
3.035576070105038,5.267352495455309e-19
3.1027434890018863,5.267737206225347e-19
3.171397104276969,5.26812369603659e-19
3.2415698006191995,5.26851197314732e-19
3.3132951903486054,5.268902045854442e-19
3.3866076295164818,5.269293922493665e-19
3.4615422343617244,5.269687611439683e-19
3.5381348981312866,5.270083121106363e-19
3.61642230827288,5.270480459946935e-19
3.696441964008032,5.270879636454176e-19
3.7782321942939765,5.271280659160587e-19
3.861832176183055,5.271683536638601e-19
3.947281953588243,5.27208827750076e-19
4.034622456464006,5.272494890399904e-19
4.123895520411493,5.272903384029374e-19
4.215143906717524,5.273313767123189e-19
4.308411322837061,5.273726048456254e-19
4.403742443328757,5.274140236844544e-19
4.50118293125388,5.274556341145305e-19
4.600779460048631,5.27497437025724e-19
4.702579735880421,5.275394333120725e-19
4.80663252049891,5.275816238717986e-19
4.912987654592583,5.276240096073318e-19
5.021696081662116,5.276665914253264e-19
5.132809872422098,5.277093702366832e-19
5.246382249742522,5.277523469565694e-19
5.362467614142308,5.277955225044381e-19
5.481121569846806,5.2783889780405e-19
5.602400951421875,5.278824737834922e-19
5.7263638509973855,5.2792625137520035e-19
5.853069646092933,5.27970231515979e-19
5.982579028059404,5.280144151470211e-19
6.11495403114976,5.280588032139312e-19
6.250258062233045,5.281033966667438e-19
6.38855593116599,5.281481964599472e-19
6.529913881836527,5.281932035525025e-19
6.6743996238941925,5.282384189078657e-19
6.8220823651827525,5.282838434940097e-19
6.973032844890261,5.283294782834444e-19
7.127323367432816,5.283753242532401e-19
7.285027837087925,5.284213823850479e-19
7.4462217933941846,5.28467653665122e-19
7.610982447334391,5.285141390843415e-19
7.779388718319038,5.285608396382326e-19
7.951521271988372,5.286077563269909e-19
8.127462558850725,5.286548901555035e-19
8.307296853775785,5.287022421333709e-19
8.49111029636188,5.287498132749304e-19
8.678990932196298,5.287976045992782e-19
8.871028755028572,5.288456171302918e-19
9.067315749877089,5.288938518966538e-19
9.26794593708925,5.289423099318738e-19
9.473015417376798,5.289909922743118e-19
9.682622417847464,5.29039899967202e-19
9.896867339055124,5.290890340586747e-19
10.11585280309123,5.291383956017809e-19
10.339683702740043,5.291879856545157e-19
10.568467251721822,5.292378052798411e-19
10.802313036047517,5.292878555457106e-19
11.041333066509779,5.293381375250925e-19
11.285641832335617,5.293886522959943e-19
11.535356356026027,5.294394009414864e-19
11.79059624940901,5.294903845497267e-19
12.05148377093314,5.295416042139844e-19
12.318143884228457,5.29593061032665e-19
12.590704317963498,5.296447561093345e-19
12.869295627026542,5.296966905527445e-19
13.154051255060557,5.297488654768566e-19
13.445107598382137,5.298012820008672e-19
13.74260407131434,5.298539412492335e-19
14.046683172965539,5.2990684435169725e-19
14.357490555485601,5.299599924433116e-19
14.67517509383235,5.300133866644652e-19
14.999888957081978,5.300670281609085e-19
15.331787681317103,5.301209180837792e-19
15.67103024412754,5.301750575896282e-19
16.01777914075989,5.302294478404459e-19
16.372200461951586,5.302840900036872e-19
16.734463973487607,5.303389852522985e-19
17.104743197517255,5.303941347647441e-19
17.483215495670137,5.304495397250323e-19
17.870062154011634,5.30505201322742e-19
18.265468469877593,5.305611207530499e-19
18.66962384063095,5.306172992167566e-19
19.08272185438188,5.306737379203144e-19
19.504960382715264,5.307304380758536e-19
19.936541675470327,5.307874009012104e-19
20.377672457616836,5.308446276199543e-19
20.82856402827546,5.309021194614148e-19
21.289432361928714,5.309598776607105e-19
21.76049821187138,5.310179034587755e-19
22.24198721595032,5.310761981023879e-19
22.734130004643603,5.311347628441981e-19
23.237162311531012,5.311935989427569e-19
23.751325086209444,5.312527076625436e-19
24.276864609705985,5.31312090273995e-19
24.81403261244545,5.313717480535331e-19
25.363086394827686,5.314316822835954e-19
25.924288950472828,5.314918942526623e-19
26.497909092194096,5.315523852552872e-19
27.084221580757184,5.316131565921251e-19
27.683507256489452,5.316742095699625e-19
28.2960531738007,5.317355455017466e-19
28.9221527386804,5.317971657066148e-19
29.56210584923782,5.31859071509925e-19
30.21621903935136,5.319212642432852e-19
30.884805625496313,5.319837452445836e-19
31.56818585682211,5.320465158580189e-19
32.26668706854934,5.321095774341312e-19
32.98064383876184,5.321729313298316e-19
33.71039814866758,5.322365789084338e-19
34.45629954640542,5.323005215396845e-19
35.21870531447718,5.323647605997946e-19
35.99798064088337,5.324292974714701e-19
36.79449879404662,5.32494133543944e-19
37.608641301604926,5.325592702130074e-19
38.440798133160975,5.326247088810409e-19
39.29136788707579,5.326904509570472e-19
40.16075798139489,5.327564978566822e-19
41.04938484899886,5.328228510022877e-19
41.95767413707302,5.328895118229238e-19
42.8860609109892,5.329564817544004e-19
43.83498986270024,5.33023762239311e-19
44.804915523744604,5.330913547270649e-19
45.79630248296412,5.331592606739203e-19
46.80962560904002,5.332274815430171e-19
47.84537027795156,5.332960188044106e-19
48.904032605469006,5.333648739351046e-19
49.986119684790005,5.334340484190855e-19
51.09214982943394,5.335035437473556e-19
52.222652821511836,5.3357336141796695e-19
53.37817016548859,5.336435029360561e-19
54.55925534756022,5.337139698138779e-19
55.766474100771326,5.337847635708401e-19
57.00040467599713,5.338558857335384e-19
58.26163811892308,5.339273378357904e-19
59.55077855315206,5.339991214186707e-19
60.86844346957572,5.340712380305478e-19
62.21526402215,5.341436892271168e-19
63.59188533021321,5.342164765714369e-19
64.9989667874954,5.342896016339661e-19
66.43718237796386,5.343630659925977e-19
67.9072209986571,5.34436871232696e-19
69.4097867896634,5.345110189471328e-19
70.9455994713996,5.345855107363232e-19
72.51539468935248,5.346603482082633e-19
74.11992436644981,5.347355329785662e-19
75.75995706322598,5.348110666704989e-19
77.43627834595911,5.348869509150203e-19
79.14969116295235,5.34963187350818e-19
80.9010162291411,5.350397776243454e-19
82.69109241921181,5.351167233898605e-19
84.5207771694169,5.351940263094634e-19
86.39094688828295,5.352716880531338e-19
88.30249737640493,5.353497102987702e-19
90.25634425552894,5.354280947322283e-19
92.25342340713094,5.35506843047359e-19
94.29469142069802,5.355859569460485e-19
96.38112605192876,5.356654381382563e-19
98.51372669107394,5.357452883420547e-19
100.69351484163721,5.358255092836693e-19
102.92153460967076,5.359061026975174e-19
105.1988532038954,5.359870703262487e-19
107.52656144688805,5.360684139207854e-19
109.90577429757778,5.36150135240362e-19
112.33763138530735,5.362322360525664e-19
114.82329755570737,5.363147181333805e-19
117.36396342865123,5.363975832672208e-19
119.96084596855562,5.364808332469797e-19
122.61518906729756,5.365644698740676e-19
125.32826414003448,5.36648494958453e-19
128.10137073420276,5.367329103187061e-19
130.93583715199415,5.368177177820389e-19
133.83302108660473,5.36902919184349e-19
136.79431027256294,5.369885163702611e-19
139.8211231504441,5.370745111931698e-19
142.9149095462987,5.371609055152829e-19
146.07715136610867,5.372477012076641e-19
149.30936330561224,5.373349001502766e-19
152.61309357583528,5.374225042320259e-19
155.989924644673,5.375105153508043e-19
159.4414739948868,5.375989354135349e-19
162.96939489886662,5.376877663362155e-19
166.57537721053976,5.377770100439625e-19
170.2611481748018,5.378666684710573e-19
174.02847325485442,5.37956743560989e-19
177.879156977856,5.38047237266501e-19
181.81504379927748,5.381381515496355e-19
185.83801898638623,5.382294883817802e-19
189.95000952127944,5.38321249743713e-19
194.15298502389416,5.384134376256482e-19
198.44895869544868,5.385060540272837e-19
202.83998828275136,5.385991009578462e-19
207.32817706385038,5.38692580436139e-19
211.91567485549263,5.387864944905886e-19
216.60467904287023,5.388808451592924e-19
221.39743563216072,5.38975634490065e-19
226.29624032634763,5.390708645404875e-19
231.3034396248499,5.391665373779542e-19
236.42143194748178,5.392626550797218e-19
241.65266878328316,5.393592197329573e-19
246.99965586476486,5.394562334347868e-19
252.46495436814592,5.395536982923447e-19
258.0511821401387,5.396516164228228e-19
263.7610149518831,5.397499899535197e-19
269.5971877806271,5.398488210218912e-19
275.56249611976074,5.399481117755991e-19
281.6597973178476,5.400478643725624e-19
287.89201194727474,5.40148080981008e-19
294.26212520319064,5.402487637795202e-19
300.7731883333982,5.403499149570939e-19
307.42832009988,5.404515367131833e-19
314.2307082726747,5.405536312577558e-19
321.18361115679573,5.406562008113424e-19
328.29035915294213,5.407592476050907e-19
335.5543563527427,5.408627738808168e-19
342.97908216929085,5.409667818910577e-19
350.5680930037721,5.410712738991251e-19
358.32502394895397,5.411762521791582e-19
366.25359053037636,5.412817190161766e-19
374.3575904860684,5.413876767061354e-19
382.640905585637,5.414941275559775e-19
391.10750348962165,5.416010738836897e-19
399.76143964997505,5.417085180183563e-19
408.6068592526027,5.418164623002144e-19
417.6479992028833,5.419249090807082e-19
426.8891901551241,5.420338607225462e-19
436.3348585869123,5.421433195997552e-19
445.9895289193831,5.422532880977374e-19
455.8578256843845,5.423637686133264e-19
465.94447573960355,5.424747635548443e-19
476.25431053270574,5.425862753421575e-19
486.7922684155632,5.426983064067356e-19
497.56339700970864,5.428108591917073e-19
508.5728556241094,5.429239361519195e-19
519.8259177264489,5.430375397539945e-19
531.3279734690896,5.431516724763894e-19
543.0845322709165,5.432663368094539e-19
555.1012254563302,5.433815352554901e-19
567.3838089526105,5.434972703288112e-19
579.9381660469749,5.436135445558023e-19
592.7703102046414,5.43730360474979e-19
605.8863879492351,5.438477206370483e-19
619.2926818069518,5.439656276049702e-19
632.9956133158422,5.440840839540168e-19
647.0017461016951,5.442030922718352e-19
661.3177890219785,5.443226551585082e-19
675.9505993793337,5.444427752266164e-19
690.9071862061998,5.445634551013006e-19
706.1947136220897,5.446846974203244e-19
721.8205042651649,5.448065048341367e-19
737.7920427997371,5.449288800059357e-19
754.1169795013831,5.450518256117315e-19
770.8031339213703,5.451753443404108e-19
787.8584986321956,5.452994388938008e-19
805.2912430559697,5.454241119867338e-19
823.1097173775265,5.455493663471124e-19
841.3224565441174,5.456752047159742e-19
859.9381843535882,5.458016298475578e-19
878.9658176330496,5.459286445093686e-19
898.4144705099717,5.460562514822455e-19
918.293458777803,5.461844535604274e-19
938.6123043581861,5.463132535516197e-19
959.3807398618876,5.464426542770621e-19
980.6087132506868,5.465726585715967e-19
1002.3063926023767,5.467032692837352e-19
1024.484170981219,5.46834489275728e-19
1047.1526714161664,5.46966321423633e-19
1070.3227519892166,5.470987686173844e-19
1094.0055110363958,5.472318337608629e-19
1118.2122924637815,5.473655197719642e-19
1142.9546911811735,5.474998295826716e-19
1168.2445586559934,5.476347661391242e-19
1194.0940085900509,5.477703324016898e-19
1220.5154227219662,5.479065313450354e-19
1247.5214567579328,5.480433659581989e-19
1275.1250464337334,5.481808392446619e-19
1303.3394137108828,5.48318954222422e-19
1332.178073109878,5.484577139240654e-19
1361.654838183554,5.485971213968409e-19
1391.783828133729,5.487371797027328e-19
1422.5794745741998,5.488778919185361e-19
1454.0565284434076,5.490192611359299e-19
1486.2300670700595,5.491612904615532e-19
1519.115501395058,5.493039830170797e-19
1552.7285833532897,5.49447341939294e-19
1587.0854134186886,5.495913703801671e-19
1622.2024483162763,5.497360715069336e-19
1658.096508904846,5.498814485021679e-19
1694.7847882340309,5.500275045638626e-19
1732.2848597797167,5.501742429055056e-19
1770.6146858616094,5.50321666756158e-19
1809.79262624709,5.504697793605333e-19
1849.8374469454461,5.506185839790765e-19
1890.7683291966528,5.507680838880429e-19
1932.6048786591207,5.509182823795791e-19
1975.367134800666,5.51069182761802e-19
2019.0755804973076,5.512207883588806e-19
2063.7511518444558,5.513731025111167e-19
2109.415248185148,5.515261285750263e-19
2156.0897423602632,5.516798699234228e-19
2203.7969911854543,5.518343299454978e-19
2252.5598461599407,5.519895120469059e-19
2302.4016644122485,5.521454196498464e-19
2353.34631988815,5.523020561931484e-19
2405.418214786109,5.524594251323544e-19
2458.6422912458506,5.526175299398058e-19
2513.0440432954665,5.527763741047268e-19
2568.6495290629173,5.529359611333118e-19
2625.485383257738,5.530962945488101e-19
2683.578829928869,5.532573778916137e-19
2742.957695504882,5.534192147193428e-19
2803.6504221226396,5.535818086069355e-19
2865.686081250926,5.53745163146734e-19
2929.094387615525,5.539092819485737e-19
2993.905713432359,5.540741686398728e-19
3060.151102955673,5.542398268657208e-19
3127.8622873480126,5.5440626028896925e-19
3197.0716998792786,5.545734725903215e-19
3267.8124914620903,5.547414674684242e-19
3340.118546530831,5.549102486399589e-19
3414.024499272178,5.550798198397329e-19
3489.5657502146264,5.552501848207729e-19
3566.778483185152,5.554213473544174e-19
3645.6996826410746,5.555933112304105e-19
3726.367151385339,5.557660802569947e-19
3808.819528673934,5.55939658261007e-19
3893.096308723812,5.56114049087973e-19
3979.237859630409,5.562892566022021e-19
4067.285442703733,5.564652846868843e-19
4157.281232232311,5.566421372441865e-19
4249.268335684364,5.568198181953493e-19
4343.290814356137,5.569983314807844e-19
4439.393704476947,5.571776810601736e-19
4537.623038781288,5.57357870912567e-19
4638.025868558272,5.575389050364824e-19
4740.6502861888475,5.577207874500039e-19
4845.545448181893,5.579035221908845e-19
4952.761598719823,5.580871133166445e-19
5062.350093725286,5.58271564904675e-19
5174.363425460376,5.584568810523385e-19
5288.855247670046,5.586430658770721e-19
5405.880401282066,5.588301235164902e-19
5525.494940675432,5.590180581284884e-19
5647.756160530116,5.592068738913476e-19
5772.722623270906,5.593965750038391e-19
5900.454187118389,5.595871656853299e-19
6031.012034760828,5.597786501758882e-19
6164.458702660229,5.599710327363903e-19
6300.858111006974,5.601643176486283e-19
6440.275594337248,5.603585092154166e-19
6582.777932827809,5.6055361176070125e-19
6728.433384283465,5.607496296296685e-19
6877.311716832062,5.609465671888545e-19
7029.4842423430555,5.61144428826255e-19
7185.023850585506,5.613432189514365e-19
7344.005044141752,5.615429419956473e-19
7506.503974093891,5.6174360241193e-19
7672.598476499599,5.619452046752338e-19
7842.368109675185,5.621477532825269e-19
8015.894192303568,5.623512527529123e-19
8193.259842385494,5.625557076277399e-19
8374.550017052452,5.627611224707235e-19
8559.85155326085,5.629675018680556e-19
8749.253209386292,5.63174850428524e-19
8942.845707738361,5.633831727836289e-19
9140.721778016123,5.635924735877005e-19
9342.976201724981,5.638027575180176e-19
9549.705857576686,5.640140292749262e-19
9761.009767893545,5.642262935819592e-19
9976.989146039581,5.644395551859571e-19
10197.747444901195,5.646538188571893e-19
10423.390406440347,5.64869089389474e-19
10654.026112344589,5.650853716003029e-19
10889.765035797422,5.65302670330963e-19
11130.720094394348,5.6552099044666e-19
11377.006704229809,5.657403368366437e-19
11628.742835180643,5.659607144143324e-19
11886.049067413263,5.66182128117439e-19
12149.048649140674,5.664045829080973e-19
12417.867555657718,5.666280837729896e-19
12692.634549682565,5.668526357234741e-19
12973.481243033117,5.670782437957142e-19
13260.542159668612,5.6730491305080715e-19
13553.95480012564,5.675326485749148e-19
13853.859707380165,5.677614554793942e-19
14160.400534166787,5.67991338900929e-19
14473.72411178766,5.682223040016615e-19
14793.980520443605,5.68454355969327e-19
15121.323161122009,5.686875000173856e-19
15455.908829074799,5.689217413851584e-19
15797.897788922523,5.691570853379622e-19
16147.453851420254,5.693935371672455e-19
16504.74445192174,5.696311021907254e-19
16869.940730580372,5.698697857525249e-19
17243.21761432408,5.701095932233123e-19
17624.753900644402,5.703505300004385e-19
18014.732343239513,5.705926015080792e-19
18413.33973955193,5.708358131973742e-19
18820.76702024385,5.7108017054656865e-19
19237.209340651534,5.713256790611568e-19
19662.866174263705,5.715723442740234e-19
20097.941408268256,5.718201717455895e-19
20542.64344121274,5.720691670639555e-19
20997.185282826562,5.723193358450478e-19
21461.784656051103,5.725706837327645e-19
21936.664101327835,5.728232163991236e-19
22422.051083194012,5.730769395444097e-19
22918.17809923653,5.733318588973244e-19
23425.282791457463,5.735879802151349e-19
23943.608060102884,5.738453092838245e-19
24473.40218001077,5.741038519182455e-19
25014.918919533226,5.7436361396227e-19
25568.417662090185,5.746246012889436e-19
26134.163530412174,5.748868198006395e-19
26712.427513533185,5.751502754292137e-19
27303.486596592476,5.754149741361602e-19
27907.623893508964,5.75680921912768e-19
28525.12878259129,5.759481247802789e-19
29156.29704514792,5.762165887900454e-19
29801.431007165364,5.76486320023691e-19
30460.83968412016,5.767573245932692e-19
31134.838928995632,5.770296086414262e-19
31823.751583573776,5.7730317834156215e-19
32527.907633074115,5.77578039897994e-19
33247.64436421552,5.778541995461198e-19
33983.30652677408,5.781316635525843e-19
34735.24649871642,5.784104382154437e-19
35503.82445498686,5.786905298643333e-19
36289.40854002859,5.789719448606342e-19
37092.37504412361,5.792546895976437e-19
37913.10858363304,5.795387705007437e-19
38752.00228522629,5.798241940275717e-19
39609.457974186706,5.801109666681927e-19
40485.886366882856,5.803990949452712e-19
41381.70726750034,5.806885854142459e-19
42297.349769124914,5.809794446635034e-19
43233.252459275835,5.812716793145543e-19
44189.86362998671,5.815652960222094e-19
45167.64149253505,5.81860301474758e-19
46167.05439692209,5.821567023941461e-19
47188.58105621087,5.82454505536156e-19
48232.7107758263,5.827537176905878e-19
49299.94368792988,5.830543456814404e-19
50390.79099098032,5.833563963670946e-19
51505.775194593865,5.83659876640497e-19
52645.43036982462,5.839647934293448e-19
53810.30240498076,5.842711536962722e-19
55000.94926710206,5.845789644390372e-19
56217.941269223185,5.8488823269071e-19
57461.86134354941,5.851989655198616e-19
58733.305320679225,5.855111700307551e-19
60032.882215002835,5.858248533635365e-19
61361.214516416825,5.861400226944274e-19
62718.9384884935,5.864566852359189e-19
64106.704473246486,5.867748482369659e-19
65525.17720264233,5.870945189831839e-19
66975.03611700232,5.874157047970451e-19
68456.97569045078,5.877384130380771e-19
69971.70576356445,5.880626511030623e-19
71519.95188338093,5.88388426426238e-19
73102.45565093329,5.887157464794991e-19
74719.97507647157,5.890446187725993e-19
76373.28494254562,5.893750508533566e-19
78063.17717512154,5.897070503078583e-19
79790.46122290999,5.90040624760666e-19
81555.9644450862,5.903757818750254e-19
83360.5325075922,5.907125293530734e-19
85205.02978820475,5.910508749360489e-19
87090.33979056755,5.9139082640450425e-19
89017.36556738496,5.9173239157851665e-19
90987.03015297743,5.920755783179035e-19
93000.27700541198,5.924203945224357e-19
95058.07045841172,5.927668481320554e-19
97161.39618326655,5.931149471270923e-19
99311.26166096446,5.934646995284831e-19
101508.69666476757,5.938161133979915e-19
103754.75375347001,5.941691968384289e-19
106050.50877556598,5.945239579938782e-19
108397.06138457543,5.948804050499164e-19
110795.53556577225,5.952385462338407e-19
113247.08017456497,5.955983898148952e-19
115752.8694867946,5.95959944104498e-19
118314.10376120433,5.963232174564709e-19
120932.00981435695,5.9668821826727e-19
123607.84160827355,5.970549549762176e-19
126342.88085107207,5.974234360657351e-19
129138.43761090121,5.977936700615783e-19
131995.85094345358,5.98165665533073e-19
134916.4895333662,5.985394310933526e-19
137901.7523498126,5.989149753995967e-19
140953.06931660158,5.992923071532714e-19
144071.90199710042,5.99671435100371e-19
147259.74429431852,6.00052368031661e-19
150518.1231664764,6.004351147829227e-19
153848.59935841034,6.008196842351988e-19
157252.76814916087,6.012060853150414e-19
160732.26011609982,6.015943269947599e-19
164288.7419159714,6.019844182926722e-19
167923.91708320857,6.0237636827335595e-19
171639.526845917,6.027701860479018e-19
175437.35095991415,6.031658807741687e-19
179319.20856121916,6.035634616570395e-19
183286.9590374129,6.039629379486788e-19
187342.50291827114,6.043643189487927e-19
191487.7827861082,6.047676140048895e-19
195724.7842062635,6.051728325125417e-19
200055.5366781728,6.055799839156499e-19
204482.11460749162,6.059890777067093e-19
209006.63829972054,6.0640012342707495e-19
213631.27497582015,6.0681313066723285e-19
218358.23981029834,6.072281090670677e-19
223189.79699226277,6.076450683161361e-19
228128.26080995973,6.080640181539398e-19
233175.9967593014,6.084849683702006e-19
238335.4226769259,6.089079288051378e-19
243609.00989832703,6.093329093497448e-19
248999.28444161091,6.097599199460713e-19
254508.82821744023,6.10188970587503e-19
260140.28026576055,6.106200713190465e-19
265896.3380198815,6.110532322376132e-19
271779.7585985329,6.114884634923068e-19
277793.3601265098,6.119257752847113e-19
283940.0230845337,6.123651778691811e-19
290222.69168899336,6.128066815531334e-19
296644.3753022026,6.13250296697341e-19
303208.14987386914,6.136960337162284e-19
309917.1594144582,6.141439030781685e-19
316774.6175011501,6.1459391530578175e-19
323783.8088171333,6.150460809762365e-19
330948.09072494355,6.15500410721552e-19
338270.89487462287,6.159569152289022e-19
345755.72884746135,6.164156052409221e-19
353406.17783610313,6.16876491556015e-19
361225.90636184154,6.173395850286639e-19
369218.6600298983,6.178048965697413e-19
377388.26732354803,6.182724371468239e-19
385738.64143794205,6.187422177845073e-19
394273.7821544995,6.192142495647235e-19
402997.7777567896,6.1968854362706e-19
411914.8069887897,6.201651111690807e-19
421029.14105648134,6.206439634466502e-19
430345.1456737333,6.211251117742558e-19
439867.2831534557,6.216085675253375e-19
449600.11454501486,6.22094342132615e-19
459548.3018189606,6.225824470884188e-19
469716.61010007653,6.230728939450237e-19
480109.90994984924,6.235656943149825e-19
490733.1796994414,6.2406085987146375e-19
501591.5078342758,6.2455840234859e-19
512690.0954314028,6.25058333541779e-19
524034.2586507786,6.255606653080861e-19
535629.4312816773,6.260654095665496e-19
547481.167345447,6.265725782985382e-19
559595.1437558458,6.270821835480988e-19
571977.1630382639,6.275942374223097e-19
584633.1561090911,6.281087520916318e-19
597569.1851165947,6.286257397902659e-19
610791.4463446552,6.2914521281650895e-19
624306.2731807423,6.296671835331149e-19
638120.1391495849,6.301916643676555e-19
652239.6610139434,6.307186678128857e-19
666671.6019440028,6.312482064271095e-19
681422.874756896,6.317802928345472e-19
696500.5452278927,6.323149397257086e-19
711911.8354748809,6.328521598577635e-19
727664.1274177101,6.333919660549193e-19
743764.9663140911,6.339343712087965e-19
760222.0643737307,6.344793882788094e-19
777043.3044524401,6.350270302925484e-19
794236.7438279644,6.35577310346164e-19
811810.6180593919,6.361302416047538e-19
829773.3449319266,6.36685837302751e-19
848133.5284889633,6.372441107443167e-19
866899.9631533775,6.378050753037332e-19
886081.6379399905,6.383687444257999e-19
905687.7407612767,6.389351316262323e-19
925727.662828307,6.395042504920632e-19
946211.0031490889,6.400761146820453e-19
967147.5731264404,6.406507379270586e-19
988547.4012575799,6.412281340305162e-19
1010420.7379377425,6.418083168687777e-19
1032778.0603700451,6.423913003915612e-19
1055630.0775840108,6.4297709862235935e-19
1078987.7355651371,6.435657256588576e-19
1102862.2224979422,6.441571956733551e-19
1127264.9741250684,6.447515229131884e-19
1152207.6792249198,6.453487217011569e-19
1177702.2852105245,6.459488064359524e-19
1203761.0038522817,6.465517915925891e-19
1230396.3171273107,6.47157691722838e-19
1257620.9831982758,6.477665214556636e-19
1285448.042524453,6.483782954976631e-19
1313890.8241080414,6.489930286335073e-19
1342962.9518786783,6.496107357263859e-19
1372678.3512192294,6.50231431718455e-19
1403051.2556359444,6.508551316312852e-19
1434096.21357626,6.514818505663165e-19
1465828.0953973995,6.521116037053125e-19
1498262.1004891943,6.52744406310819e-19
1531413.7645545118,6.533802737266243e-19
1565298.9670507428,6.540192213782237e-19
1599933.938796008,6.546612647732862e-19
1635335.269743602,6.553064195021233e-19
1671519.916928493,6.559547012381616e-19
1708505.2125896513,6.566061257384187e-19
1746308.8724720657,6.572607088439798e-19
1784949.0043125253,6.579184664804807e-19
1824444.1165130942,6.585794146585899e-19
1864813.1270065368,6.592435694744971e-19
1906075.3723179076,6.599109471104016e-19
1948250.616826605,6.605815638350062e-19
1991359.062233442,6.612554360040137e-19
2035421.357237114,6.619325800606238e-19
2080458.6074248168,6.626130125360372e-19
2126492.3853817084,6.632967500499594e-19
2173544.7410240215,6.639838093111095e-19
2221638.212160898,6.646742071177311e-19
2270795.8352898345,6.653679603581072e-19
2321041.156631045,6.660650860110765e-19
2372398.2434059624,6.667656011465562e-19
2424891.695365312,6.674695229260641e-19
2478546.6565722106,6.681768686032462e-19
2533388.8274460877,6.688876555244077e-19
2589444.4770730007,6.6960190112904575e-19
2646740.455788388,6.703196229503868e-19
2705304.208038233,6.710408386159268e-19
2765163.785524758,6.717655658479744e-19
2826347.86064309,6.724938224641978e-19
2888885.7402151343,6.732256263781753e-19
2952807.3795273816,6.739609955999484e-19
3018143.396679334,6.746999482365791e-19
3084925.0872493493,6.754425024927099e-19
3153184.4392851177,6.761886766711274e-19
3222954.148625704,6.76938489173331e-19
3294267.63456268,6.776919585001017e-19
3367159.055847789,6.784491032520779e-19
3441663.3270547357,6.792099421303315e-19
3517816.13530315,6.799744939369517e-19
3595653.957352459,6.807427775756277e-19
3675214.0770740584,6.815148120522378e-19
3756534.6033100914,6.822906164754428e-19
3839654.488127302,6.830702100572791e-19
3924613.545474944,6.838536121137613e-19
4011452.4702553777,6.846408420654828e-19
4100212.8578167055,6.854319194382241e-19
4190937.2238767073,6.862268638635629e-19
4283669.024887647,6.87025695079488e-19
4378452.678851587,6.878284329310178e-19
4475333.586596471,6.886350973708226e-19
4574358.153522784,6.894457084598498e-19
4675573.811831495,6.902602863679538e-19
4779029.0432438245,6.910788513745294e-19
4884773.402223643,6.919014238691484e-19
4992857.53971388,6.927280243522027e-19
5103333.227397969,6.935586734355478e-19
5216253.3824982,6.94393391843153e-19
5331672.093122792,6.952322004117544e-19
5449644.6441737,6.96075120091512e-19
5570227.543827893,6.969221719466712e-19
5693478.550604367,6.977733771562283e-19
5819456.701030158,6.986287570146e-19
5948222.337918539,6.994883329322966e-19
6079837.139272768,7.003521264366001e-19
6214364.147829657,7.012201591722463e-19
6351867.801256583,7.020924529021112e-19
6492413.963016779,7.029690295079008e-19
6636069.953917593,7.038499109908461e-19
6782904.5843566535,7.047351194724018e-19
6932988.187281823,7.0562467719495e-19
7086392.651880169,7.065186065225081e-19
7243191.458012499,7.074169299414398e-19
7403459.711409791,7.08319670061172e-19
7567274.179648448,7.092268496149166e-19
7734713.328921395,7.101384914603937e-19
7905857.361623126,7.110546185805629e-19
8080788.25476607,7.11975254084358e-19
8259589.799247138,7.129004212074237e-19
8442347.639983123,7.138301433128613e-19
8629149.316933978,7.147644438919753e-19
8820084.307034176,7.157033465650262e-19
9015244.067051498,7.16646875081988e-19
9214722.077394348,7.175950533233104e-19
9418613.88688836,7.185479053006846e-19
9627017.1585436,7.195054551578153e-19
9840031.716334803,7.204677271711964e-19
10057759.593016345,7.214347457508929e-19
10280305.07899538,7.224065354413259e-19
10507774.772286398,7.233831209220632e-19
10740277.629570883,7.243645270086151e-19
10977925.018387202,7.253507786532347e-19
11220830.770474851,7.263419009457238e-19
11469111.236299245,7.273379191142427e-19
11722885.34078297,7.283388585261263e-19
11982274.64026996,7.293447446887035e-19
12247403.380750567,7.303556032501236e-19
12518398.55737449,7.31371460000187e-19
12795389.975280778,7.323923408711808e-19
13078510.311773745,7.334182719387195e-19
13367895.179874694,7.344492794225917e-19
13663683.193279559,7.354853896876108e-19
13966016.032754403,7.3652662924447245e-19
14275038.513999477,7.375730247506168e-19
14590898.657015156,7.386246030110946e-19
14913747.75700275,7.396813909794409e-19
15243740.456833785,7.407434157585527e-19
15581034.821123414,7.418107046015735e-19
15925792.411942234,7.428832849127808e-19
16278178.366203647,7.439611842484819e-19
16638361.47476356,7.450444303179136e-19
17006514.263269976,7.461330509841472e-19
17382813.074802198,7.472270742650012e-19
17767438.15433787,7.483265283339569e-19
18160573.735089384,7.494314415210821e-19
18562408.12675059,7.505418423139587e-19
18973133.805695757,7.516577593586165e-19
19392947.50717513,7.527792214604743e-19
19822050.31954966,7.5390625758528435e-19
20260647.780611277,7.550388968600852e-19
20708949.976034388,7.561771685741577e-19
21167171.640005376,7.573211021799894e-19
21635532.25807956,7.584707272942437e-19
22114256.17231317,7.596260736987354e-19
22603572.688722007,7.607871713414117e-19
23103716.187117707,7.619540503373402e-19
23614926.233374424,7.631267409697023e-19
24137447.694179125,7.643052736907929e-19
24671530.85432192,7.654896791230265e-19
25217431.536580645,7.666799880599499e-19
25775411.22425862,7.678762314672602e-19
26345737.186433755,7.690784404838298e-19
26928682.605978478,7.702866464227373e-19
27524526.71041341,7.715008807723056e-19
28133554.90565534,7.727211751971458e-19
28756058.912725095,7.739475615392078e-19
29392336.907480404,7.751800718188369e-19
30042693.66343992,7.764187382358372e-19
30707440.69776871,7.776635931705432e-19
31386896.42049273,7.789146691848947e-19
32081386.28701552,7.801719990235221e-19
32791242.95400961,7.814356156148352e-19
33516806.43875663,7.827055520721203e-19
34258424.282014444,7.839818416946454e-19
35016451.71448666,7.852645179687691e-19
35791251.82697621,7.86553614569059e-19
36583195.74430394,7.878491653594164e-19
37392662.8030747,7.891512043942067e-19
38220040.73337825,7.904597659193987e-19
39065725.844509184,7.917748843737101e-19
39930123.21479697,7.930965943897598e-19
40813646.88563615,7.944249307952273e-19
41716720.05980997,7.95759928614021e-19
42639775.30420138,7.971016230674504e-19
43583254.756991185,7.984500495754097e-19
44547610.33943894,7.998052437575645e-19
45533303.97235087,8.011672414345503e-19
46540807.7973375,8.02536078629174e-19
47570604.40296597,8.039117915676258e-19
48623187.055918366,8.052944166806982e-19
49699059.937262885,8.066839906050115e-19
50798738.383953854,8.080805501842479e-19
51922749.135675415,8.094841324703926e-19
53071630.58714597,8.108947747249835e-19
54245933.0460074,8.123125144203665e-19
55446218.996418506,8.137373892409624e-19
56673063.36848183,8.151694370845377e-19
57927053.8136322,8.166086960634857e-19
59208790.986117385,8.180552045061138e-19
60518888.83070953,8.195090009579417e-19
61857974.87678019,8.209701241830035e-19
63226690.53888358,8.224386131651622e-19
64625691.42399072,8.239145071094289e-19
66055647.64552037,8.253978454432912e-19
67517244.14432111,8.268886678180521e-19
69011181.01675306,8.2838701411017325e-19
70538173.85003021,8.298929244226302e-19
72098954.06498273,8.314064390862726e-19
73694269.26640353,8.329275986611968e-19
75324883.60114557,8.344564439381223e-19
76991578.1241456,8.35993015939782e-19
78695151.17254378,8.375373559223161e-19
80436418.74808295,8.390895053766779e-19
82216214.90796912,8.4064950603004735e-19
84035392.16437873,8.42217399847252e-19
85894821.89280912,8.437932290321998e-19
87795394.74946111,8.453770360293182e-19
89738021.0978585,8.469688635250027e-19
91723631.44490741,8.48568754449075e-19
93753176.88660225,8.501767519762492e-19
95827629.56359752,8.517928995276094e-19
97947983.12685604,8.534172407720927e-19
100115253.2136026,8.55049819627985e-19
102330477.9338087,8.56690680264424e-19
104594718.36743958,8.5833986710291115e-19
106909059.07270806,8.599974248188355e-19
109274608.60556997,8.616633983430047e-19
111692500.0507166,8.633378328631855e-19
114163891.56431614,8.650207738256553e-19
116689966.92876211,8.667122669367617e-19
119271936.11970109,8.68412358164493e-19
121911035.88560224,8.701210937400583e-19
124608530.34015326,8.71838520159475e-19
127365711.56776366,8.735646841851708e-19
130183900.24246615,8.752996328475909e-19
133064446.26051004,8.770434134468174e-19
136008729.38695687,8.787960735541994e-19
139018159.91657782,8.80557661013992e-19
142094179.34937757,8.823282239450047e-19
145238261.08106488,8.841078107422626e-19
148451911.10879856,8.858964700786746e-19
151736668.75255492,8.876942509067147e-19
155094107.3924509,8.895012024601133e-19
158525835.2223847,8.913173742555566e-19
162033496.02035218,8.931428160943997e-19
165618769.9358045,8.949775780643866e-19
169283374.29443383,8.968217105413864e-19
173029064.4207602,8.986752641911345e-19
176857634.47892243,9.00538289970987e-19
180770918.3320731,9.024108391316877e-19
184770790.42078573,9.042929632191415e-19
188859166.66090545,9.061847140762044e-19
193038005.36125883,9.080861438444792e-19
197309308.1616732,9.099973049661269e-19
201675120.99175164,9.119182501856857e-19
206137535.05085823,9.138490325519035e-19
210698687.80979547,9.157897054195797e-19
215360764.03463727,9.177403224514223e-19
220125996.83322033,9.197009376199105e-19
224996668.72478992,9.216716052091755e-19
229975112.73331442,9.236523798168868e-19
235063713.50498688,9.256433163561538e-19
240264908.45046237,9.276444700574387e-19
245581188.91236007,9.296558964704813e-19
251015101.358603,9.31677651466234e-19
256569248.6021627,9.337097912388104e-19
262246291.04778758,9.357523723074444e-19
268048947.9663277,9.378054515184653e-19
273979998.797246,9.398690860472799e-19
280042284.47995466,9.41943333400369e-19
286238708.8146103,9.440282514172994e-19
292572239.8530128,9.461238982727406e-19
299045911.32029206,9.48230332478503e-19
305662824.0680404,9.503476128855828e-19
312426147.559604,9.524757986862206e-19
319339121.3882389,9.546149494159745e-19
326405056.82885236,9.567651249558032e-19
333627338.4240925,9.589263855341648e-19
341009425.60551965,9.610987917291265e-19
348554854.3506556,9.632824044704886e-19
356267238.87669796,9.65477285041921e-19
364150273.37170386,9.676834950831119e-19
372207733.7640934,9.699010965919326e-19
380443479.531292,9.721301519266122e-19
388861455.54839975,9.743707238079288e-19
397465693.9777652,9.76622875321412e-19
406260316.2003619,9.788866699195586e-19
415249534.7899158,9.81162171424066e-19
424437655.53069764,9.834494440280743e-19
433829079.47997046,9.85748552298425e-19
443428305.07607096,9.880595611779328e-19
453239930.2931376,9.903825359876733e-19
463268654.84350646,9.927175424292796e-19
473519282.4288575,9.950646465872607e-19
483996723.0411531,9.974239149313275e-19
494705995.3144976,9.997954143187363e-19
505652228.9290367,1.0021792119966475e-18
516840667.0680365,1.0045753756044944e-18
528276668.9293507,1.006983973176373e-18
539965712.2924373,1.009405073143442e-18
551913396.142186,1.0118387443363383e-18
564125443.3508021,1.0142850559876084e-18
576607703.41902,1.0167440777341535e-18
589366155.2779949,1.019215879619692e-18
602406910.1531671,1.0217005320972336e-18
615736214.4915063,1.024198106031573e-18
629360452.953527,1.0267086727017945e-18
643286151.4714934,1.0292323038037934e-18
657519980.3753191,1.031769071452817e-18
672068757.5876076,1.0343190481860153e-18
686939451.8893995,1.036882306965009e-18
702139186.2581826,1.0394589211784781e-18
717675241.2797453,1.042048964644757e-18
733555058.6355531,1.0446525116144565e-18
749786244.6672597,1.0472696367730938e-18
766376574.0201042,1.0499004152437415e-18
783333993.3669215,1.0525449225896931e-18
800666625.2145567,1.0552032348171458e-18
818382771.7944862,1.0578754283778955e-18
836490919.039558,1.0605615801720552e-18
854999740.6486934,1.063261767550784e-18
873918102.2415409,1.0659760683190365e-18
893255065.6050618,1.0687045607383266e-18
913019893.0340594,1.0714473235295102e-18
933222051.7677876,1.074204435875585e-18
953871218.5246886,1.0769759774245064e-18
974977284.1374906,1.0797620282920206e-18
996550358.2908636,1.0825626690645166e-18
1018600774.3638841,1.0853779808018933e-18
1041139094.3796889,1.088208045040448e-18
1064176114.064608,1.0910529437957784e-18
1087722868.0192595,1.0939127595657051e-18
1111790635.0040643,1.0967875753332127e-18
1136390943.3416905,1.099677474569403e-18
1161535576.4390807,1.102582541236477e-18
1187236578.4316182,1.1055028597907253e-18
1213506259.9522038,1.1084385151855415e-18
1240357204.0279832,1.1113895928744537e-18
1267802272.1075258,1.114356178814173e-18
1295854610.2214139,1.1173383594676633e-18
1324527655.2790966,1.120336221807229e-18
1353835141.505098,1.1233498533176189e-18
1383791107.0176315,1.126379341999153e-18
1414409900.552784,1.1294247763708678e-18
1445706188.3374553,1.1324862454736765e-18
1477694961.1144323,1.1355638388735568e-18
1510391541.3228443,1.1386576466647498e-18
1543811590.437531,1.1417677594729849e-18
1577971116.4708052,1.1448942684587201e-18
1612886481.640173,1.1480372653204034e-18
1648574410.2057815,1.151196842297757e-18
1685051996.4812176,1.1543730921750785e-18
1722336713.021593,1.1575661082845613e-18
1760446418.9928062,1.1607759845096409e-18
1799399368.7259498,1.1640028152883533e-18
1839214220.4610758,1.1672466956167228e-18
1879910045.2843566,1.1705077210521653e-18
1921506336.2630327,1.1737859877169134e-18
1964023017.7824893,1.1770815923014624e-18
2007480455.08989,1.1803946320680368e-18
2051899464.0490627,1.183725204854083e-18
2097301321.1111457,1.187073409075774e-18
2143707773.5058959,1.190439343731546e-18
2191141049.658495,1.1938231084056482e-18
2239623869.8368034,1.1972248032717177e-18
2289179457.0342903,1.200644529096379e-18
2339831548.093681,1.2040823872428606e-18
2391604405.076776,1.2075384796746367e-18
2444522826.8858414,1.2110129089590915e-18
2498612161.142151,1.2145057782712035e-18
2553898316.327308,1.2180171913972535e-18
2610407774.193327,1.221547252738557e-18
2668167602.447194,1.2250960673152182e-18
2727205467.7161584,1.2286637407699059e-18
2787549648.7998977,1.232250379371653e-18
2849229050.2158566,1.2358560900196803e-18
2912273216.0444126,1.2394809802472439e-18
2976712344.0802784,1.243125158225504e-18
3042577300.2970805,1.2467887327674191e-18
3109899633.6319995,1.2504718133316655e-18
3178711591.097479,1.2541745100265729e-18
3249046133.2274356,1.2578969336140984e-18
3320936949.865116,1.2616391955138104e-18
3394418476.300351,1.2654014078069042e-18
3469525909.7638783,1.2691836832402435e-18
3546295226.286555,1.2729861352304194e-18
3624763197.9317584,1.2768088778678423e-18
3704967410.4089355,1.2806520259208552e-18
3786946281.0769577,1.2845156948398696e-18
3870739077.3458323,1.2884000007615333e-18
3956385935.4855022,1.292305060512914e-18
4043927879.8509855,1.2962309916157205e-18
4133406842.5327444,1.3001779122905395e-18
4224865683.441931,1.3041459414611027e-18
4318348210.840039,1.3081351987585807e-18
4413899202.322832,1.3121458045259003e-18
4511564426.268478,1.3161778798220898e-18
4611390663.760454,1.320231546426652e-18
4713425730.995342,1.324306926843963e-18
4817718502.186533,1.3284041443076947e-18
4924318932.974713,1.3325233227852703e-18
5033278084.356256,1.3366645869823423e-18
5144648147.141259,1.3408280623472993e-18
5258482466.952569,1.3450138750758009e-18
5374835569.77805,1.3492221521153407e-18
5493763188.08824,1.353453021169836e-18
5615322287.531795,1.3577066107042412e-18
5739571094.221844,1.3619830499492022e-18
5866569122.625877,1.3662824689057255e-18
5996377204.072855,1.3706049983498818e-18
6129057515.89109,1.3749507698375395e-18
6264673611.190738,1.3793199157091227e-18
6403290449.305514,1.3837125690944049e-18
6544974426.907752,1.3881288639173231e-18
6689793409.812048,1.3925689349008309e-18
6837816765.48263,1.3970329175717738e-18
6989115396.25986,1.4015209482657958e-18
7143761773.322225,1.4060331641322796e-18
7301829971.399493,1.4105697031393135e-18
7463395704.254126,1.4151307040786902e-18
7628536360.947727,1.4197163065709327e-18
7797331042.909999,1.4243266510703564e-18
7969860601.8277445,1.4289618788701568e-18
8146207678.372552,1.4336221321075333e-18
8326456741.785081,1.4383075537688395e-18
8510694130.335374,1.4430182876947672e-18
8699008092.678429,1.4477544785855641e-18
8891488830.12466,1.4525162720062758e-18
9088228539.84602,1.4573038143920304e-18
9289321459.03778,1.4621172530533475e-18
9494863910.057636,1.4669567361814822e-18
9704954346.563614,1.4718224128538012e-18
9919693400.672646,1.4767144330391911e-18
10139183931.163012,1.4816329476035016e-18
10363531072.742958,1.4865781083150215e-18
10592842286.409655,1.4915500678499863e-18
10827227410.922392,1.4965489797981187e-18
11066798715.414732,1.5015749986682075e-18
11311670953.170767,1.5066282798937159e-18
11561961416.591393,1.5117089798384275e-18
11817789993.376307,1.5168172558021181e-18
12079279223.95011,1.5219532660262784e-18
12346554360.15808,1.5271171696998559e-18
12619743425.261189,1.5323091269650393e-18
12898977275.258516,1.5375292989230778e-18
13184389661.566513,1.5427778476401308e-18
13476117295.085178,1.5480549361531622e-18
13774299911.681784,1.5533607284758611e-18
14079080339.123568,1.5586953896046066e-18
14390604565.491526,1.5640590855244656e-18
14709021809.107407,1.5694519832152168e-18
15034484590.009129,1.574874250657438e-18
15367148803.006536,1.5803260568386025e-18
15707173792.35425,1.5858075717592269e-18
16054722428.076645,1.591318966439053e-18
16409961183.98166,1.5968604129232695e-18
16773060217.4008,1.6024320842887685e-18
17144193450.693527,1.6080341546504395e-18
17523538654.555073,1.613666799167509e-18
17911277533.167583,1.6193301940499078e-18
18307595811.23554,1.6250245165646887e-18
18712683322.946217,1.630749945042466e-18
19126734102.90008,1.6365066588839205e-18
19549946479.05165,1.6422948385663188e-18
19982523167.707607,1.6481146656500842e-18
20424671370.626743,1.6539663227854094e-18
20876602874.268406,1.6598499937189006e-18
21338534151.237022,1.665765863300272e-18
21810686463.97123,1.6717141174890735e-18
22293285970.727303,1.6776949433614636e-18
22786563833.907875,1.6837085291170251e-18
23290756330.78665,1.689755064085608e-18
23806104966.684975,1.6958347387342407e-18
24332856590.650764,1.7019477446740587e-18
24871263513.697983,1.7080942746672864e-18
25421583629.66216,1.7142745226342603e-18
25984080538.730076,1.7204886836604938e-18
26559023673.702732,1.7267369540037856e-18
27146688429.05212,1.733019531101371e-18
27747356292.833607,1.739336613577119e-18
28361314981.51733,1.745688401248769e-18
28988858577.80182,1.7520750951352084e-18
29630287671.4793,1.7584968974638136e-18
30285909503.415577,1.7649540116778076e-18
30956038112.716866,1.7714466424436862e-18
31640994487.15274,1.777974995658674e-18
32341106716.907444,1.7845392784582328e-18
33056710151.733185,1.791139699223616e-18
33788147561.580772,1.797776467589466e-18
34535769300.784454,1.8044497944514582e-18
35299933475.87963,1.8111598919739946e-18
36081006117.134155,1.817906973597942e-18
36879361353.87352,1.824691254048409e-18
37695381593.68847,1.831512949342593e-18
38529457705.604836,1.838372276797648e-18
39381989207.30789,1.8452694550386215e-18
40253384456.50902,1.8522047040064233e-18
41144060846.546715,1.8591782449658544e-18
42054445006.31561,1.866190300513681e-18
42984973004.61929,1.8732410945867554e-18
43936090559.04474,1.880330852470188e-18
44908253249.45887,1.8874598008055733e-18
45901926736.22723,1.89462816759925e-18
46917586983.26483,1.901836182230639e-18
47955720486.0187,1.909084075460604e-18
49016824504.49676,1.9163720794398827e-18
50101407301.45252,1.923700427717554e-18
51209988385.84008,1.931069355249572e-18
52343098761.65587,1.938479098407338e-18
53501281182.286575,1.9459298949863338e-18
54685090410.4849,1.953421984214803e-18
55895093484.097755,1.9609556067624885e-18
57131869987.67457,1.968531004749422e-18
58396012330.08316,1.9761484217547558e-18
59688126028.27295,1.9838081028256733e-18
61008829997.31226,1.991510294486332e-18
62358756846.845604,1.999255244746866e-18
63738553184.11,2.007043203112447e-18
65148879923.65622,2.014874420592398e-18
66590412603.92302,2.022749149709364e-18
68063841710.816216,2.0306676445085345e-18
69569873008.4475,2.038630160566927e-18
71109227877.19191,2.046636955002727e-18
72682643659.22273,2.0546882864846696e-18
74290874011.69746,2.06278441524151e-18
75934689267.75314,2.0709256030715203e-18
77614876805.49197,2.0791121133520578e-18
79332241425.131,2.0873442110491916e-18
81087605734.49677,2.0956221627273864e-18
82881810543.04977,2.1039462365592425e-18
84715715264.6274,2.112316702335298e-18
86590198329.09824,2.120733831473891e-18
88506157603.12563,2.129197897031081e-18
90464510820.23784,2.137709173710622e-18
92466196020.42145,2.1462679378740187e-18
94512171999.43431,2.1548744675506178e-18
96603418768.06386,2.1635290424477773e-18
98740938021.5468,2.172231943961091e-18
100925753619.37527,2.180983455184677e-18
103158912075.71976,2.1897838609215273e-18
105441483060.70338,2.198633447693925e-18
107774559912.76773,2.2075325037539147e-18
110159260162.37576,2.2164813190938496e-18
112596726067.3034,2.225480185456997e-18
115088125159.77083,2.2345293963481904e-18
117634650805.68918,2.2436292470445905e-18
120237522776.27235,2.252780034606464e-18
122897987832.3014,2.2619820578880564e-18
125617320321.31577,2.271235617548518e-18
128396822788.01845,2.2805410160629078e-18
131237826598.1875,2.28989855773325e-18
134141692576.39261,2.2993085486996696e-18
137109811657.82224,2.3087712969515907e-18
140143605554.53485,2.318287112339006e-18
143244527436.44623,2.3278563065837982e-18
146414062627.39633,2.3374791932911644e-18
149653729316.60648,2.347156087961078e-18
152965079285.8844,2.356887307999831e-18
156349698652.9188,2.366673172731654e-18
159809208631.02066,2.376514003410392e-18
163345266305.67517,2.386410123231267e-18
166959565428.27628,2.396361857342696e-18
170653837227.42365,2.406369532858198e-18
174429851238.1716,2.416433478868358e-18
178289416149.62747,2.426554026452876e-18
182234380671.29767,2.4367315086926686e-18
186266634418.61755,2.4469662606820792e-18
190388108818.06073,2.4572586195411322e-18
194600778032.28262,2.4676089244278688e-18
198906659905.73322,2.4780175165507645e-18
203307816931.1929,2.4884847391812164e-18
207806357237.6947,2.4990109376661094e-18
212404435600.30615,2.5095964594404557e-18
217104254472.25403,2.520241654040114e-18
221908065039.88885,2.530946873114586e-18
226818168300.9829,2.541712470439878e-18
231836916166.90588,2.5525388019314707e-18
236966712589.16974,2.563426225657338e-18
242210014710.90955,2.574375101851055e-18
247569334043.84094,2.5853857929249904e-18
253047237671.26,2.5964586634835743e-18
258646349477.66125,2.6075940803366464e-18
264369351405.5635,2.6187924125128875e-18
270218984740.14484,2.6300540312733314e-18
276198051422.30493,2.641379310124962e-18
282309415390.7696,2.6527686248343758e-18
288556003953.9144,2.6642223534415644e-18
294940809191.9201,2.6757408762737417e-18
301466889389.9636,2.6873245759592782e-18
308137370503.1195,2.6989738374417094e-18
314955447653.67444,2.7106890479938342e-18
321924386661.57245,2.7224705972318995e-18
329047525608.72406,2.734318877129867e-18
336328276437.9285,2.7462342820337712e-18
343770126587.1747,2.758217208676161e-18
351376640660.10675,2.7702680561906355e-18
359151462133.4378,2.7823872261264428e-18
367098315102.1711,2.7945751224632207e-18
375221006063.409,2.806832151625769e-18
383523425739.6464,2.8191587224989454e-18
392009550942.4042,2.8315552464426417e-18
400683446477.09924,2.8440221373068528e-18
409549267090.0633,2.8565598114468375e-18
418611259458.6423,2.8691686877383684e-18
427873764225.3307,2.8818491875930795e-18
437341218076.918,2.894601734973907e-18
447018155869.6221,2.9074267564106043e-18
456909212801.2804,2.9203246810153958e-18
467019126631.56964,2.9332959404986775e-18
477352739951.3684,2.946340969184842e-18
487915002502.33105,2.9594602040281883e-18
498710973547.7853,2.9726540846289333e-18
509745824296.0905,2.9859230532493186e-18
521024840377.61694,2.9992675548298122e-18
532553424376.53235,3.0126880370054175e-18
544337098418.60913,3.0261849501220684e-18
556381506816.2952,3.039758747253144e-18
568692418772.2896,3.0534098842160426e-18
581275731142.9839,3.0671388195889214e-18
594137471263.006,3.080946014727478e-18
607283799832.282,3.0948319337818624e-18
620721013866.9774,3.1087970437136866e-18
634455549715.7308,3.1228418143131365e-18
648493986142.6289,3.13696671821619e-18
662843047478.3962,3.1511722309219374e-18
677509606841.3115,3.1654588308100094e-18
692500689429.3976,3.179826999158112e-18
707823475885.4282,3.1942772201596468e-18
723485305736.4489,3.2088099809414876e-18
739493680909.346,3.223425771581815e-18
755856269324.2318,3.2381250851280806e-18
772580908567.3354,3.2529084176150856e-18
789675609645.1606,3.267776268083153e-18
807148560821.7128,3.2827291385964257e-18
825008131540.6305,3.297767534261269e-18
843262876434.1007,3.3128919632447864e-18
861921539420.4862,3.3281029367934453e-18
880993057892.5841,3.343400969251808e-18
900486566998.6278,3.3587865780814076e-18
920411404017.9429,3.3742602838797027e-18
940777112833.4576,3.389822610399163e-18
961593448503.1678,3.4054740845664704e-18
982870381932.7545,3.421215236501841e-18
1004618104651.5898,3.437046599538449e-18
1026847033694.4221,3.4529687102419915e-18
1049567816591.0756,3.4689821084303506e-18
1072791336466.5558,3.485087337193388e-18
1096528717254.014,3.501284942912862e-18
1120791329023.0112,3.5175754752824365e-18
1145590793425.7703,3.533959487327868e-18
1170938989263.8445,3.550437535427262e-18
1196848058178.0054,3.567010179331473e-18
1223330410464.0188,3.5836779821846346e-18
1250398731017.1055,3.600441510544804e-18
1278065985407.9333,3.617301334404735e-18
1306345426093.0515,3.634258027212781e-18
1335250598762.7417,3.65131216589392e-18
1364795348829.3367,3.668464330870919e-18
1394993828059.05,3.685715106085585e-18
1425860501350.6565,3.7030650790202224e-18
1457410153664.053,3.720514840719149e-18
1489657897102.1797,3.7380649858103756e-18
1522619178149.6313,3.755716112527411e-18
1556309785071.4348,3.773468822731201e-18
1590745855475.5376,3.791323721932201e-18
1625943884042.6304,3.8092814193125764e-18
1661920730427.0042,3.8273425277485526e-18
1698693627332.2275,3.845507663832881e-18
1736280188765.529,3.863777447897465e-18
1774698418474.7476,3.882152504036082e-18
1813966718572.1099,3.900633460127313e-18
1854103898348.6807,3.9192209478575395e-18
1895129183283.9202,3.937915602744128e-18
1937062224254.5771,3.9567180641587234e-18
1979923106947.3484,3.9756289753507155e-18
2023732361479.8062,3.994648983470817e-18
2068510972234.2078,4.013778739594814e-18
2114280387908.8943,4.033018898747431e-18
2161062531792.1123,4.052370119926378e-18
2208879812263.073,4.071833066126486e-18
2257755133525.544,4.0914084043640676e-18
2307711906578.7583,4.111096805701361e-18
2358774060431.171,4.130898945271141e-18
2410966053562.314,4.1508155023015006e-18
2464312885638.2705,4.170847160140751e-18
2518840109486.37,4.190994606282493e-18
2574573843334.846,4.211258532390842e-18
2631540783323.3213,4.23163963432579e-18
2689768216290.1226,4.2521386121687495e-18
2749284032842.438,4.2727561702482e-18
2810116740715.8853,4.293493017165569e-18
2872295478429.4688,4.314349865821207e-18
2935850029242.785,4.335327433440532e-18
3000810835422.0327,4.35642644160036e-18
3067209012821.685,4.377647616255358e-18
3135076365788.8057,4.398991687764695e-18
3204445402397.1484,4.420459390918821e-18
3275349350018.3394,4.442051464966438e-18
3347822171237.5977,4.463768653641608e-18
3421898580121.6465,4.485611705191064e-18
3497614058846.443,4.507581372401611e-18
3575004874693.1016,4.529678412627812e-18
3654108097419.605,4.5519035878197294e-18
3734961617017.034,4.5742576645508955e-18
3817604161858.656,4.5967414140464354e-18
3902075317250.593,4.619355612211369e-18
3988415544392.958,4.6421010396590726e-18
4076666199760.5396,4.664978481739927e-18
4166869554912.3145,4.687988728570132e-18
4259068816739.317,4.7111325750607035e-18
4353308148160.357,4.734410820946615e-18
4449632689276.009,4.7578242708161815e-18
4548088578990.326,4.7813737341405585e-18
4648722977111.146,4.805060025303453e-18
4751584086939.369,4.828883963631001e-18
4856721178358.061,4.852846373421838e-18
4964184611432.446,4.876948083977344e-18
5074025860532.095,4.901189929632079e-18
5186297538986.845,4.925572749784392e-18
5301053424288.292,4.950097388927237e-18
5418348483848.938,4.974764696679159e-18
5538238901331.1,4.999575527815444e-18
5660782103558.813,5.0245307422995425e-18
5786036788024.792,5.049631205314586e-18
5914062951006.223,5.074877787295153e-18
6044921916302.6455,5.100271363959212e-18
6178676364609.702,5.125812816340256e-18
6315390363542.825,5.15150303081964e-18
6455129398325.269,5.17734289915911e-18
6597960403155.1455,5.2033333185335324e-18
6743951793266.589,5.2294751915638265e-18
6893173497700.031,5.2557694263500566e-18
7045696992798.148,5.282216936504819e-18
7201595336442.396,5.3088186411867326e-18
7360943203047.378,5.335575465134185e-18
7523816919329.452,5.3624883386992734e-18
7690294500866.806,5.389558197881949e-18
7860455689468.456,5.416785984364374e-18
8034381991370.132,5.444172645545482e-18
8212156716275.289,5.471719134575754e-18
8393865017260.05,5.499426410392213e-18
8579593931560.77,5.52729543775358e-18
8769432422264.777,5.5553271872757475e-18
8963471420922.922,5.583522635467365e-18
9161803871105.324,5.6118827647656925e-18
9364524772920.822,5.640408563572662e-18
9571731228521.477,5.669101026291162e-18
9783522488613.943,5.697961153361534e-18
10000000000000.0,5.726989951298298e-18
