time_utc_x,station,sat,elev_deg,az_deg,m_dry,m_wet,slant_dry_m,slant_wet_m,slant_total_m,ZHD_m,ZWD_m
2025-10-27T00:00:00Z,ANK2,G16,76.582,206.953,1.027776,1.02794,2.0422,0.0918,2.134,1.987,0.0892999999999999
2025-10-27T00:00:00Z,ANK2,G30,57.261,310.653,1.187822,1.188413,2.3602,0.1061,2.4663,1.987,0.0892999999999999
2025-10-27T00:00:00Z,ANK2,G13,49.073,104.778,1.321823,1.322808,2.6265,0.1181,2.7446,1.987,0.0892999999999999
2025-10-27T00:00:00Z,ANK2,Q19,42.144,317.382,1.48753,1.489119,2.9557,0.133,3.0887,1.987,0.0892999999999999
2025-10-27T00:00:00Z,ANK2,G08,44.83,262.588,1.416133,1.417445,2.8139,0.1266,2.9404,1.987,0.0892999999999999
2025-10-27T00:00:00Z,ANK2,G06,25.696,287.55,2.293875,2.300968,4.5579,0.2055,4.7634,1.987,0.0892999999999999
2025-10-27T00:00:00Z,ANK2,G16,71.72,239.249,1.05273,1.052968,2.0918,0.094,2.1858,1.987,0.0892999999999999
2025-10-27T00:00:00Z,ANK2,G19,24.879,304.683,2.363299,2.37111,4.6959,0.2117,4.9076,1.987,0.0892999999999999
2025-10-27T00:00:00Z,ANK2,G26,63.747,357.516,1.114321,1.11472,2.2142,0.0995,2.3137,1.987,0.0892999999999999
2025-10-27T00:00:00Z,ANK2,G13,66.999,151.259,1.0858,1.086126,2.1575,0.097,2.2545,1.987,0.0892999999999999
2025-10-27T01:00:00Z,ANK2,G24,15.259,122.896,3.741069,3.774316,7.4335,0.3352,7.7687,1.987,0.0888
2025-10-27T01:00:00Z,ANK2,Q26,53.112,288.208,1.248973,1.249735,2.4817,0.111,2.5927,1.987,0.0888
2025-10-27T01:00:00Z,ANK2,Q18,45.046,307.314,1.410834,1.412126,2.8033,0.1254,2.9287,1.987,0.0888
2025-10-27T01:00:00Z,ANK2,Q23,56.071,55.257,1.204101,1.204736,2.3925,0.107,2.4995,1.987,0.0888
2025-10-27T01:00:00Z,ANK2,G01,43.546,209.766,1.449011,1.450447,2.8792,0.1288,3.008,1.987,0.0888
2025-10-27T01:00:00Z,ANK2,G15,39.898,102.712,1.555733,1.557614,3.0912,0.1383,3.2296,1.987,0.0888
2025-10-27T01:00:00Z,ANK2,G17,45.391,266.102,1.402455,1.403716,2.7867,0.1246,2.9113,1.987,0.0888
2025-10-27T01:00:00Z,ANK2,G29,53.65,85.963,1.240316,1.241053,2.4645,0.1102,2.5747,1.987,0.0888
2025-10-27T01:00:00Z,ANK2,Q10,47.574,241.705,1.352844,1.353932,2.6881,0.1202,2.8083,1.987,0.0888
2025-10-27T01:00:00Z,ANK2,G08,45.411,91.845,1.40198,1.403239,2.7857,0.1246,2.9103,1.987,0.0888
2025-10-27T01:00:00Z,ANK2,G12,71.338,184.012,1.05507,1.055315,2.0964,0.0937,2.1901,1.987,0.0888
2025-10-27T01:00:00Z,ANK2,G06,65.924,341.513,1.094679,1.095027,2.1751,0.0972,2.2724,1.987,0.0888
2025-10-27T02:00:00Z,ANK2,G21,82.9,184.424,1.007584,1.007667,2.0021,0.0888,2.0908,1.987,0.0881
2025-10-27T02:00:00Z,ANK2,G32,28.544,290.681,2.08369,2.088869,4.1403,0.184,4.3243,1.987,0.0881
2025-10-27T02:00:00Z,ANK2,G03,28.725,127.901,2.071785,2.076867,4.1166,0.183,4.2996,1.987,0.0881
2025-10-27T02:00:00Z,ANK2,G10,20.462,147.723,2.835924,2.849894,5.635,0.2511,5.8861,1.987,0.0881
2025-10-27T02:00:00Z,ANK2,G28,74.542,60.458,1.037192,1.037386,2.0609,0.0914,2.1523,1.987,0.0881
2025-10-27T02:00:00Z,ANK2,G18,26.98,266.693,2.193469,2.199599,4.3584,0.1938,4.5522,1.987,0.0881
2025-10-27T02:00:00Z,ANK2,G06,47.738,282.495,1.349322,1.350398,2.6811,0.119,2.8001,1.987,0.0881
2025-10-27T02:00:00Z,ANK2,G07,84.315,49.199,1.004828,1.004893,1.9966,0.0885,2.0851,1.987,0.0881
2025-10-27T02:00:00Z,ANK2,G25,10.911,141.645,5.125759,5.21426,10.1849,0.4594,10.6443,1.987,0.0881
2025-10-27T02:00:00Z,ANK2,G28,51.736,321.446,1.272158,1.272988,2.5278,0.1122,2.6399,1.987,0.0881
2025-10-27T03:00:00Z,ANK2,G08,68.707,317.548,1.072755,1.073047,2.1316,0.0964,2.2279,1.987,0.0897999999999999
2025-10-27T03:00:00Z,ANK2,G29,25.47,287.106,2.312567,2.319848,4.5951,0.2083,4.8034,1.987,0.0897999999999999
2025-10-27T03:00:00Z,ANK2,Q05,24.0,313.086,2.443373,2.452068,4.855,0.2202,5.0752,1.987,0.0897999999999999
2025-10-27T03:00:00Z,ANK2,G02,47.277,251.434,1.359269,1.360379,2.7009,0.1222,2.823,1.987,0.0897999999999999
2025-10-27T03:00:00Z,ANK2,G08,12.47,242.695,4.52466,4.584698,8.9905,0.4117,9.4022,1.987,0.0897999999999999
2025-10-27T03:00:00Z,ANK2,G25,26.897,189.034,2.199625,2.205812,4.3707,0.1981,4.5687,1.987,0.0897999999999999
2025-10-27T03:00:00Z,ANK2,Q20,64.301,235.003,1.109102,1.109487,2.2038,0.0996,2.3034,1.987,0.0897999999999999
2025-10-27T03:00:00Z,ANK2,G12,72.804,330.879,1.046409,1.046629,2.0792,0.094,2.1732,1.987,0.0897999999999999
2025-10-27T03:00:00Z,ANK2,G21,16.059,36.188,3.564566,3.593169,7.0828,0.3227,7.4055,1.987,0.0897999999999999
2025-10-27T04:00:00Z,ANK2,G01,48.554,336.585,1.332307,1.333327,2.6473,0.1223,2.7696,1.987,0.0917
2025-10-27T04:00:00Z,ANK2,Q02,29.481,138.749,2.02375,2.028451,4.0212,0.186,4.2072,1.987,0.0917
2025-10-27T04:00:00Z,ANK2,G07,20.142,300.911,2.878365,2.893005,5.7193,0.2653,5.9846,1.987,0.0917
2025-10-27T04:00:00Z,ANK2,G28,18.771,27.05,3.075911,3.093951,6.1118,0.2837,6.3956,1.987,0.0917
2025-10-27T04:00:00Z,ANK2,G07,17.749,266.339,3.242813,3.264102,6.4435,0.2993,6.7428,1.987,0.0917
2025-10-27T04:00:00Z,ANK2,G23,57.834,355.841,1.180323,1.180893,2.3453,0.1083,2.4536,1.987,0.0917
2025-10-27T04:00:00Z,ANK2,G14,36.356,304.775,1.682545,1.685043,3.3432,0.1545,3.4977,1.987,0.0917
2025-10-27T04:00:00Z,ANK2,G02,26.248,208.679,2.249498,2.256154,4.4698,0.2069,4.6766,1.987,0.0917
2025-10-27T04:00:00Z,ANK2,G15,61.891,225.636,1.132936,1.133382,2.2511,0.1039,2.3551,1.987,0.0917
2025-10-27T04:00:00Z,ANK2,G01,61.514,127.184,1.136948,1.137405,2.2591,0.1043,2.3634,1.987,0.0917
2025-10-27T04:00:00Z,ANK2,G16,50.438,244.615,1.295556,1.296458,2.5743,0.1189,2.6932,1.987,0.0917
2025-10-27T05:00:00Z,ANK2,G29,31.19,167.476,1.924004,1.927973,3.823,0.1799,4.0029,1.987,0.0933
2025-10-27T05:00:00Z,ANK2,G08,54.754,79.198,1.223258,1.223946,2.4306,0.1142,2.5448,1.987,0.0933
2025-10-27T05:00:00Z,ANK2,G19,42.595,292.506,1.474819,1.476357,2.9305,0.1377,3.0682,1.987,0.0933
2025-10-27T05:00:00Z,ANK2,G03,79.248,265.087,1.017645,1.017773,2.0221,0.095,2.117,1.987,0.0933
2025-10-27T05:00:00Z,ANK2,G03,31.586,79.903,1.902534,1.906355,3.7803,0.1779,3.9582,1.987,0.0933
2025-10-27T05:00:00Z,ANK2,G25,60.936,162.438,1.143239,1.143711,2.2716,0.1067,2.3783,1.987,0.0933
2025-10-27T05:00:00Z,ANK2,G24,14.054,166.608,4.04316,4.085487,8.0338,0.3812,8.4149,1.987,0.0933
2025-10-27T05:00:00Z,ANK2,G13,81.69,297.508,1.010442,1.01054,2.0077,0.0943,2.102,1.987,0.0933
2025-10-27T05:00:00Z,ANK2,G20,83.557,246.184,1.006226,1.006301,1.9994,0.0939,2.0933,1.987,0.0933
2025-10-27T05:00:00Z,ANK2,G13,65.431,231.54,1.098928,1.099288,2.1836,0.1026,2.2861,1.987,0.0933
2025-10-27T06:00:00Z,ANK2,G14,71.128,189.102,1.056374,1.056623,2.099,0.0997,2.1988,1.987,0.0944
2025-10-27T06:00:00Z,ANK2,G18,34.063,114.38,1.780068,1.783111,3.537,0.1683,3.7053,1.987,0.0944
2025-10-27T06:00:00Z,ANK2,G01,66.853,37.53,1.086976,1.087305,2.1598,0.1026,2.2625,1.987,0.0944
2025-10-27T06:00:00Z,ANK2,G04,80.466,149.347,1.01381,1.013923,2.0144,0.0957,2.1102,1.987,0.0944
2025-10-27T06:00:00Z,ANK2,G06,59.565,44.588,1.15892,1.159433,2.3028,0.1095,2.4122,1.987,0.0944
2025-10-27T06:00:00Z,ANK2,G07,42.376,147.759,1.480961,1.482524,2.9427,0.14,3.0826,1.987,0.0944
2025-10-27T06:00:00Z,ANK2,G03,66.084,200.496,1.093319,1.093664,2.1724,0.1032,2.2757,1.987,0.0944
2025-10-27T06:00:00Z,ANK2,G11,44.342,335.056,1.428359,1.429716,2.8381,0.135,2.9731,1.987,0.0944
2025-10-27T06:00:00Z,ANK2,G18,41.082,13.04,1.518742,1.520461,3.0177,0.1435,3.1613,1.987,0.0944
2025-10-27T07:00:00Z,ANK2,G11,51.13,219.704,1.282899,1.283761,2.5491,0.1244,2.6735,1.987,0.0969
2025-10-27T07:00:00Z,ANK2,Q28,26.637,355.211,2.219323,2.225693,4.4098,0.2157,4.6255,1.987,0.0969
2025-10-27T07:00:00Z,ANK2,G05,11.817,31.838,4.758396,4.82861,9.4549,0.4679,9.9228,1.987,0.0969
2025-10-27T07:00:00Z,ANK2,G17,80.603,350.82,1.01341,1.013521,2.0136,0.0982,2.1119,1.987,0.0969
2025-10-27T07:00:00Z,ANK2,Q18,18.123,73.445,3.179591,3.199607,6.3178,0.31,6.6279,1.987,0.0969
2025-10-27T07:00:00Z,ANK2,G05,19.514,224.306,2.965349,2.981429,5.8921,0.2889,6.181,1.987,0.0969
2025-10-27T07:00:00Z,ANK2,Q22,20.991,151.23,2.768819,2.78177,5.5016,0.2696,5.7712,1.987,0.0969
2025-10-27T07:00:00Z,ANK2,G04,83.596,138.223,1.00615,1.006224,1.9992,0.0975,2.0967,1.987,0.0969
2025-10-27T07:00:00Z,ANK2,G15,56.325,335.248,1.200555,1.20118,2.3855,0.1164,2.5019,1.987,0.0969
2025-10-27T08:00:00Z,ANK2,G05,28.309,212.324,2.099401,2.10471,4.1715,0.2086,4.3801,1.987,0.0991
2025-10-27T08:00:00Z,ANK2,G32,74.079,246.24,1.039536,1.039737,2.0656,0.103,2.1686,1.987,0.0991
2025-10-27T08:00:00Z,ANK2,G06,12.585,211.733,4.48581,4.544261,8.9133,0.4503,9.3636,1.987,0.0991
2025-10-27T08:00:00Z,ANK2,G22,63.165,131.466,1.119969,1.120382,2.2254,0.111,2.3364,1.987,0.0991
2025-10-27T08:00:00Z,ANK2,G10,84.954,251.022,1.003789,1.003847,1.9945,0.0995,2.094,1.987,0.0991
2025-10-27T08:00:00Z,ANK2,G24,10.561,213.946,5.282712,5.379939,10.4967,0.5332,11.0299,1.987,0.0991
2025-10-27T08:00:00Z,ANK2,Q14,22.078,74.749,2.640887,2.652034,5.2474,0.2628,5.5103,1.987,0.0991
2025-10-27T08:00:00Z,ANK2,G05,60.561,202.729,1.147422,1.147906,2.2799,0.1138,2.3937,1.987,0.0991
2025-10-27T08:00:00Z,ANK2,G11,14.499,317.487,3.92588,3.964507,7.8007,0.3929,8.1936,1.987,0.0991
2025-10-27T09:00:00Z,ANK2,G26,81.827,89.261,1.010094,1.01019,2.0071,0.0997,2.1068,1.987,0.0987
2025-10-27T09:00:00Z,ANK2,G07,75.647,329.047,1.031909,1.032086,2.0504,0.1019,2.1523,1.987,0.0987
2025-10-27T09:00:00Z,ANK2,G23,21.518,287.014,2.705161,2.717192,5.3752,0.2682,5.6433,1.987,0.0987
2025-10-27T09:00:00Z,ANK2,G20,68.252,349.126,1.076109,1.07641,2.1382,0.1062,2.2445,1.987,0.0987
2025-10-27T09:00:00Z,ANK2,G29,21.096,36.274,2.755889,2.768649,5.476,0.2733,5.7492,1.987,0.0987
2025-10-27T09:00:00Z,ANK2,Q06,78.504,213.184,1.020233,1.020371,2.0272,0.1007,2.1279,1.987,0.0987
2025-10-27T09:00:00Z,ANK2,G20,48.841,92.574,1.326477,1.327477,2.6357,0.131,2.7667,1.987,0.0987
2025-10-27T09:00:00Z,ANK2,G27,35.229,195.459,1.728775,1.731523,3.4351,0.1709,3.606,1.987,0.0987
2025-10-27T09:00:00Z,ANK2,G09,21.777,115.364,2.675075,2.686687,5.3154,0.2652,5.5806,1.987,0.0987
2025-10-27T09:00:00Z,ANK2,G24,10.886,102.048,5.136635,5.225723,10.2065,0.5158,10.7223,1.987,0.0987
2025-10-27T10:00:00Z,ANK2,G18,55.469,295.877,1.212711,1.213369,2.4097,0.1181,2.5277,1.987,0.0973
2025-10-27T10:00:00Z,ANK2,G04,14.976,111.436,3.807632,3.842755,7.5658,0.3739,7.9397,1.987,0.0973
2025-10-27T10:00:00Z,ANK2,G11,28.097,197.624,2.113783,2.119213,4.2001,0.2062,4.4063,1.987,0.0973
2025-10-27T10:00:00Z,ANK2,G03,14.553,202.684,3.912194,3.950403,7.7735,0.3844,8.1579,1.987,0.0973
2025-10-27T10:00:00Z,ANK2,G25,51.167,170.239,1.282239,1.2831,2.5478,0.1248,2.6727,1.987,0.0973
2025-10-27T10:00:00Z,ANK2,G25,22.025,235.841,2.646836,2.658062,5.2593,0.2586,5.5179,1.987,0.0973
2025-10-27T10:00:00Z,ANK2,G09,55.781,75.631,1.208223,1.208869,2.4007,0.1176,2.5184,1.987,0.0973
2025-10-27T10:00:00Z,ANK2,G10,69.315,352.528,1.068416,1.068697,2.1229,0.104,2.2269,1.987,0.0973
2025-10-27T11:00:00Z,ANK2,G29,67.155,267.24,1.084551,1.084874,2.155,0.1037,2.2587,1.987,0.0955999999999999
2025-10-27T11:00:00Z,ANK2,G19,62.364,170.727,1.12802,1.128454,2.2414,0.1079,2.3493,1.987,0.0955999999999999
2025-10-27T11:00:00Z,ANK2,G21,30.895,205.463,1.940371,1.944455,3.8555,0.1859,4.0414,1.987,0.0955999999999999
2025-10-27T11:00:00Z,ANK2,G29,63.171,113.096,1.119908,1.120321,2.2253,0.1071,2.3324,1.987,0.0955999999999999
2025-10-27T11:00:00Z,ANK2,Q13,81.111,50.864,1.011974,1.012078,2.0108,0.0968,2.1075,1.987,0.0955999999999999
2025-10-27T11:00:00Z,ANK2,G08,16.867,96.096,3.402884,3.427632,6.7615,0.3277,7.0892,1.987,0.0955999999999999
2025-10-27T11:00:00Z,ANK2,G30,34.462,309.485,1.762074,1.765011,3.5012,0.1687,3.67,1.987,0.0955999999999999
2025-10-27T11:00:00Z,ANK2,G22,27.6,216.87,2.148381,2.154108,4.2688,0.2059,4.4748,1.987,0.0955999999999999
2025-10-27T11:00:00Z,ANK2,G25,39.494,136.076,1.568948,1.570888,3.1175,0.1502,3.2677,1.987,0.0955999999999999
2025-10-27T12:00:00Z,ANK2,G15,66.214,221.258,1.092232,1.092574,2.1703,0.1008,2.2711,1.987,0.0923
2025-10-27T12:00:00Z,ANK2,G04,83.155,178.393,1.00704,1.007119,2.001,0.093,2.0939,1.987,0.0923
2025-10-27T12:00:00Z,ANK2,G28,44.574,222.245,1.422524,1.423859,2.8266,0.1314,2.958,1.987,0.0923
2025-10-27T12:00:00Z,ANK2,G01,58.189,54.599,1.175779,1.176337,2.3363,0.1086,2.4448,1.987,0.0923
2025-10-27T12:00:00Z,ANK2,G30,78.9,77.605,1.018833,1.018966,2.0244,0.0941,2.1185,1.987,0.0923
2025-10-27T12:00:00Z,ANK2,G22,28.651,97.164,2.076677,2.081799,4.1264,0.1922,4.3185,1.987,0.0923
2025-10-27T12:00:00Z,ANK2,G11,76.492,215.201,1.028162,1.028327,2.043,0.0949,2.1379,1.987,0.0923
2025-10-27T12:00:00Z,ANK2,Q01,17.316,159.084,3.319445,3.342346,6.5957,0.3085,6.9042,1.987,0.0923
2025-10-27T12:00:00Z,ANK2,G20,58.634,88.011,1.170208,1.170752,2.3252,0.1081,2.4333,1.987,0.0923
2025-10-27T12:00:00Z,ANK2,G03,68.713,317.811,1.072713,1.073005,2.1315,0.099,2.2305,1.987,0.0923
2025-10-27T13:00:00Z,ANK2,G13,30.047,314.936,1.989359,1.993799,3.9529,0.1998,4.1526,1.987,0.1002
2025-10-27T13:00:00Z,ANK2,Q23,26.646,329.781,2.218584,2.224947,4.4083,0.2229,4.6313,1.987,0.1002
2025-10-27T13:00:00Z,ANK2,G20,18.543,306.094,3.111579,3.130284,6.1827,0.3137,6.4964,1.987,0.1002
2025-10-27T13:00:00Z,ANK2,G22,59.449,347.249,1.160303,1.160821,2.3055,0.1163,2.4218,1.987,0.1002
2025-10-27T13:00:00Z,ANK2,G01,68.569,167.58,1.073763,1.074058,2.1336,0.1076,2.2412,1.987,0.1002
2025-10-27T13:00:00Z,ANK2,G15,67.071,17.09,1.08522,1.085544,2.1563,0.1088,2.2651,1.987,0.1002
2025-10-27T13:00:00Z,ANK2,G16,33.721,30.082,1.795843,1.79898,3.5683,0.1803,3.7486,1.987,0.1002
2025-10-27T13:00:00Z,ANK2,G21,25.394,140.499,2.318945,2.326292,4.6077,0.2331,4.8408,1.987,0.1002
2025-10-27T13:00:00Z,ANK2,Q05,44.021,92.767,1.436582,1.437971,2.8545,0.1441,2.9986,1.987,0.1002
2025-10-27T13:00:00Z,ANK2,G06,51.011,61.179,1.28504,1.28591,2.5534,0.1288,2.6822,1.987,0.1002
2025-10-27T13:00:00Z,ANK2,G25,78.932,343.153,1.018723,1.018856,2.0242,0.1021,2.1263,1.987,0.1002
2025-10-27T14:00:00Z,ANK2,G06,30.296,339.821,1.974715,1.979047,3.9238,0.1914,4.1151,1.987,0.0967
2025-10-27T14:00:00Z,ANK2,G20,30.463,153.646,1.965014,1.969275,3.9045,0.1904,4.0949,1.987,0.0967
2025-10-27T14:00:00Z,ANK2,Q10,22.163,324.398,2.63141,2.64243,5.2286,0.2555,5.4841,1.987,0.0967
2025-10-27T14:00:00Z,ANK2,G12,34.928,35.394,1.741635,1.744455,3.4606,0.1687,3.6293,1.987,0.0967
2025-10-27T14:00:00Z,ANK2,G26,34.844,15.465,1.745295,1.748136,3.4679,0.169,3.6369,1.987,0.0967
2025-10-27T14:00:00Z,ANK2,G04,44.063,259.693,1.43549,1.436874,2.8523,0.1389,2.9913,1.987,0.0967
2025-10-27T14:00:00Z,ANK2,G13,24.281,273.968,2.417061,2.425459,4.8027,0.2345,5.0372,1.987,0.0967
2025-10-27T14:00:00Z,ANK2,G06,24.476,303.501,2.399297,2.407497,4.7674,0.2328,5.0002,1.987,0.0967
2025-10-27T14:00:00Z,ANK2,Q16,50.63,20.454,1.291987,1.292878,2.5672,0.125,2.6922,1.987,0.0967
2025-10-27T14:00:00Z,ANK2,G11,19.666,279.687,2.943847,2.959562,5.8494,0.2862,6.1356,1.987,0.0967
2025-10-27T14:00:00Z,ANK2,G02,61.667,135.554,1.135307,1.13576,2.2559,0.1098,2.3657,1.987,0.0967
2025-10-27T15:00:00Z,ANK2,Q25,14.268,248.633,3.985806,4.026295,7.9198,0.3632,8.283,1.987,0.0902
2025-10-27T15:00:00Z,ANK2,G09,78.702,34.629,1.019525,1.019661,2.0258,0.092,2.1178,1.987,0.0902
2025-10-27T15:00:00Z,ANK2,G27,33.408,67.882,1.810576,1.813803,3.5976,0.1636,3.7612,1.987,0.0902
2025-10-27T15:00:00Z,ANK2,Q16,83.667,27.59,1.006012,1.006085,1.9989,0.0907,2.0897,1.987,0.0902
2025-10-27T15:00:00Z,ANK2,G27,82.328,217.488,1.008877,1.008967,2.0046,0.091,2.0956,1.987,0.0902
2025-10-27T15:00:00Z,ANK2,G06,20.693,355.173,2.80625,2.819763,5.576,0.2543,5.8304,1.987,0.0902
2025-10-27T15:00:00Z,ANK2,G01,63.619,241.914,1.115542,1.115944,2.2166,0.1007,2.3172,1.987,0.0902
2025-10-27T15:00:00Z,ANK2,Q02,55.06,255.874,1.218696,1.219371,2.4215,0.11,2.5315,1.987,0.0902
2025-10-27T16:00:00Z,ANK2,G03,64.526,55.549,1.107027,1.107407,2.1997,0.1056,2.3053,1.987,0.0954
2025-10-27T16:00:00Z,ANK2,G02,74.806,335.446,1.035893,1.036083,2.0583,0.0988,2.1572,1.987,0.0954
2025-10-27T16:00:00Z,ANK2,G25,20.747,274.143,2.799319,2.812727,5.5622,0.2683,5.8306,1.987,0.0954
2025-10-27T16:00:00Z,ANK2,G10,31.624,332.186,1.90049,1.904297,3.7763,0.1817,3.9579,1.987,0.0954
2025-10-27T16:00:00Z,ANK2,G23,24.627,330.005,2.385616,2.393666,4.7402,0.2284,4.9686,1.987,0.0954
2025-10-27T16:00:00Z,ANK2,G07,12.014,233.781,4.68539,4.752308,9.3099,0.4534,9.7632,1.987,0.0954
2025-10-27T16:00:00Z,ANK2,G05,51.507,334.166,1.276176,1.277019,2.5358,0.1218,2.6576,1.987,0.0954
2025-10-27T16:00:00Z,ANK2,G26,62.494,150.013,1.12669,1.127121,2.2387,0.1075,2.3463,1.987,0.0954
2025-10-27T16:00:00Z,ANK2,G26,58.591,1.302,1.17074,1.171285,2.3263,0.1117,2.438,1.987,0.0954
2025-10-27T16:00:00Z,ANK2,G32,39.104,22.526,1.581966,1.583966,3.1434,0.1511,3.2945,1.987,0.0954
2025-10-27T16:00:00Z,ANK2,G22,51.626,39.415,1.274094,1.27493,2.5316,0.1216,2.6533,1.987,0.0954
2025-10-27T16:00:00Z,ANK2,G15,17.057,34.327,3.366955,3.390896,6.6901,0.3235,7.0136,1.987,0.0954
2025-10-27T17:00:00Z,ANK2,G14,58.607,343.479,1.170538,1.171082,2.3259,0.1006,2.4265,1.987,0.0859
2025-10-27T17:00:00Z,ANK2,G09,46.263,102.551,1.381958,1.383146,2.746,0.1188,2.8648,1.987,0.0859
2025-10-27T17:00:00Z,ANK2,G31,42.951,127.874,1.464999,1.466498,2.911,0.126,3.0369,1.987,0.0859
2025-10-27T17:00:00Z,ANK2,G16,18.409,115.949,3.132918,3.152028,6.2251,0.2708,6.4959,1.987,0.0859
2025-10-27T17:00:00Z,ANK2,Q22,48.873,323.37,1.325834,1.326832,2.6344,0.114,2.7484,1.987,0.0859
2025-10-27T17:00:00Z,ANK2,G02,17.495,202.668,3.287335,3.309551,6.5319,0.2843,6.8162,1.987,0.0859
2025-10-27T17:00:00Z,ANK2,Q09,22.319,330.898,2.614275,2.625068,5.1946,0.2255,5.4201,1.987,0.0859
2025-10-27T17:00:00Z,ANK2,G26,19.941,107.973,2.905597,2.920679,5.7734,0.2509,6.0243,1.987,0.0859
2025-10-27T18:00:00Z,ANK2,G04,33.156,82.109,1.822635,1.825936,3.6216,0.1676,3.7892,1.987,0.0917999999999999
2025-10-27T18:00:00Z,ANK2,G16,52.399,67.96,1.260795,1.261591,2.5052,0.1158,2.621,1.987,0.0917999999999999
2025-10-27T18:00:00Z,ANK2,G02,13.223,274.828,4.282143,4.332737,8.5086,0.3977,8.9064,1.987,0.0917999999999999
2025-10-27T18:00:00Z,ANK2,G02,15.949,342.555,3.587836,3.617024,7.129,0.332,7.4611,1.987,0.0917999999999999
2025-10-27T18:00:00Z,ANK2,G09,62.209,50.465,1.129624,1.130061,2.2446,0.1037,2.3483,1.987,0.0917999999999999
2025-10-27T18:00:00Z,ANK2,G04,15.383,345.485,3.712399,3.74486,7.3765,0.3438,7.7203,1.987,0.0917999999999999
2025-10-27T18:00:00Z,ANK2,G04,45.781,214.115,1.393173,1.394401,2.7682,0.128,2.8962,1.987,0.0917999999999999
2025-10-27T18:00:00Z,ANK2,G06,35.402,230.998,1.721448,1.724155,3.4205,0.1583,3.5788,1.987,0.0917999999999999
2025-10-27T19:00:00Z,ANK2,G11,57.905,176.964,1.179414,1.179982,2.3436,0.1044,2.448,1.9871,0.0885
2025-10-27T19:00:00Z,ANK2,G03,57.136,175.314,1.189496,1.190091,2.3636,0.1053,2.469,1.9871,0.0885
2025-10-27T19:00:00Z,ANK2,Q04,41.579,347.867,1.503914,1.50557,2.9884,0.1332,3.1217,1.9871,0.0885
2025-10-27T19:00:00Z,ANK2,G30,16.763,272.266,3.422857,3.448062,6.8016,0.3052,7.1067,1.9871,0.0885
2025-10-27T19:00:00Z,ANK2,G26,42.503,178.913,1.477395,1.478943,2.9357,0.1309,3.0666,1.9871,0.0885
2025-10-27T19:00:00Z,ANK2,G30,36.456,172.52,1.678592,1.681069,3.3355,0.1488,3.4843,1.9871,0.0885
2025-10-27T19:00:00Z,ANK2,G17,64.034,9.532,1.111592,1.111984,2.2088,0.0984,2.3073,1.9871,0.0885
2025-10-27T19:00:00Z,ANK2,G18,53.427,339.303,1.243873,1.24462,2.4717,0.1101,2.5818,1.9871,0.0885
2025-10-27T20:00:00Z,ANK2,G20,31.892,304.875,1.886291,1.890003,3.7482,0.1625,3.9108,1.9871,0.086
2025-10-27T20:00:00Z,ANK2,Q05,14.798,146.341,3.851015,3.887397,7.6524,0.3343,7.9867,1.9871,0.086
2025-10-27T20:00:00Z,ANK2,G19,65.31,305.558,1.099989,1.100351,2.1858,0.0946,2.2804,1.9871,0.086
2025-10-27T20:00:00Z,ANK2,G29,17.634,182.33,3.262834,3.284537,6.4836,0.2825,6.766,1.9871,0.086
2025-10-27T20:00:00Z,ANK2,G25,16.417,80.293,3.49104,3.517844,6.937,0.3025,7.2396,1.9871,0.086
2025-10-27T20:00:00Z,ANK2,G11,33.342,339.892,1.813719,1.816966,3.604,0.1563,3.7603,1.9871,0.086
2025-10-27T20:00:00Z,ANK2,G13,10.935,98.99,5.115158,5.20309,10.1643,0.4475,10.6118,1.9871,0.086
2025-10-27T20:00:00Z,ANK2,G29,42.553,9.433,1.476008,1.47755,2.933,0.1271,3.06,1.9871,0.086
2025-10-27T20:00:00Z,ANK2,G02,63.076,87.363,1.120843,1.121259,2.2272,0.0964,2.3237,1.9871,0.086
2025-10-27T20:00:00Z,ANK2,G17,70.101,132.008,1.063031,1.063297,2.1123,0.0914,2.2038,1.9871,0.086
2025-10-27T20:00:00Z,ANK2,G04,55.323,126.486,1.214833,1.215497,2.414,0.1045,2.5185,1.9871,0.086
2025-10-27T21:00:00Z,ANK2,Q02,34.671,118.914,1.752854,1.755739,3.4831,0.1496,3.6327,1.9871,0.0852
2025-10-27T21:00:00Z,ANK2,G05,47.162,249.856,1.361787,1.362905,2.706,0.1161,2.8221,1.9871,0.0852
2025-10-27T21:00:00Z,ANK2,Q09,36.724,233.068,1.668119,1.670542,3.3147,0.1423,3.4571,1.9871,0.0852
2025-10-27T21:00:00Z,ANK2,G29,52.045,48.618,1.266819,1.267633,2.5173,0.108,2.6253,1.9871,0.0852
2025-10-27T21:00:00Z,ANK2,Q05,46.046,158.775,1.386987,1.388193,2.7561,0.1183,2.8744,1.9871,0.0852
2025-10-27T21:00:00Z,ANK2,Q13,60.846,321.374,1.144237,1.144713,2.2737,0.0975,2.3712,1.9871,0.0852
2025-10-27T21:00:00Z,ANK2,G23,60.022,13.07,1.15357,1.15407,2.2923,0.0983,2.3906,1.9871,0.0852
2025-10-27T21:00:00Z,ANK2,G08,33.855,307.859,1.789616,1.792716,3.5561,0.1527,3.7089,1.9871,0.0852
2025-10-27T21:00:00Z,ANK2,G32,35.966,58.744,1.698174,1.700755,3.3744,0.1449,3.5193,1.9871,0.0852
2025-10-27T21:00:00Z,ANK2,G21,53.886,182.61,1.236591,1.237316,2.4572,0.1054,2.5626,1.9871,0.0852
2025-10-27T21:00:00Z,ANK2,Q01,54.732,152.761,1.22359,1.224278,2.4314,0.1043,2.5357,1.9871,0.0852
2025-10-27T21:00:00Z,ANK2,G08,33.602,3.647,1.801371,1.804542,3.5795,0.1537,3.7333,1.9871,0.0852
2025-10-27T22:00:00Z,ANK2,G23,79.52,185.724,1.016748,1.016872,2.0204,0.0974,2.1178,1.9871,0.0958
2025-10-27T22:00:00Z,ANK2,G30,15.609,90.616,3.661716,3.692817,7.2762,0.3538,7.63,1.9871,0.0958
2025-10-27T22:00:00Z,ANK2,Q14,18.263,182.151,3.156632,3.176199,6.2725,0.3043,6.5768,1.9871,0.0958
2025-10-27T22:00:00Z,ANK2,Q27,61.897,36.292,1.132879,1.133325,2.2511,0.1086,2.3597,1.9871,0.0958
2025-10-27T22:00:00Z,ANK2,G24,58.597,237.185,1.17066,1.171204,2.3262,0.1122,2.4384,1.9871,0.0958
2025-10-27T22:00:00Z,ANK2,G19,15.162,48.232,3.763574,3.797448,7.4786,0.3638,7.8424,1.9871,0.0958
2025-10-27T22:00:00Z,ANK2,G06,72.582,184.022,1.047667,1.047892,2.0818,0.1004,2.1822,1.9871,0.0958
2025-10-27T22:00:00Z,ANK2,G18,49.257,19.578,1.318183,1.319157,2.6194,0.1264,2.7457,1.9871,0.0958
2025-10-27T22:00:00Z,ANK2,G29,78.04,107.824,1.021938,1.022082,2.0307,0.0979,2.1286,1.9871,0.0958
2025-10-27T22:00:00Z,ANK2,G32,75.849,83.549,1.030989,1.031163,2.0487,0.0988,2.1475,1.9871,0.0958
2025-10-27T22:00:00Z,ANK2,Q15,70.938,223.211,1.057576,1.057827,2.1015,0.1013,2.2028,1.9871,0.0958
2025-10-27T23:00:00Z,ANK2,G16,15.696,131.17,3.642412,3.673005,7.2378,0.3721,7.6099,1.9871,0.1013
2025-10-27T23:00:00Z,ANK2,G26,52.146,316.429,1.265095,1.265904,2.5139,0.1282,2.6421,1.9871,0.1013
2025-10-27T23:00:00Z,ANK2,Q12,34.659,121.201,1.753375,1.756262,3.4841,0.1779,3.662,1.9871,0.1013
2025-10-27T23:00:00Z,ANK2,G01,34.175,244.467,1.774948,1.77796,3.527,0.1801,3.7071,1.9871,0.1013
2025-10-27T23:00:00Z,ANK2,Q13,10.531,272.357,5.29655,5.394573,10.5248,0.5465,11.0712,1.9871,0.1013
2025-10-27T23:00:00Z,ANK2,Q10,54.718,118.116,1.223807,1.224497,2.4318,0.124,2.5559,1.9871,0.1013
2025-10-27T23:00:00Z,ANK2,G24,29.803,295.791,2.004053,2.008604,3.9823,0.2035,4.1857,1.9871,0.1013
2025-10-27T23:00:00Z,ANK2,G25,24.089,249.077,2.434927,2.443526,4.8384,0.2475,5.086,1.9871,0.1013
2025-10-27T23:00:00Z,ANK2,G03,13.032,201.327,4.341077,4.393865,8.6262,0.4451,9.0713,1.9871,0.1013
2025-10-28T00:00:00Z,ANK2,G14,56.479,327.258,1.198418,1.199039,2.3814,0.1422,2.5236,1.9871,0.1186
2025-10-28T00:00:00Z,ANK2,G28,32.594,335.56,1.850275,1.853757,3.6767,0.2199,3.8965,1.9871,0.1186
2025-10-28T00:00:00Z,ANK2,G29,33.277,203.147,1.816798,1.820069,3.6102,0.2159,3.826,1.9871,0.1186
2025-10-28T00:00:00Z,ANK2,G14,82.507,159.173,1.00846,1.008547,2.0039,0.1196,2.1235,1.9871,0.1186
2025-10-28T00:00:00Z,ANK2,Q32,42.941,253.886,1.465277,1.466779,2.9117,0.174,3.0856,1.9871,0.1186
2025-10-28T00:00:00Z,ANK2,G19,43.534,301.796,1.449305,1.450744,2.8799,0.1721,3.052,1.9871,0.1186
2025-10-28T00:00:00Z,ANK2,G13,51.425,202.674,1.27763,1.278479,2.5388,0.1516,2.6904,1.9871,0.1186
2025-10-28T00:00:00Z,ANK2,G01,40.713,251.993,1.53002,1.531791,3.0403,0.1817,3.222,1.9871,0.1186
2025-10-28T00:00:00Z,ANK2,G20,51.45,269.903,1.277181,1.278028,2.5379,0.1516,2.6895,1.9871,0.1186
2025-10-28T00:00:00Z,ANK2,G21,42.425,243.502,1.479575,1.481135,2.9401,0.1757,3.1157,1.9871,0.1186
2025-10-28T00:00:00Z,ANK2,G31,72.004,268.608,1.051032,1.051266,2.0885,0.1247,2.2132,1.9871,0.1186
2025-10-31T00:00:00Z,ANK2,G26,52.533,219.395,1.258523,1.259319,2.5012,0.0526,2.5538,1.9874,0.0418
2025-10-31T00:00:00Z,ANK2,G05,47.242,61.981,1.36002,1.36114,2.7029,0.0569,2.7598,1.9874,0.0418
2025-10-31T00:00:00Z,ANK2,G08,70.745,195.607,1.058805,1.059061,2.1043,0.0443,2.1485,1.9874,0.0418
2025-10-31T00:00:00Z,ANK2,G10,61.103,275.536,1.141395,1.141867,2.2684,0.0477,2.3161,1.9874,0.0418
2025-10-31T00:00:00Z,ANK2,G11,30.856,187.509,1.942563,1.946691,3.8607,0.0814,3.942,1.9874,0.0418
2025-10-31T00:00:00Z,ANK2,G29,81.931,312.566,1.009835,1.00993,2.0069,0.0422,2.0492,1.9874,0.0418
2025-10-31T00:00:00Z,ANK2,G24,63.045,39.476,1.121146,1.121565,2.2282,0.0469,2.275,1.9874,0.0418
2025-10-31T00:00:00Z,ANK2,G18,84.095,137.139,1.005214,1.005283,1.9978,0.042,2.0398,1.9874,0.0418
2025-10-31T00:00:00Z,ANK2,G18,82.845,182.147,1.007703,1.007787,2.0027,0.0421,2.0448,1.9874,0.0418
2025-10-31T00:00:00Z,ANK2,G29,78.918,155.637,1.018768,1.018901,2.0247,0.0426,2.0673,1.9874,0.0418
2025-10-31T00:00:00Z,ANK2,G15,66.653,39.091,1.088596,1.088931,2.1635,0.0455,2.209,1.9874,0.0418
2025-10-31T00:00:00Z,ANK2,Q32,34.752,186.921,1.749269,1.752153,3.4765,0.0732,3.5497,1.9874,0.0418
2025-10-31T00:00:00Z,ANK2,G05,45.321,105.288,1.404116,1.405392,2.7905,0.0587,2.8493,1.9874,0.0418
2025-10-31T00:00:00Z,ANK2,Q08,46.006,287.679,1.387895,1.389113,2.7583,0.0581,2.8164,1.9874,0.0418
2025-10-31T00:00:00Z,ANK2,G10,84.824,179.38,1.00399,1.00405,1.9953,0.042,2.0373,1.9874,0.0418
2025-10-31T00:00:00Z,ANK2,Q29,18.583,333.303,3.10498,3.123691,6.1708,0.1306,6.3014,1.9874,0.0418
2025-10-31T00:00:00Z,ANK2,G15,73.897,224.169,1.040478,1.040683,2.0678,0.0435,2.1113,1.9874,0.0418
2025-10-31T00:00:00Z,ANK2,G10,74.776,185.155,1.036035,1.036226,2.059,0.0433,2.1023,1.9874,0.0418
2025-10-31T00:00:00Z,ANK2,G11,51.49,255.985,1.276474,1.277324,2.5369,0.0534,2.5903,1.9874,0.0418
2025-10-31T00:00:00Z,ANK2,G20,35.803,181.416,1.7048,1.707435,3.3881,0.0714,3.4595,1.9874,0.0418
2025-10-31T01:00:00Z,ANK2,G32,71.508,288.257,1.054019,1.054262,2.0948,0.0367,2.1314,1.9874,0.0348
2025-10-31T01:00:00Z,ANK2,Q08,29.251,140.561,2.038043,2.042889,4.0504,0.0711,4.1215,1.9874,0.0348
2025-10-31T01:00:00Z,ANK2,Q15,65.896,174.317,1.094909,1.09526,2.176,0.0381,2.2141,1.9874,0.0348
2025-10-31T01:00:00Z,ANK2,Q30,15.528,280.569,3.679215,3.711005,7.3121,0.1291,7.4412,1.9874,0.0348
2025-10-31T01:00:00Z,ANK2,Q25,67.43,105.334,1.08238,1.0827,2.1511,0.0377,2.1888,1.9874,0.0348
2025-10-31T01:00:00Z,ANK2,G01,69.402,289.398,1.067805,1.068086,2.1222,0.0372,2.1593,1.9874,0.0348
2025-10-31T01:00:00Z,ANK2,G17,40.127,118.106,1.548362,1.550223,3.0772,0.0539,3.1312,1.9874,0.0348
2025-10-31T01:00:00Z,ANK2,G05,64.186,290.157,1.110168,1.110559,2.2063,0.0386,2.245,1.9874,0.0348
2025-10-31T01:00:00Z,ANK2,G08,78.635,31.248,1.01976,1.019897,2.0267,0.0355,2.0622,1.9874,0.0348
2025-10-31T01:00:00Z,ANK2,Q10,24.922,57.506,2.359434,2.367257,4.6891,0.0824,4.7715,1.9874,0.0348
2025-10-31T01:00:00Z,ANK2,G02,26.933,115.41,2.196854,2.203059,4.366,0.0767,4.4427,1.9874,0.0348
2025-10-31T01:00:00Z,ANK2,G19,59.204,347.142,1.163232,1.163761,2.3118,0.0405,2.3523,1.9874,0.0348
2025-10-31T01:00:00Z,ANK2,G27,34.563,223.852,1.75755,1.760482,3.493,0.0613,3.5542,1.9874,0.0348
2025-10-31T01:00:00Z,ANK2,G03,56.127,99.904,1.20331,1.203947,2.3915,0.0419,2.4334,1.9874,0.0348
2025-10-31T01:00:00Z,ANK2,Q07,76.769,162.329,1.026983,1.027146,2.041,0.0357,2.0768,1.9874,0.0348
2025-10-31T01:00:00Z,ANK2,G09,55.192,300.785,1.216749,1.217424,2.4182,0.0424,2.4605,1.9874,0.0348
2025-10-31T01:00:00Z,ANK2,G26,62.09,240.64,1.130851,1.131295,2.2475,0.0394,2.2868,1.9874,0.0348
2025-10-31T01:00:00Z,ANK2,G17,37.413,201.835,1.641916,1.644221,3.2631,0.0572,3.3204,1.9874,0.0348
2025-10-31T02:00:00Z,ANK2,G29,30.743,107.039,1.948925,1.953098,3.8733,0.0803,3.9536,1.9874,0.0411
2025-10-31T02:00:00Z,ANK2,Q12,12.266,75.669,4.594587,4.658008,9.1313,0.1914,9.3227,1.9874,0.0411
2025-10-31T02:00:00Z,ANK2,Q28,71.188,111.33,1.056001,1.05625,2.0987,0.0434,2.1421,1.9874,0.0411
2025-10-31T02:00:00Z,ANK2,G20,23.235,73.134,2.517965,2.527606,5.0042,0.1039,5.1081,1.9874,0.0411
2025-10-31T02:00:00Z,ANK2,G24,13.885,114.356,4.088946,4.133092,8.1264,0.1699,8.2962,1.9874,0.0411
2025-10-31T02:00:00Z,ANK2,G10,66.691,29.857,1.088286,1.088621,2.1629,0.0447,2.2076,1.9874,0.0411
2025-10-31T02:00:00Z,ANK2,G02,36.253,57.071,1.686593,1.68913,3.3519,0.0694,3.4214,1.9874,0.0411
2025-10-31T02:00:00Z,ANK2,G12,39.2,150.139,1.578707,1.580706,3.1375,0.065,3.2025,1.9874,0.0411
2025-10-31T02:00:00Z,ANK2,G30,28.53,316.608,2.084566,2.089789,4.1429,0.0859,4.2288,1.9874,0.0411
2025-10-31T02:00:00Z,ANK2,G26,74.438,20.625,1.037709,1.037906,2.0623,0.0427,2.105,1.9874,0.0411
2025-10-31T02:00:00Z,ANK2,G29,34.153,342.823,1.775947,1.778987,3.5295,0.0731,3.6026,1.9874,0.0411
2025-10-31T02:00:00Z,ANK2,G29,52.864,221.449,1.253028,1.253806,2.4903,0.0515,2.5418,1.9874,0.0411
2025-10-31T02:00:00Z,ANK2,Q24,30.862,137.308,1.942191,1.946316,3.8599,0.08,3.9399,1.9874,0.0411
2025-10-31T02:00:00Z,ANK2,G23,14.0,14.008,4.05735,4.100444,8.0636,0.1685,8.2321,1.9874,0.0411
2025-10-31T02:00:00Z,ANK2,G28,65.339,216.098,1.099723,1.100087,2.1856,0.0452,2.2308,1.9874,0.0411
2025-10-31T02:00:00Z,ANK2,G06,22.825,33.213,2.559997,2.570162,5.0877,0.1056,5.1934,1.9874,0.0411
2025-10-31T02:00:00Z,ANK2,G25,41.928,195.316,1.493712,1.495337,2.9686,0.0615,3.0301,1.9874,0.0411
2025-10-31T02:00:00Z,ANK2,G31,46.528,270.702,1.375897,1.377072,2.7345,0.0566,2.7911,1.9874,0.0411
2025-10-31T02:00:00Z,ANK2,G32,23.835,152.491,2.458897,2.467833,4.8868,0.1014,4.9882,1.9874,0.0411
2025-10-31T02:00:00Z,ANK2,G19,17.092,107.788,3.3603,3.384261,6.6783,0.1391,6.8174,1.9874,0.0411
2025-10-31T02:00:00Z,ANK2,G25,36.101,17.058,1.692692,1.695262,3.3641,0.0697,3.4337,1.9874,0.0411
2025-10-31T03:00:00Z,ANK2,G28,72.427,89.611,1.04855,1.048778,2.0839,0.0396,2.1235,1.9874,0.0378
2025-10-31T03:00:00Z,ANK2,G24,64.77,255.463,1.104798,1.105175,2.1957,0.0418,2.2375,1.9874,0.0378
2025-10-31T03:00:00Z,ANK2,G17,70.135,272.491,1.062801,1.063068,2.1122,0.0402,2.1524,1.9874,0.0378
2025-10-31T03:00:00Z,ANK2,Q25,80.101,337.06,1.014906,1.015024,2.017,0.0384,2.0554,1.9874,0.0378
2025-10-31T03:00:00Z,ANK2,G15,45.641,326.485,1.396483,1.397731,2.7754,0.0528,2.8282,1.9874,0.0378
2025-10-31T03:00:00Z,ANK2,G06,57.872,206.469,1.179835,1.180408,2.3448,0.0446,2.3894,1.9874,0.0378
2025-10-31T03:00:00Z,ANK2,G25,48.62,208.495,1.33093,1.331952,2.6451,0.0503,2.6954,1.9874,0.0378
2025-10-31T03:00:00Z,ANK2,G21,73.828,60.225,1.040842,1.041048,2.0686,0.0394,2.1079,1.9874,0.0378
2025-10-31T03:00:00Z,ANK2,Q15,42.352,350.987,1.481622,1.483198,2.9446,0.0561,3.0006,1.9874,0.0378
2025-10-31T03:00:00Z,ANK2,G12,71.48,91.806,1.054192,1.054437,2.0951,0.0399,2.135,1.9874,0.0378
2025-10-31T03:00:00Z,ANK2,G12,69.952,260.905,1.064033,1.064303,2.1147,0.0402,2.1549,1.9874,0.0378
2025-10-31T03:00:00Z,ANK2,G16,82.141,286.486,1.009319,1.009412,2.0059,0.0382,2.0441,1.9874,0.0378
2025-10-31T03:00:00Z,ANK2,G12,30.861,184.519,1.942257,1.946382,3.86,0.0736,3.9336,1.9874,0.0378
2025-10-31T03:00:00Z,ANK2,G17,79.589,121.315,1.016523,1.016647,2.0202,0.0384,2.0587,1.9874,0.0378
2025-10-31T03:00:00Z,ANK2,G23,22.381,238.338,2.607393,2.61817,5.1819,0.099,5.2809,1.9874,0.0378
2025-10-31T03:00:00Z,ANK2,G30,84.113,227.033,1.005182,1.005251,1.9977,0.038,2.0357,1.9874,0.0378
2025-10-31T03:00:00Z,ANK2,Q07,34.519,338.354,1.759518,1.762461,3.4969,0.0666,3.5635,1.9874,0.0378
2025-10-31T03:00:00Z,ANK2,G31,16.629,346.054,3.448547,3.474528,6.8536,0.1313,6.985,1.9874,0.0378
2025-10-31T03:00:00Z,ANK2,G17,28.652,245.046,2.076538,2.081694,4.1269,0.0787,4.2056,1.9874,0.0378
2025-10-31T03:00:00Z,ANK2,Q05,14.381,294.414,3.955872,3.995704,7.8619,0.151,8.0129,1.9874,0.0378
2025-10-31T03:00:00Z,ANK2,G30,69.252,285.273,1.068853,1.069137,2.1242,0.0404,2.1647,1.9874,0.0378
2025-10-31T04:00:00Z,ANK2,G32,62.361,149.501,1.12805,1.128487,2.2419,0.0379,2.2798,1.9874,0.0336
2025-10-31T04:00:00Z,ANK2,Q14,26.617,98.457,2.220764,2.227191,4.4135,0.0748,4.4884,1.9874,0.0336
2025-10-31T04:00:00Z,ANK2,G03,34.358,5.609,1.766698,1.769683,3.5111,0.0595,3.5706,1.9874,0.0336
2025-10-31T04:00:00Z,ANK2,G09,11.747,74.387,4.784177,4.856095,9.5081,0.1632,9.6712,1.9874,0.0336
2025-10-31T04:00:00Z,ANK2,G05,21.514,112.46,2.705512,2.717632,5.3769,0.0913,5.4682,1.9874,0.0336
2025-10-31T04:00:00Z,ANK2,G22,52.175,64.154,1.264587,1.265401,2.5132,0.0425,2.5558,1.9874,0.0336
2025-10-31T04:00:00Z,ANK2,G26,58.982,7.252,1.165921,1.166457,2.3172,0.0392,2.3563,1.9874,0.0336
2025-10-31T04:00:00Z,ANK2,G27,58.668,56.681,1.169771,1.170317,2.3248,0.0393,2.3641,1.9874,0.0336
2025-10-31T04:00:00Z,ANK2,G21,68.377,239.796,1.075174,1.075474,2.1368,0.0361,2.1729,1.9874,0.0336
2025-10-31T04:00:00Z,ANK2,G15,57.081,148.947,1.190216,1.190817,2.3654,0.04,2.4054,1.9874,0.0336
2025-10-31T04:00:00Z,ANK2,Q20,50.376,169.266,1.296696,1.297608,2.5771,0.0436,2.6207,1.9874,0.0336
2025-10-31T04:00:00Z,ANK2,G09,12.331,104.511,4.571693,4.634136,9.0858,0.1557,9.2415,1.9874,0.0336
2025-10-31T04:00:00Z,ANK2,G08,64.22,158.347,1.109849,1.110239,2.2057,0.0373,2.243,1.9874,0.0336
2025-10-31T04:00:00Z,ANK2,G13,50.874,246.813,1.28752,1.288404,2.5588,0.0433,2.6021,1.9874,0.0336
2025-10-31T04:00:00Z,ANK2,G26,30.306,14.379,1.974092,1.978449,3.9233,0.0665,3.9898,1.9874,0.0336
2025-10-31T04:00:00Z,ANK2,G05,34.588,286.21,1.756457,1.759382,3.4908,0.0591,3.5499,1.9874,0.0336
2025-10-31T04:00:00Z,ANK2,G15,80.171,101.873,1.014694,1.014811,2.0166,0.0341,2.0507,1.9874,0.0336
2025-10-31T04:00:00Z,ANK2,G22,56.827,245.722,1.193643,1.194254,2.3722,0.0401,2.4124,1.9874,0.0336
2025-10-31T04:00:00Z,ANK2,G23,45.693,231.381,1.39523,1.396474,2.7729,0.0469,2.8198,1.9874,0.0336
2025-10-31T04:00:00Z,ANK2,G14,56.569,234.946,1.197166,1.197786,2.3792,0.0402,2.4195,1.9874,0.0336
2025-10-31T05:00:00Z,ANK2,G10,45.247,223.241,1.405904,1.407187,2.7941,0.063,2.8571,1.9874,0.0448
2025-10-31T05:00:00Z,ANK2,Q32,12.116,168.135,4.647576,4.713298,9.2366,0.2112,9.4477,1.9874,0.0448
2025-10-31T05:00:00Z,ANK2,G08,60.693,133.426,1.14593,1.146413,2.2774,0.0514,2.3288,1.9874,0.0448
2025-10-31T05:00:00Z,ANK2,G02,35.778,73.328,1.705806,1.708446,3.3901,0.0765,3.4667,1.9874,0.0448
2025-10-31T05:00:00Z,ANK2,G19,81.194,40.148,1.011747,1.011851,2.0107,0.0453,2.0561,1.9874,0.0448
2025-10-31T05:00:00Z,ANK2,Q32,34.309,43.156,1.768872,1.77187,3.5155,0.0794,3.5948,1.9874,0.0448
2025-10-31T05:00:00Z,ANK2,G03,52.285,359.654,1.262703,1.26351,2.5095,0.0566,2.5661,1.9874,0.0448
2025-10-31T05:00:00Z,ANK2,G28,29.304,148.432,2.034691,2.039511,4.0437,0.0914,4.1351,1.9874,0.0448
2025-10-31T05:00:00Z,ANK2,G30,29.108,291.705,2.047069,2.051987,4.0683,0.0919,4.1603,1.9874,0.0448
2025-10-31T05:00:00Z,ANK2,G11,20.684,253.754,2.807169,2.820791,5.579,0.1264,5.7053,1.9874,0.0448
2025-10-31T05:00:00Z,ANK2,G18,59.749,190.924,1.156751,1.157262,2.2989,0.0518,2.3508,1.9874,0.0448
2025-10-31T05:00:00Z,ANK2,G08,48.689,134.772,1.329528,1.330545,2.6423,0.0596,2.7019,1.9874,0.0448
2025-10-31T05:00:00Z,ANK2,G18,49.238,240.658,1.31855,1.319532,2.6205,0.0591,2.6796,1.9874,0.0448
2025-10-31T05:00:00Z,ANK2,G24,79.346,292.646,1.017316,1.017444,2.0218,0.0456,2.0674,1.9874,0.0448
2025-10-31T05:00:00Z,ANK2,G27,56.506,317.244,1.198034,1.198656,2.381,0.0537,2.4347,1.9874,0.0448
2025-10-31T05:00:00Z,ANK2,G04,33.33,196.926,1.814251,1.817523,3.6056,0.0814,3.6871,1.9874,0.0448
2025-10-31T05:00:00Z,ANK2,Q05,40.005,295.159,1.552278,1.554156,3.085,0.0696,3.1546,1.9874,0.0448
2025-10-31T05:00:00Z,ANK2,G04,20.012,184.07,2.895689,2.910714,5.7549,0.1304,5.8853,1.9874,0.0448
2025-10-31T05:00:00Z,ANK2,Q30,24.424,170.831,2.403929,2.412239,4.7776,0.1081,4.8856,1.9874,0.0448
2025-10-31T05:00:00Z,ANK2,G21,20.751,311.555,2.798672,2.812163,5.5621,0.126,5.6881,1.9874,0.0448
2025-10-31T06:00:00Z,ANK2,Q17,53.958,66.837,1.235453,1.23618,2.4553,0.0517,2.507,1.9874,0.0418
2025-10-31T06:00:00Z,ANK2,Q05,48.262,68.719,1.338291,1.339337,2.6597,0.056,2.7157,1.9874,0.0418
2025-10-31T06:00:00Z,ANK2,G05,12.702,218.988,4.446476,4.503756,8.8369,0.1883,9.0252,1.9874,0.0418
2025-10-31T06:00:00Z,ANK2,G23,47.282,64.013,1.35915,1.360267,2.7012,0.0569,2.758,1.9874,0.0418
2025-10-31T06:00:00Z,ANK2,G32,29.766,317.419,2.006198,2.010796,3.9871,0.0841,4.0712,1.9874,0.0418
2025-10-31T06:00:00Z,ANK2,Q09,35.702,75.514,1.708958,1.711616,3.3964,0.0715,3.4679,1.9874,0.0418
2025-10-31T06:00:00Z,ANK2,Q30,58.683,32.807,1.169595,1.17014,2.3245,0.0489,2.3734,1.9874,0.0418
2025-10-31T06:00:00Z,ANK2,G12,47.327,315.269,1.358159,1.359273,2.6992,0.0568,2.756,1.9874,0.0418
2025-10-31T06:00:00Z,ANK2,G11,16.991,106.318,3.379041,3.403422,6.7155,0.1423,6.8578,1.9874,0.0418
2025-10-31T06:00:00Z,ANK2,G03,15.478,153.152,3.690516,3.722611,7.3345,0.1556,7.4901,1.9874,0.0418
2025-10-31T06:00:00Z,ANK2,G16,21.863,50.183,2.665126,2.676681,5.2967,0.1119,5.4086,1.9874,0.0418
2025-10-31T06:00:00Z,ANK2,Q28,42.407,177.654,1.480078,1.481648,2.9415,0.0619,3.0034,1.9874,0.0418
2025-10-31T06:00:00Z,ANK2,Q15,20.751,234.654,2.798746,2.812239,5.5622,0.1176,5.6798,1.9874,0.0418
2025-10-31T06:00:00Z,ANK2,Q23,81.539,31.442,1.01083,1.01093,2.0089,0.0423,2.0512,1.9874,0.0418
2025-10-31T06:00:00Z,ANK2,G11,20.874,158.767,2.783261,2.79652,5.5315,0.1169,5.6483,1.9874,0.0418
2025-10-31T06:00:00Z,ANK2,G05,49.142,209.249,1.320452,1.32144,2.6243,0.0552,2.6795,1.9874,0.0418
2025-10-31T06:00:00Z,ANK2,G06,24.773,84.321,2.372485,2.380449,4.7151,0.0995,4.8146,1.9874,0.0418
2025-10-31T06:00:00Z,ANK2,G21,15.727,133.948,3.635257,3.665879,7.2247,0.1532,7.3779,1.9874,0.0418
2025-10-31T06:00:00Z,ANK2,G23,25.173,25.861,2.337662,2.345255,4.6459,0.098,4.7439,1.9874,0.0418
2025-10-31T06:00:00Z,ANK2,G09,14.108,79.247,4.028061,4.070196,8.0054,0.1701,8.1755,1.9874,0.0418
2025-10-31T07:00:00Z,ANK2,G21,73.89,62.052,1.040516,1.040721,2.0679,0.0389,2.1068,1.9874,0.0373999999999999
2025-10-31T07:00:00Z,ANK2,G29,28.073,334.717,2.115341,2.120822,4.204,0.0793,4.2833,1.9874,0.0373999999999999
2025-10-31T07:00:00Z,ANK2,G13,50.38,15.481,1.296628,1.297539,2.5769,0.0485,2.6254,1.9874,0.0373999999999999
2025-10-31T07:00:00Z,ANK2,Q17,23.81,203.453,2.461288,2.470251,4.8916,0.0924,4.984,1.9874,0.0373999999999999
2025-10-31T07:00:00Z,ANK2,G06,47.148,197.375,1.362087,1.363214,2.707,0.051,2.758,1.9874,0.0373999999999999
2025-10-31T07:00:00Z,ANK2,Q12,21.435,90.219,2.714868,2.727121,5.3955,0.102,5.4975,1.9874,0.0373999999999999
2025-10-31T07:00:00Z,ANK2,G25,22.118,162.998,2.636292,2.647454,5.2394,0.099,5.3384,1.9874,0.0373999999999999
2025-10-31T07:00:00Z,ANK2,G21,55.917,31.586,1.206276,1.206921,2.3974,0.0451,2.4425,1.9874,0.0373999999999999
2025-10-31T07:00:00Z,ANK2,G07,29.784,259.657,2.005123,2.009713,3.985,0.0752,4.0601,1.9874,0.0373999999999999
2025-10-31T07:00:00Z,ANK2,G07,19.301,173.002,2.995955,3.012679,5.9542,0.1127,6.0668,1.9874,0.0373999999999999
2025-10-31T07:00:00Z,ANK2,G04,39.454,93.527,1.570226,1.572186,3.1207,0.0588,3.1795,1.9874,0.0373999999999999
2025-10-31T07:00:00Z,ANK2,G05,33.499,86.936,1.80619,1.809412,3.5896,0.0677,3.6573,1.9874,0.0373999999999999
2025-10-31T07:00:00Z,ANK2,Q26,73.513,95.428,1.042513,1.042724,2.0719,0.039,2.1109,1.9874,0.0373999999999999
2025-10-31T07:00:00Z,ANK2,G22,38.413,132.021,1.605735,1.607862,3.1912,0.0601,3.2514,1.9874,0.0373999999999999
2025-10-31T07:00:00Z,ANK2,G10,71.617,258.307,1.053355,1.053596,2.0934,0.0394,2.1328,1.9874,0.0373999999999999
2025-10-31T07:00:00Z,ANK2,Q24,43.179,341.857,1.45879,1.460274,2.8992,0.0546,2.9538,1.9874,0.0373999999999999
2025-10-31T07:00:00Z,ANK2,G23,66.513,240.853,1.089747,1.090085,2.1658,0.0408,2.2065,1.9874,0.0373999999999999
2025-10-31T07:00:00Z,ANK2,G27,20.146,196.98,2.877578,2.892309,5.7189,0.1082,5.8271,1.9874,0.0373999999999999
2025-10-31T07:00:00Z,ANK2,G30,79.349,161.495,1.017309,1.017436,2.0218,0.0381,2.0599,1.9874,0.0373999999999999
2025-10-31T08:00:00Z,ANK2,G06,39.464,262.538,1.569897,1.571856,3.12,0.0622,3.1823,1.9874,0.0396
2025-10-31T08:00:00Z,ANK2,G31,58.534,111.475,1.171442,1.171992,2.3281,0.0464,2.3745,1.9874,0.0396
2025-10-31T08:00:00Z,ANK2,G23,41.474,194.451,1.506984,1.508665,2.995,0.0597,3.0547,1.9874,0.0396
2025-10-31T08:00:00Z,ANK2,G02,23.111,332.36,2.530449,2.540244,5.029,0.1006,5.1296,1.9874,0.0396
2025-10-31T08:00:00Z,ANK2,G24,12.18,194.139,4.624743,4.689467,9.1912,0.1857,9.3769,1.9874,0.0396
2025-10-31T08:00:00Z,ANK2,Q19,40.495,222.128,1.536767,1.538576,3.0542,0.0609,3.1151,1.9874,0.0396
2025-10-31T08:00:00Z,ANK2,G30,58.691,26.369,1.169495,1.17004,2.3243,0.0463,2.3706,1.9874,0.0396
2025-10-31T08:00:00Z,ANK2,G16,53.049,64.128,1.249988,1.250758,2.4842,0.0495,2.5338,1.9874,0.0396
2025-10-31T08:00:00Z,ANK2,G17,21.718,36.342,2.681715,2.6935,5.3296,0.1067,5.4363,1.9874,0.0396
2025-10-31T08:00:00Z,ANK2,G11,43.802,275.333,1.442254,1.443673,2.8663,0.0572,2.9235,1.9874,0.0396
2025-10-31T08:00:00Z,ANK2,Q11,37.71,300.932,1.630933,1.633184,3.2413,0.0647,3.306,1.9874,0.0396
2025-10-31T08:00:00Z,ANK2,G20,30.565,67.124,1.959061,1.963308,3.8934,0.0777,3.9712,1.9874,0.0396
2025-10-31T08:00:00Z,ANK2,G26,67.811,358.742,1.079438,1.079749,2.1453,0.0428,2.188,1.9874,0.0396
2025-10-31T08:00:00Z,ANK2,Q14,47.524,54.924,1.353908,1.355007,2.6908,0.0537,2.7444,1.9874,0.0396
2025-10-31T08:00:00Z,ANK2,G03,67.589,186.757,1.081143,1.081459,2.1487,0.0428,2.1915,1.9874,0.0396
2025-10-31T08:00:00Z,ANK2,G14,30.091,172.538,1.98674,1.991191,3.9484,0.0789,4.0273,1.9874,0.0396
2025-10-31T08:00:00Z,ANK2,G32,54.213,287.436,1.231496,1.232212,2.4475,0.0488,2.4963,1.9874,0.0396
2025-10-31T08:00:00Z,ANK2,G08,74.889,327.102,1.035485,1.035675,2.0579,0.041,2.0989,1.9874,0.0396
2025-10-31T08:00:00Z,ANK2,G16,33.849,263.21,1.789855,1.792978,3.5572,0.071,3.6282,1.9874,0.0396
2025-10-31T08:00:00Z,ANK2,G18,46.266,225.654,1.381878,1.383074,2.7463,0.0548,2.8011,1.9874,0.0396
2025-10-31T08:00:00Z,ANK2,G11,81.328,153.875,1.011385,1.011487,2.01,0.0401,2.0501,1.9874,0.0396
2025-10-31T08:00:00Z,ANK2,G15,69.866,183.717,1.064612,1.064885,2.1158,0.0422,2.158,1.9874,0.0396
2025-10-31T08:00:00Z,ANK2,G16,76.528,183.348,1.028005,1.028171,2.0431,0.0407,2.0838,1.9874,0.0396
2025-10-31T08:00:00Z,ANK2,G16,38.894,7.333,1.589092,1.59114,3.1582,0.063,3.2212,1.9874,0.0396
2025-10-31T09:00:00Z,ANK2,Q19,10.474,6.986,5.322037,5.422264,10.5775,0.2239,10.8015,1.9875,0.0412999999999999
2025-10-31T09:00:00Z,ANK2,G06,78.077,145.496,1.021796,1.021941,2.0308,0.0422,2.073,1.9875,0.0412999999999999
2025-10-31T09:00:00Z,ANK2,Q03,15.332,193.135,3.723844,3.756849,7.4011,0.1552,7.5563,1.9875,0.0412999999999999
2025-10-31T09:00:00Z,ANK2,G31,43.819,165.437,1.441801,1.443219,2.8656,0.0596,2.9252,1.9875,0.0412999999999999
2025-10-31T09:00:00Z,ANK2,G16,25.553,346.325,2.305597,2.312858,4.5824,0.0955,4.6779,1.9875,0.0412999999999999
2025-10-31T09:00:00Z,ANK2,G08,49.284,254.462,1.317641,1.31862,2.6188,0.0545,2.6733,1.9875,0.0412999999999999
2025-10-31T09:00:00Z,ANK2,G03,31.017,358.441,1.933516,1.93758,3.8429,0.08,3.9229,1.9875,0.0412999999999999
2025-10-31T09:00:00Z,ANK2,Q14,74.5,106.222,1.037398,1.037594,2.0618,0.0429,2.1047,1.9875,0.0412999999999999
2025-10-31T09:00:00Z,ANK2,G24,39.727,284.059,1.561271,1.56319,3.103,0.0646,3.1676,1.9875,0.0412999999999999
2025-10-31T09:00:00Z,ANK2,G32,57.907,200.001,1.179383,1.179955,2.344,0.0487,2.3928,1.9875,0.0412999999999999
2025-10-31T09:00:00Z,ANK2,G18,28.666,220.234,2.075606,2.080754,4.1253,0.0859,4.2112,1.9875,0.0412999999999999
2025-10-31T09:00:00Z,ANK2,G27,30.985,270.389,1.935331,1.939407,3.8465,0.0801,3.9266,1.9875,0.0412999999999999
2025-10-31T09:00:00Z,ANK2,G29,48.936,68.422,1.324562,1.325563,2.6326,0.0547,2.6873,1.9875,0.0412999999999999
2025-10-31T09:00:00Z,ANK2,Q06,18.811,22.185,3.069536,3.087585,6.1007,0.1275,6.2282,1.9875,0.0412999999999999
2025-10-31T09:00:00Z,ANK2,G31,76.346,161.57,1.02879,1.028958,2.0447,0.0425,2.0872,1.9875,0.0412999999999999
2025-10-31T09:00:00Z,ANK2,G18,23.125,72.895,2.529027,2.538804,5.0264,0.1049,5.1313,1.9875,0.0412999999999999
2025-10-31T09:00:00Z,ANK2,G14,17.677,251.737,3.255038,3.276731,6.4694,0.1353,6.6047,1.9875,0.0412999999999999
2025-10-31T09:00:00Z,ANK2,G09,25.379,128.409,2.320179,2.32759,4.6114,0.0961,4.7075,1.9875,0.0412999999999999
2025-10-31T09:00:00Z,ANK2,G24,70.467,161.767,1.060606,1.060868,2.108,0.0438,2.1518,1.9875,0.0412999999999999
2025-10-31T09:00:00Z,ANK2,G32,17.936,40.855,3.210642,3.231422,6.3812,0.1335,6.5146,1.9875,0.0412999999999999
2025-10-31T09:00:00Z,ANK2,Q23,56.082,204.318,1.20394,1.204578,2.3928,0.0497,2.4426,1.9875,0.0412999999999999
2025-10-31T09:00:00Z,ANK2,G02,65.964,66.789,1.094335,1.094685,2.175,0.0452,2.2202,1.9875,0.0412999999999999
2025-10-31T10:00:00Z,ANK2,G24,67.975,183.166,1.078188,1.078497,2.1429,0.0454,2.1883,1.9875,0.0421
2025-10-31T10:00:00Z,ANK2,G17,15.037,258.482,3.79268,3.827621,7.538,0.1611,7.6991,1.9875,0.0421
2025-10-31T10:00:00Z,ANK2,G27,22.89,94.803,2.553226,2.563305,5.0745,0.1079,5.1825,1.9875,0.0421
2025-10-31T10:00:00Z,ANK2,G30,38.823,307.616,1.591507,1.593566,3.1631,0.0671,3.2302,1.9875,0.0421
2025-10-31T10:00:00Z,ANK2,G22,75.112,7.483,1.034412,1.034599,2.0559,0.0436,2.0995,1.9875,0.0421
2025-10-31T10:00:00Z,ANK2,Q23,50.275,70.478,1.298583,1.2995,2.5809,0.0547,2.6356,1.9875,0.0421
2025-10-31T10:00:00Z,ANK2,G17,59.148,288.072,1.163903,1.164433,2.3133,0.049,2.3623,1.9875,0.0421
2025-10-31T10:00:00Z,ANK2,Q11,68.726,122.493,1.072615,1.072908,2.1318,0.0452,2.177,1.9875,0.0421
2025-10-31T10:00:00Z,ANK2,Q14,72.109,53.94,1.050406,1.050639,2.0877,0.0442,2.1319,1.9875,0.0421
2025-10-31T10:00:00Z,ANK2,G16,45.721,67.232,1.39457,1.395812,2.7717,0.0588,2.8305,1.9875,0.0421
2025-10-31T10:00:00Z,ANK2,G24,69.481,2.645,1.067254,1.067534,2.1212,0.0449,2.1661,1.9875,0.0421
2025-10-31T10:00:00Z,ANK2,G01,66.77,127.931,1.08764,1.087973,2.1617,0.0458,2.2075,1.9875,0.0421
2025-10-31T10:00:00Z,ANK2,G07,84.869,221.586,1.003919,1.003979,1.9953,0.0423,2.0376,1.9875,0.0421
2025-10-31T10:00:00Z,ANK2,G05,45.888,46.713,1.39064,1.391868,2.7639,0.0586,2.8225,1.9875,0.0421
2025-10-31T10:00:00Z,ANK2,G13,70.519,322.778,1.060267,1.060528,2.1073,0.0446,2.1519,1.9875,0.0421
2025-10-31T10:00:00Z,ANK2,G18,74.686,56.259,1.036478,1.036671,2.06,0.0436,2.1036,1.9875,0.0421
2025-10-31T10:00:00Z,ANK2,G06,25.87,327.526,2.279554,2.286553,4.5306,0.0963,4.6269,1.9875,0.0421
2025-10-31T10:00:00Z,ANK2,G12,13.155,77.9,4.3024,4.354107,8.551,0.1833,8.7343,1.9875,0.0421
2025-10-31T10:00:00Z,ANK2,G25,40.356,357.94,1.541117,1.542945,3.063,0.065,3.1279,1.9875,0.0421
2025-10-31T10:00:00Z,ANK2,G31,74.255,217.71,1.038634,1.038834,2.0643,0.0437,2.108,1.9875,0.0421
2025-10-31T10:00:00Z,ANK2,Q01,31.683,30.364,1.897307,1.901119,3.7709,0.08,3.8509,1.9875,0.0421
2025-10-31T10:00:00Z,ANK2,G21,62.501,23.5,1.126618,1.127051,2.2392,0.0474,2.2866,1.9875,0.0421
2025-10-31T11:00:00Z,ANK2,G17,69.853,142.904,1.0647,1.064973,2.1161,0.0452,2.1612,1.9875,0.0424
2025-10-31T11:00:00Z,ANK2,G22,29.394,296.726,2.029059,2.033834,4.0328,0.0862,4.119,1.9875,0.0424
2025-10-31T11:00:00Z,ANK2,Q03,71.48,198.299,1.054187,1.054431,2.0952,0.0447,2.1399,1.9875,0.0424
2025-10-31T11:00:00Z,ANK2,G09,10.23,222.674,5.439438,5.546732,10.8109,0.2352,11.0461,1.9875,0.0424
2025-10-31T11:00:00Z,ANK2,Q01,56.476,21.21,1.198451,1.199075,2.3819,0.0508,2.4328,1.9875,0.0424
2025-10-31T11:00:00Z,ANK2,G31,80.107,72.559,1.014889,1.015007,2.0171,0.043,2.0601,1.9875,0.0424
2025-10-31T11:00:00Z,ANK2,G01,69.089,198.347,1.070004,1.070291,2.1266,0.0454,2.172,1.9875,0.0424
2025-10-31T11:00:00Z,ANK2,G26,74.023,21.168,1.039828,1.040031,2.0667,0.0441,2.1108,1.9875,0.0424
2025-10-31T11:00:00Z,ANK2,G23,70.87,299.635,1.058007,1.058262,2.1028,0.0449,2.1477,1.9875,0.0424
2025-10-31T11:00:00Z,ANK2,G14,19.557,65.845,2.959074,2.975159,5.8812,0.1261,6.0073,1.9875,0.0424
2025-10-31T11:00:00Z,ANK2,G02,19.346,24.605,2.989494,3.006105,5.9416,0.1275,6.0691,1.9875,0.0424
2025-10-31T11:00:00Z,ANK2,G10,52.641,236.143,1.256721,1.25751,2.4977,0.0533,2.5511,1.9875,0.0424
2025-10-31T11:00:00Z,ANK2,Q29,27.572,18.703,2.150318,2.156103,4.2738,0.0914,4.3652,1.9875,0.0424
2025-10-31T11:00:00Z,ANK2,G04,64.766,321.293,1.104834,1.105211,2.1959,0.0469,2.2427,1.9875,0.0424
2025-10-31T11:00:00Z,ANK2,G13,81.223,248.959,1.011669,1.011773,2.0107,0.0429,2.0536,1.9875,0.0424
2025-10-31T11:00:00Z,ANK2,G17,67.453,342.792,1.082208,1.082527,2.1509,0.0459,2.1968,1.9875,0.0424
2025-10-31T11:00:00Z,ANK2,G03,75.788,112.999,1.031263,1.03144,2.0496,0.0437,2.0934,1.9875,0.0424
2025-10-31T11:00:00Z,ANK2,G06,48.969,175.017,1.323892,1.324891,2.6312,0.0562,2.6874,1.9875,0.0424
2025-10-31T12:00:00Z,ANK2,G19,22.727,55.528,2.570288,2.580584,5.1084,0.1259,5.2344,1.9875,0.0487999999999999
2025-10-31T12:00:00Z,ANK2,G21,64.27,259.251,1.109388,1.109776,2.2049,0.0542,2.2591,1.9875,0.0487999999999999
2025-10-31T12:00:00Z,ANK2,G02,24.643,209.52,2.384093,2.392184,4.7384,0.1167,4.8551,1.9875,0.0487999999999999
2025-10-31T12:00:00Z,ANK2,G23,77.221,72.366,1.025124,1.025281,2.0374,0.05,2.0875,1.9875,0.0487999999999999
2025-10-31T12:00:00Z,ANK2,G24,11.966,273.706,4.702342,4.770503,9.3459,0.2328,9.5787,1.9875,0.0487999999999999
2025-10-31T12:00:00Z,ANK2,G08,49.15,186.815,1.320288,1.321275,2.6241,0.0645,2.6886,1.9875,0.0487999999999999
2025-10-31T12:00:00Z,ANK2,G05,34.008,235.222,1.78254,1.785619,3.5428,0.0871,3.6299,1.9875,0.0487999999999999
2025-10-31T12:00:00Z,ANK2,Q21,26.881,129.362,2.200791,2.207032,4.3741,0.1077,4.4818,1.9875,0.0487999999999999
2025-10-31T12:00:00Z,ANK2,G09,45.37,158.075,1.402941,1.404213,2.7883,0.0685,2.8569,1.9875,0.0487999999999999
2025-10-31T12:00:00Z,ANK2,Q31,73.151,64.923,1.044473,1.044689,2.0759,0.051,2.1269,1.9875,0.0487999999999999
2025-10-31T12:00:00Z,ANK2,G25,78.646,272.346,1.019723,1.01986,2.0267,0.0498,2.0765,1.9875,0.0487999999999999
2025-10-31T12:00:00Z,ANK2,G31,32.744,56.524,1.842793,1.846244,3.6626,0.0901,3.7526,1.9875,0.0487999999999999
2025-10-31T12:00:00Z,ANK2,G16,11.048,49.718,5.065507,5.151425,10.0677,0.2514,10.3191,1.9875,0.0487999999999999
2025-10-31T12:00:00Z,ANK2,G16,10.168,85.27,5.469957,5.579143,10.8715,0.2723,11.1438,1.9875,0.0487999999999999
2025-10-31T12:00:00Z,ANK2,G10,48.3,10.74,1.337523,1.338566,2.6583,0.0653,2.7236,1.9875,0.0487999999999999
2025-10-31T12:00:00Z,ANK2,G18,32.872,110.926,1.836466,1.839878,3.65,0.0898,3.7398,1.9875,0.0487999999999999
2025-10-31T12:00:00Z,ANK2,G24,23.523,324.704,2.489188,2.498481,4.9473,0.1219,5.0692,1.9875,0.0487999999999999
2025-10-31T12:00:00Z,ANK2,Q01,56.02,299.29,1.204821,1.205462,2.3946,0.0588,2.4534,1.9875,0.0487999999999999
2025-10-31T12:00:00Z,ANK2,Q05,27.133,133.921,2.182089,2.188158,4.3369,0.1068,4.4437,1.9875,0.0487999999999999
2025-10-31T12:00:00Z,ANK2,G27,54.416,207.3,1.228386,1.229093,2.4414,0.06,2.5014,1.9875,0.0487999999999999
2025-10-31T12:00:00Z,ANK2,G19,38.445,204.25,1.604621,1.606743,3.1892,0.0784,3.2676,1.9875,0.0487999999999999
2025-10-31T12:00:00Z,ANK2,G32,24.006,298.346,2.442673,2.45142,4.8548,0.1196,4.9744,1.9875,0.0487999999999999
2025-10-31T13:00:00Z,ANK2,G21,59.534,62.97,1.159283,1.159801,2.3041,0.055,2.359,1.9875,0.0474
2025-10-31T13:00:00Z,ANK2,G11,49.598,54.471,1.311486,1.312445,2.6066,0.0622,2.6688,1.9875,0.0474
2025-10-31T13:00:00Z,ANK2,G25,35.071,59.591,1.735481,1.738286,3.4493,0.0824,3.5317,1.9875,0.0474
2025-10-31T13:00:00Z,ANK2,G06,21.173,237.07,2.746298,2.759007,5.4583,0.1308,5.589,1.9875,0.0474
2025-10-31T13:00:00Z,ANK2,Q04,53.805,357.082,1.23786,1.238595,2.4602,0.0587,2.519,1.9875,0.0474
2025-10-31T13:00:00Z,ANK2,G25,13.371,84.771,4.237084,4.286391,8.4212,0.2032,8.6244,1.9875,0.0474
2025-10-31T13:00:00Z,ANK2,G10,71.838,326.022,1.052019,1.052258,2.0909,0.0499,2.1408,1.9875,0.0474
2025-10-31T13:00:00Z,ANK2,G25,41.568,100.302,1.50421,1.505879,2.9896,0.0714,3.061,1.9875,0.0474
2025-10-31T13:00:00Z,ANK2,G18,41.107,233.244,1.51798,1.519708,3.017,0.072,3.089,1.9875,0.0474
2025-10-31T13:00:00Z,ANK2,Q32,34.538,14.58,1.758682,1.761621,3.4954,0.0835,3.5789,1.9875,0.0474
2025-10-31T13:00:00Z,ANK2,G17,82.702,178.435,1.008019,1.008105,2.0034,0.0478,2.0512,1.9875,0.0474
2025-10-31T13:00:00Z,ANK2,G28,84.71,47.032,1.004171,1.004233,1.9958,0.0476,2.0434,1.9875,0.0474
2025-10-31T13:00:00Z,ANK2,G27,18.041,143.091,3.193041,3.213467,6.3462,0.1523,6.4985,1.9875,0.0474
2025-10-31T13:00:00Z,ANK2,G08,30.354,148.196,1.971261,1.975598,3.9179,0.0936,4.0115,1.9875,0.0474
2025-10-31T13:00:00Z,ANK2,G32,36.82,67.578,1.664377,1.666797,3.3079,0.079,3.387,1.9875,0.0474
2025-10-31T13:00:00Z,ANK2,G18,45.919,272.271,1.389928,1.391152,2.7625,0.0659,2.8284,1.9875,0.0474
2025-10-31T13:00:00Z,ANK2,G22,47.043,115.704,1.364383,1.365518,2.7117,0.0647,2.7764,1.9875,0.0474
2025-10-31T13:00:00Z,ANK2,G25,74.215,212.035,1.038841,1.039041,2.0647,0.0493,2.1139,1.9875,0.0474
2025-10-31T13:00:00Z,ANK2,Q21,67.792,185.663,1.079582,1.079894,2.1457,0.0512,2.1969,1.9875,0.0474
2025-10-31T13:00:00Z,ANK2,G11,11.414,315.874,4.914242,4.99242,9.7671,0.2366,10.0037,1.9875,0.0474
2025-10-31T13:00:00Z,ANK2,G20,44.127,43.925,1.433848,1.435235,2.8498,0.068,2.9178,1.9875,0.0474
2025-10-31T13:00:00Z,ANK2,G21,56.356,41.135,1.200116,1.200745,2.3852,0.0569,2.4421,1.9875,0.0474
2025-10-31T13:00:00Z,ANK2,G28,44.53,108.115,1.42361,1.424958,2.8294,0.0675,2.897,1.9875,0.0474
2025-10-31T14:00:00Z,ANK2,G04,47.737,127.987,1.34934,1.350424,2.6818,0.0521,2.7339,1.9875,0.0386
2025-10-31T14:00:00Z,ANK2,G06,16.754,98.956,3.424248,3.449662,6.8057,0.1332,6.9389,1.9875,0.0386
2025-10-31T14:00:00Z,ANK2,G19,59.966,352.805,1.154212,1.154716,2.294,0.0446,2.3386,1.9875,0.0386
2025-10-31T14:00:00Z,ANK2,G22,74.927,90.81,1.035302,1.035492,2.0577,0.04,2.0976,1.9875,0.0386
2025-10-31T14:00:00Z,ANK2,G32,20.607,261.255,2.817018,2.830792,5.5988,0.1093,5.7081,1.9875,0.0386
2025-10-31T14:00:00Z,ANK2,G25,37.458,102.153,1.640236,1.642533,3.26,0.0634,3.3234,1.9875,0.0386
2025-10-31T14:00:00Z,ANK2,Q07,13.65,25.376,4.155347,4.201759,8.2588,0.1622,8.4209,1.9875,0.0386
2025-10-31T14:00:00Z,ANK2,G02,12.222,245.98,4.609852,4.673929,9.1621,0.1804,9.3425,1.9875,0.0386
2025-10-31T14:00:00Z,ANK2,G21,84.224,0.587,1.004985,1.005052,1.9974,0.0388,2.0362,1.9875,0.0386
2025-10-31T14:00:00Z,ANK2,G18,47.01,243.269,1.365109,1.366247,2.7132,0.0527,2.7659,1.9875,0.0386
2025-10-31T15:00:00Z,ANK2,G19,32.758,305.949,1.84207,1.845517,3.6611,0.0631,3.7242,1.9875,0.0342
2025-10-31T15:00:00Z,ANK2,Q31,75.726,353.254,1.031546,1.031724,2.0502,0.0353,2.0855,1.9875,0.0342
2025-10-31T15:00:00Z,ANK2,G28,22.206,241.926,2.626546,2.637577,5.2203,0.0902,5.3105,1.9875,0.0342
2025-10-31T15:00:00Z,ANK2,G29,37.315,276.862,1.64558,1.647904,3.2706,0.0564,3.3269,1.9875,0.0342
2025-10-31T15:00:00Z,ANK2,G07,73.65,182.073,1.041779,1.041988,2.0705,0.0356,2.1062,1.9875,0.0342
2025-10-31T15:00:00Z,ANK2,G23,24.298,328.585,2.415417,2.423854,4.8006,0.0829,4.8835,1.9875,0.0342
2025-10-31T15:00:00Z,ANK2,G04,71.603,231.753,1.053437,1.053679,2.0937,0.036,2.1297,1.9875,0.0342
2025-10-31T15:00:00Z,ANK2,Q04,15.93,318.079,3.591441,3.620928,7.138,0.1238,7.2618,1.9875,0.0342
2025-10-31T15:00:00Z,ANK2,Q32,46.692,84.763,1.372201,1.373363,2.7273,0.047,2.7742,1.9875,0.0342
2025-10-31T15:00:00Z,ANK2,G05,15.65,178.826,3.652235,3.683304,7.2588,0.126,7.3848,1.9875,0.0342
2025-10-31T15:00:00Z,ANK2,G28,60.843,262.735,1.144264,1.144743,2.2742,0.0392,2.3134,1.9875,0.0342
2025-10-31T15:00:00Z,ANK2,G14,69.295,72.98,1.068551,1.068835,2.1237,0.0366,2.1603,1.9875,0.0342
2025-10-31T16:00:00Z,ANK2,G32,60.638,337.9,1.146551,1.147036,2.2788,0.0439,2.3227,1.9875,0.0382999999999999
2025-10-31T16:00:00Z,ANK2,G08,45.026,229.893,1.411286,1.412589,2.8049,0.0541,2.859,1.9875,0.0382999999999999
2025-10-31T16:00:00Z,ANK2,G18,34.235,323.856,1.772235,1.775252,3.5223,0.068,3.5903,1.9875,0.0382999999999999
2025-10-31T16:00:00Z,ANK2,G07,31.508,39.338,1.906655,1.910531,3.7895,0.0732,3.8627,1.9875,0.0382999999999999
2025-10-31T16:00:00Z,ANK2,G04,20.202,224.226,2.87009,2.884699,5.7043,0.1105,5.8148,1.9875,0.0382999999999999
2025-10-31T16:00:00Z,ANK2,G01,51.199,305.806,1.28165,1.282515,2.5473,0.0491,2.5964,1.9875,0.0382999999999999
2025-10-31T16:00:00Z,ANK2,G01,43.495,119.131,1.450343,1.451794,2.8826,0.0556,2.9382,1.9875,0.0382999999999999
2025-10-31T16:00:00Z,ANK2,G16,48.414,70.252,1.33516,1.336196,2.6536,0.0512,2.7048,1.9875,0.0382999999999999
2025-10-31T16:00:00Z,ANK2,G14,26.152,95.408,2.256979,2.263754,4.4857,0.0867,4.5724,1.9875,0.0382999999999999
2025-10-31T17:00:00Z,ANK2,G13,30.47,45.447,1.964513,1.968799,3.9045,0.0597,3.9641,1.9875,0.0303
2025-10-31T17:00:00Z,ANK2,Q28,84.61,44.802,1.004332,1.004394,1.9961,0.0304,2.0265,1.9875,0.0303
2025-10-31T17:00:00Z,ANK2,G23,78.88,150.024,1.018901,1.019035,2.0251,0.0309,2.0559,1.9875,0.0303
2025-10-31T17:00:00Z,ANK2,G09,26.131,313.234,2.258653,2.265445,4.4891,0.0686,4.5577,1.9875,0.0303
2025-10-31T17:00:00Z,ANK2,G22,33.25,317.551,1.818064,1.82136,3.6134,0.0552,3.6686,1.9875,0.0303
2025-10-31T17:00:00Z,ANK2,G06,44.778,38.652,1.417413,1.418738,2.8171,0.043,2.8601,1.9875,0.0303
2025-10-31T17:00:00Z,ANK2,G15,73.331,206.747,1.043492,1.043706,2.0739,0.0316,2.1056,1.9875,0.0303
2025-10-31T17:00:00Z,ANK2,G10,70.198,56.043,1.062379,1.062646,2.1115,0.0322,2.1437,1.9875,0.0303
2025-10-31T18:00:00Z,ANK2,G02,31.093,125.233,1.929288,1.933322,3.8345,0.0692,3.9037,1.9875,0.0358
2025-10-31T18:00:00Z,ANK2,G03,59.509,102.783,1.159581,1.1601,2.3047,0.0415,2.3462,1.9875,0.0358
2025-10-31T18:00:00Z,ANK2,G12,20.671,163.11,2.808843,2.822491,5.5826,0.101,5.6836,1.9875,0.0358
2025-10-31T18:00:00Z,ANK2,Q16,18.352,308.367,3.141848,3.161265,6.2444,0.1132,6.3576,1.9875,0.0358
2025-10-31T18:00:00Z,ANK2,G26,19.929,262.294,2.907072,2.922284,5.7778,0.1046,5.8824,1.9875,0.0358
2025-10-31T18:00:00Z,ANK2,G15,15.816,169.785,3.615866,3.645982,7.1865,0.1305,7.3171,1.9875,0.0358
2025-10-31T18:00:00Z,ANK2,G08,75.598,88.043,1.032133,1.032313,2.0514,0.037,2.0883,1.9875,0.0358
2025-10-31T18:00:00Z,ANK2,G09,80.809,261.726,1.012817,1.012926,2.013,0.0363,2.0492,1.9875,0.0358
2025-10-31T18:00:00Z,ANK2,G20,13.492,307.63,4.201157,4.249177,8.3498,0.1521,8.5019,1.9875,0.0358
2025-10-31T18:00:00Z,ANK2,G14,67.005,143.982,1.085744,1.086072,2.1579,0.0389,2.1968,1.9875,0.0358
2025-10-31T18:00:00Z,ANK2,G29,65.286,240.691,1.100188,1.100554,2.1866,0.0394,2.226,1.9875,0.0358
2025-10-31T18:00:00Z,ANK2,G15,84.768,144.076,1.004078,1.004138,1.9956,0.0359,2.0316,1.9875,0.0358
2025-10-31T19:00:00Z,ANK2,G08,24.534,121.179,2.393866,2.402064,4.7578,0.1011,4.8589,1.9875,0.0421
2025-10-31T19:00:00Z,ANK2,G02,35.857,289.54,1.702564,1.705186,3.3838,0.0718,3.4556,1.9875,0.0421
2025-10-31T19:00:00Z,ANK2,G17,54.278,93.343,1.230499,1.231212,2.4456,0.0518,2.4975,1.9875,0.0421
2025-10-31T19:00:00Z,ANK2,G15,47.996,217.864,1.34386,1.344925,2.6709,0.0566,2.7275,1.9875,0.0421
2025-10-31T19:00:00Z,ANK2,G19,21.146,147.611,2.749567,2.762324,5.4648,0.1163,5.5811,1.9875,0.0421
2025-10-31T19:00:00Z,ANK2,G20,43.51,113.926,1.449946,1.451396,2.8818,0.0611,2.9429,1.9875,0.0421
2025-10-31T19:00:00Z,ANK2,G13,50.73,329.807,1.290146,1.291037,2.5642,0.0544,2.6185,1.9875,0.0421
2025-10-31T19:00:00Z,ANK2,G28,30.05,123.574,1.989158,1.993627,3.9535,0.0839,4.0374,1.9875,0.0421
2025-10-31T19:00:00Z,ANK2,G30,55.933,85.203,1.206039,1.206684,2.397,0.0508,2.4478,1.9875,0.0421
2025-10-31T19:00:00Z,ANK2,G04,15.262,327.348,3.739877,3.773327,7.433,0.1589,7.5919,1.9875,0.0421
2025-10-31T20:00:00Z,ANK2,G07,49.735,182.637,1.308846,1.309796,2.6013,0.05,2.6514,1.9875,0.0382
2025-10-31T20:00:00Z,ANK2,G23,37.308,157.827,1.645823,1.648148,3.2711,0.063,3.334,1.9875,0.0382
2025-10-31T20:00:00Z,ANK2,G24,46.19,98.096,1.383625,1.384828,2.75,0.0529,2.8029,1.9875,0.0382
2025-10-31T20:00:00Z,ANK2,G12,79.309,237.174,1.01744,1.017568,2.0222,0.0389,2.061,1.9875,0.0382
2025-10-31T20:00:00Z,ANK2,G05,50.867,205.072,1.287645,1.288529,2.5592,0.0492,2.6084,1.9875,0.0382
2025-10-31T20:00:00Z,ANK2,G05,41.134,77.164,1.517151,1.518875,3.0153,0.058,3.0734,1.9875,0.0382
2025-10-31T20:00:00Z,ANK2,Q22,84.208,255.389,1.005014,1.005081,1.9975,0.0384,2.0359,1.9875,0.0382
2025-10-31T20:00:00Z,ANK2,Q15,14.891,231.871,3.827805,3.863762,7.6078,0.1476,7.7554,1.9875,0.0382
2025-10-31T20:00:00Z,ANK2,G16,79.909,143.04,1.015504,1.015624,2.0183,0.0388,2.0571,1.9875,0.0382
2025-10-31T20:00:00Z,ANK2,Q27,47.625,1.584,1.351739,1.352831,2.6866,0.0517,2.7383,1.9875,0.0382
2025-10-31T20:00:00Z,ANK2,Q01,47.782,160.769,1.348387,1.349467,2.6799,0.0515,2.7315,1.9875,0.0382
2025-10-31T20:00:00Z,ANK2,G25,79.147,2.181,1.017984,1.018114,2.0232,0.0389,2.0621,1.9875,0.0382
2025-10-31T21:00:00Z,ANK2,G12,81.654,16.583,1.010533,1.010631,2.0084,0.0391,2.0475,1.9875,0.0387
2025-10-31T21:00:00Z,ANK2,G23,33.687,166.547,1.797358,1.800527,3.5722,0.0697,3.6419,1.9875,0.0387
2025-10-31T21:00:00Z,ANK2,Q15,23.609,293.319,2.480785,2.489978,4.9306,0.0964,5.0269,1.9875,0.0387
2025-10-31T21:00:00Z,ANK2,G09,24.065,262.686,2.437126,2.44581,4.8438,0.0947,4.9384,1.9875,0.0387
2025-10-31T21:00:00Z,ANK2,G16,45.941,147.096,1.389411,1.390634,2.7615,0.0538,2.8153,1.9875,0.0387
2025-10-31T21:00:00Z,ANK2,G22,73.199,214.093,1.044214,1.04443,2.0754,0.0404,2.1158,1.9875,0.0387
2025-10-31T21:00:00Z,ANK2,G13,66.85,157.049,1.086993,1.087325,2.1604,0.0421,2.2025,1.9875,0.0387
2025-10-31T21:00:00Z,ANK2,G23,42.764,208.446,1.470126,1.471656,2.9219,0.057,2.9788,1.9875,0.0387
2025-10-31T21:00:00Z,ANK2,G32,25.655,186.302,2.297189,2.304364,4.5657,0.0892,4.6548,1.9875,0.0387
2025-10-31T22:00:00Z,ANK2,G05,40.163,297.557,1.547238,1.549094,3.0751,0.0692,3.1444,1.9875,0.0447
2025-10-31T22:00:00Z,ANK2,G31,23.419,26.53,2.499466,2.508883,4.9677,0.1121,5.0798,1.9875,0.0447
2025-10-31T22:00:00Z,ANK2,G17,41.049,3.871,1.51972,1.521455,3.0204,0.068,3.0885,1.9875,0.0447
2025-10-31T22:00:00Z,ANK2,G15,69.011,44.269,1.070561,1.07085,2.1277,0.0479,2.1756,1.9875,0.0447
2025-10-31T22:00:00Z,ANK2,G22,78.173,56.163,1.021439,1.021583,2.0301,0.0457,2.0758,1.9875,0.0447
2025-10-31T22:00:00Z,ANK2,G21,54.521,316.414,1.226779,1.227481,2.4382,0.0549,2.4931,1.9875,0.0447
2025-10-31T22:00:00Z,ANK2,G20,32.453,152.993,1.857363,1.860909,3.6915,0.0832,3.7747,1.9875,0.0447
2025-10-31T22:00:00Z,ANK2,G01,61.172,98.975,1.140643,1.141113,2.267,0.051,2.318,1.9875,0.0447
2025-10-31T22:00:00Z,ANK2,G18,65.511,154.467,1.098223,1.098583,2.1827,0.0491,2.2318,1.9875,0.0447
2025-10-31T22:00:00Z,ANK2,G09,34.916,142.143,1.742134,1.744977,3.4625,0.078,3.5405,1.9875,0.0447
