time_utc,station,reflector,L_m,dt_res_s,distance_km_geom
2007-06-22T02:46:05Z,APOL,apollo11,0.0003944455876812365,1.31572885559795e-12,
2007-12-03T13:05:30Z,APOL,apollo11,0.00039489938128595603,1.3172425481295998e-12,20.0
2008-02-18T06:44:55Z,APOL,apollo11,0.0003673701824500171,1.2254150251172e-12,20.0
2008-02-18T06:55:35Z,APOL,apollo11,0.00036749524122431414,1.2258321762861498e-12,20.0
2008-02-18T07:02:55Z,APOL,apollo11,0.0003675862426999885,1.2261357245350999e-12,20.0
2009-03-13T07:44:15Z,APOL,apollo11,0.00037772387089254385,1.25995121229015e-12,20.0
2009-03-16T12:34:30Z,APOL,apollo11,0.0003937669781785095,1.31346525795025e-12,20.0
2009-03-16T13:00:05Z,APOL,apollo11,0.000394030948679944,1.31434576876495e-12,20.0
2009-03-19T12:36:30Z,APOL,apollo11,0.00039963897163635293,1.3330521197980001e-12,20.0
